# Medžuslovjansky - inflected forms, standard orthography.
# GENERATED by build_keyman_wordlist.py - do not edit.
# source: main_isv.combined (f >= 100)
i	255
da	243
dlja	243
ne	243
iz	238
s	237
so	237
ja	233
do	232
čto	225
by	223
od	222
mi	222
na	220
my	219
tuto	218
bez	218
mně	217
nas	216
on	216
u	216
bylo	215
ty	214
za	213
už	213
uže	213
jih	212
o	212
ob	212
jego	211
go	211
ili	210
v	210
vo	210
dva	210
ako	210
čas	209
kto	209
poslě	207
kogda	207
kogdy	207
bolje	207
koj	206
kak	206
kako	206
tak	205
tako	205
se	205
vsi	204
jestli	204
že	204
ona	204
vse	204
je	203
jest	203
vas	203
denj	202
ktory	202
god	202
vrěme	202
moj	201
nam	201
toliko	201
či	200
li	200
iže	200
bude	199
tam	199
pa	199
me	198
ljudi	198
strany	198
kde	198
gody	198
si	197
vsečto	197
svoj	196
jedin	196
rok	196
sut	196
vam	195
tri	195
samo	195
dokonce	195
dnja	195
sego	195
prvy	194
vy	194
nad	194
tomu	193
naš	193
le	193
sejčas	192
něčto	192
novy	192
tym	191
čim	191
budut	191
veljmi	191
ono	191
čego	191
čem	191
čemu	191
navet	191
a	191
te	191
nu	190
to	190
syn	190
togda	190
togdy	190
jej	190
nikogda	189
nikogdy	189
tož	189
daže	189
tutčas	189
než	189
člověk	189
byti	188
ovde	188
dnes	188
každy	188
ramkah	188
pravo	188
koliko	187
vyše	187
ju	187
mu	187
SŠA	187
može	186
tečenju	186
ješče	186
segda	186
segdy	186
svět	186
tutdenj	186
vtogda	186
vtogdy	186
pro	185
nema	185
vrěmene	185
časa	185
ravno	185
měsec	185
raz	185
abo	185
sam	185
izdělati	185
sej	184
začto	184
času	184
bog	184
sobě	184
děti	184
prěd	184
ničto	184
mene	183
aby	183
mnoju	183
nami	183
pěnezy	183
ime	183
až	183
lučše	183
jer	182
često	182
plan	182
vkupě	182
sde	182
tebe	182
ti	182
toboju	182
tobě	182
vami	182
nikto	182
goda	182
sud	181
pri	181
život	181
kaky	181
vsegda	181
vsegdy	181
tu	181
brat	180
tut	180
myslim	180
myslju	180
domov	180
dělo	180
slovo	179
sistema	179
no	179
velje	179
film	179
doma	179
dobro	179
noč	179
itak	179
dvoh	179
dvom	179
dvoma	179
dvě	179
ni	178
mnogo	178
najmnogo	178
vojna	178
potom	178
seliko	178
voda	178
dopoka	178
zato	178
časah	178
časam	178
časami	178
čase	178
časom	178
časov	178
časy	178
živo	178
jemu	178
dolgo	178
grad	178
sezon	178
skupina	178
lěpje	177
klub	177
četyri	177
dobry	177
tokratno	177
žena	177
medžu	177
toj	177
k	177
ko	177
problem	177
veče	177
trěba	177
dalje	176
roka	176
natoliko	176
mama	176
ovogda	176
ovogdy	176
prezident	176
konec	176
jim	175
pet	175
muzika	175
koja	175
koje	175
kojego	175
kojej	175
kojeju	175
kojem	175
kojemu	175
koji	175
kojih	175
kojim	175
kojimi	175
koju	175
najbolje	175
inočto	175
najvyše	175
vprvo	175
ale	175
igra	175
sedm	175
ovaky	175
dostup	175
pomočju	174
sport	174
vměstu	174
jednoj	174
čislo	174
sebe	174
soboju	174
domu	174
pravda	174
vopros	174
menje	174
historija	174
svezi	174
vtoro	173
general	173
čest	173
skoro	173
podčas	173
jedno	173
poslědnji	173
poslědny	173
muzej	173
pozdno	173
drugoj	173
rěč	173
stary	173
vaš	173
kralj	173
muž	173
morje	173
prosim	173
kultura	172
pozdněje	172
tutoj	172
kakoby	172
pěsnja	172
věd	172
krok	172
dnah	172
dnam	172
dnami	172
dne	172
dnem	172
dnev	172
dni	172
dnjah	172
dnjam	172
dnjami	172
dnje	172
dnjem	172
dnjev	172
dnju	172
ktora	172
ktore	172
ktori	172
ktoro	172
ktorogo	172
ktoroj	172
ktoroju	172
ktorom	172
ktoromu	172
ktoru	172
ktoryh	172
ktorym	172
ktorymi	172
večinjstvo	172
vsakčas	172
video	172
prošu	171
godah	171
godam	171
godami	171
gode	171
godom	171
godov	171
godu	171
album	171
blagodare	171
vrěmen	171
vrěmena	171
vrěmenah	171
vrěmenam	171
vrěmenami	171
vrěmenem	171
vrěmeni	171
vrěmenom	171
vrěmenu	171
jedino	171
kniga	171
pytanje	171
najdti	171
plus	171
Dobry	171
moja	171
moje	171
mojego	171
mojej	171
mojeju	171
mojem	171
mojemu	171
moji	171
mojih	171
mojim	171
mojimi	171
moju	171
Ne	171
največe	171
množinjstvo	171
smrt	171
jerbo	171
inokto	171
sěmja	171
napriklad	171
napriměr	171
takto	170
sto	170
dakle	170
radi	170
vně	170
takože	170
dati	170
škola	170
pod	170
broj	170
služba	170
forma	170
glas	170
někto	170
dane	170
tamto	170
kod	170
jegože	170
jejuže	170
jejže	170
jemuže	170
jemže	170
ježe	170
jihže	170
jimiže	170
jimže	170
juže	170
njegože	170
njejuže	170
njejže	170
njemuže	170
njemže	170
nježe	170
njihže	170
njimiže	170
njimže	170
njuže	170
ha	169
rano	169
Rosija	169
obdobje	169
Zemja	169
prědtym	169
snova	169
srdce	169
někaky	169
onoliko	169
stati	169
skorěje	169
otec	169
po	169
pričině	169
most	169
čtokoli	169
kamenj	169
doprva	169
ovoliko	168
prvo	168
seliky	168
ljudah	168
ljudam	168
ljudami	168
ljudij	168
šest	168
siljno	168
odgovor	168
avtor	168
obličje	168
daleko	168
bank	168
banka	168
gaz	168
žitje	168
pad	168
tema	168
imenu	168
ministr	168
věč	168
město	168
opet	168
včera	167
vsečego	167
vsečem	167
vsečemu	167
vsečim	167
vysoko	167
šou	167
nemalo	167
zaradi	167
najmě	167
kolikrat	167
sustav	167
lučši	167
mati	167
Stary	167
Svět	167
svoja	167
svoje	167
svojego	167
svojej	167
svojeju	167
svojem	167
svojemu	167
svoji	167
svojih	167
svojim	167
svojimi	167
svoju	167
jedna	167
jedne	167
jedni	167
jednogo	167
jednoju	167
jednom	167
jednomu	167
jednu	167
jednyh	167
jednym	167
jednymi	167
rokah	167
rokam	167
rokami	167
rokom	167
rokov	167
roku	167
roky	167
roče	167
klas	166
SSSR	166
lěto	166
prodaž	166
uravenj	166
inovrěmenno	166
inovrěmenny	166
meso	166
drugy	166
glava	166
vtory	166
umětnost	166
idti	166
rabotati	166
gazeta	166
trěh	166
trěm	166
trěmi	166
klasa	166
osm	166
medžutym	166
jihny	166
někako	166
směr	166
tretji	166
nazad	166
několiko	166
vsekto	166
byly	166
pracovati	166
dekujuči	165
večer	165
žiti	165
razov	165
serija	165
kompleks	165
prva	165
prve	165
prvi	165
prvogo	165
prvoj	165
prvoju	165
prvom	165
prvomu	165
prvu	165
prvyh	165
prvym	165
prvymi	165
telefon	165
kogo	165
sedmica	165
onogda	165
onogdy	165
ključ	165
budučnost	165
direktor	165
deset	165
vnimanje	165
groše	165
igrati	165
lěpši	165
medžučasno	165
duša	165
kupiti	165
mozg	165
projekt	164
tamo	164
proces	164
politika	164
zdravje	164
naša	164
naše	164
našego	164
našej	164
našeju	164
našem	164
našemu	164
naši	164
naših	164
našim	164
našimi	164
našu	164
dany	164
moment	164
mimo	164
početku	164
kromě	164
togo	164
model	164
situacija	164
zakon	164
pravy	164
běly	164
žalost	164
momentu	164
russky	164
tutom	164
zautra	163
programa	163
futbol	163
vnutri	163
najprvo	163
organizacija	163
vzeti	163
něčego	163
něčem	163
něčemu	163
něčim	163
nova	163
nove	163
novi	163
novo	163
novogo	163
novoj	163
novoju	163
novom	163
novomu	163
novu	163
novyh	163
novym	163
novymi	163
nověje	163
novějši	163
dom	163
soglasno	163
suglasno	163
načto	163
tekst	163
onako	163
dokolě	163
data	163
normaljno	163
nyně	163
tom	163
kogdakoli	163
kogdykoli	163
status	163
taky	163
okolo	163
kompanija	163
lično	163
tyseč	163
vměsto	163
zvuk	162
poběda	162
iměti	162
viděti	162
hot	162
hoti	162
oči	162
malogo	162
polje	162
super	162
amerikanjsky	162
dekuju	162
draga	162
člen	162
dvoje	162
jegov	162
kvestija	162
mysliti	162
uspěh	162
start	162
žaden	162
ataka	162
matč	162
parlament	162
republika	162
volja	162
šans	162
kanal	162
napravdu	162
radio	162
syna	162
synah	162
synam	162
synami	162
syne	162
syni	162
synom	162
synov	162
synu	162
Němcija	162
najmalo	162
najmenje	162
krug	161
solnce	161
vlast	161
Don	161
podolg	161
inogda	161
inogdy	161
možlivo	161
fond	161
veliky	161
Hvala	161
naskoro	161
možlivost	161
razom	161
policija	161
statija	161
ače	161
dost	161
tvoj	161
pisati	161
stol	161
ah	161
zatom	161
odkogda	161
odkogdy	161
država	161
prazdnik	161
pety	161
světlo	161
ovako	161
strana	161
světa	161
profesor	161
nož	160
blizko	160
koliky	160
mlady	160
člověka	160
člověkom	160
člověku	160
člověče	160
članok	160
cěna	160
govori	160
jednakože	160
jednakže	160
ov	160
krov	160
ljubov	160
čestěje	160
bud	160
budemo	160
budete	160
budeš	160
budmo	160
budte	160
budu	160
byh	160
byhmo	160
byl	160
byla	160
byli	160
bys	160
byste	160
byta	160
bytje	160
byto	160
byty	160
byvša	160
byvše	160
byvši	160
běh	160
běhmo	160
běhu	160
běste	160
běše	160
jesi	160
jesm	160
jesmo	160
jesoma	160
jesomo	160
jesomy	160
jeste	160
suča	160
suče	160
suči	160
blagodarim	160
blagodarju	160
rosijsky	160
stil	160
stilj	160
noviny	160
najčestěje	160
seks	160
každa	160
každe	160
každi	160
každo	160
každogo	160
každoj	160
každoju	160
každom	160
každomu	160
každu	160
každyh	160
každym	160
každymi	160
každěje	160
každějši	160
možnost	160
najboljši	160
zvězda	160
věm	160
prědže	160
věra	160
nebo	160
pol	160
raněje	160
jezyk	160
možno	160
čitati	160
forum	160
jutro	160
lěs	160
slučaju	160
vsakom	160
vrata	160
prav	159
prava	159
pravah	159
pravam	159
pravami	159
pravom	159
pravu	159
desny	159
festival	159
imaje	159
značenja	159
časina	159
sestra	159
vot	159
meč	159
polet	159
vozduh	159
tata	159
rabiti	159
stop	159
někde	159
specialjno	159
boljšest	159
agent	159
proizvodstvo	159
zona	159
studija	159
bar	159
opis	159
věrojetno	159
praca	159
kamera	159
pomoč	159
najlučši	158
hlěb	158
věriti	158
tydenj	158
nos	158
cvět	158
hej	158
povodom	158
pravdu	158
son	158
anglijsky	158
iznova	158
samom	158
onlajn	158
světah	158
světam	158
světami	158
světe	158
světom	158
světov	158
světu	158
světy	158
inače	158
loše	158
vplyv	158
krugla	158
družstvo	158
zapad	158
Francija	158
znaju	158
fakt	158
test	158
Kitaj	158
boljši	158
sgodno	158
cělj	158
park	158
polny	158
zlato	158
blok	158
kdekoli	158
polno	157
oba	157
prěmnogo	157
navyše	157
měseca	157
měsecah	157
měsecam	157
měsecami	157
měsece	157
měsecem	157
měsecev	157
měsecu	157
prědsědatelj	157
lěta	157
Evropa	157
raza	157
razah	157
razam	157
razami	157
raze	157
razu	157
razy	157
ministerstvo	157
syr	157
malo	157
komisija	157
naděja	157
izděla	157
izdělah	157
izdělahmo	157
izdělahu	157
izdělaj	157
izdělaje	157
izdělajema	157
izdělajemo	157
izdělajemy	157
izdělajete	157
izdělaješ	157
izdělajmo	157
izdělajte	157
izdělaju	157
izdělajut	157
izdělajuča	157
izdělajuče	157
izdělajuči	157
izdělal	157
izdělala	157
izdělali	157
izdělalo	157
izdělam	157
izdělama	157
izdělamo	157
izdělamy	157
izdělana	157
izdělanje	157
izdělano	157
izdělany	157
izdělaste	157
izdělate	157
izdělavša	157
izdělavše	157
izdělavši	157
izdělaš	157
izdělaše	157
informacija	157
dějateljnost	157
devety	157
Byti	157
To	157
tolikrat	157
ryba	157
sa	157
seju	157
sem	157
semu	157
sih	157
sim	157
simi	157
su	157
obače	157
boga	157
bogah	157
bogam	157
bogami	157
bogi	157
bogom	157
bogov	157
bogu	157
bože	157
pored	157
universitet	157
Goda	157
Novogo	157
Ščestnogo	157
marš	157
stranica	157
narodny	157
sdělati	157
Ukrajina	157
obrazovanje	156
menju	156
ponedělok	156
port	156
rěšenje	156
drugomu	156
inako	156
protiv	156
vitezstvo	156
liga	156
olej	156
děh	156
děhmo	156
děhu	156
děj	156
děje	156
dějem	156
dějema	156
dějemo	156
dějemy	156
dějete	156
děješ	156
dějmo	156
dějte	156
děju	156
dějut	156
dějuča	156
dějuče	156
dějuči	156
děl	156
děla	156
děli	156
děste	156
děta	156
dětah	156
dětam	156
dětami	156
dětij	156
dětje	156
děto	156
děty	156
děvša	156
děvše	156
děvši	156
děše	156
cěnnost	156
odgovornost	156
odpovědaljnost	156
smysl	156
ser	156
věk	156
energija	156
vozhod	156
zamnogo	156
prěda	156
prědah	156
prědam	156
prědami	156
prěde	156
prědom	156
prědov	156
prědu	156
prědy	156
iztok	156
ničego	156
ničem	156
ničemu	156
ničim	156
Poljska	156
kolo	156
Moskva	156
ulica	156
najveliky	156
največši	156
jedinnadsety	156
milion	156
najskorěje	156
poka	156
vysoky	156
mněnju	156
uvaga	156
jedinovy	156
pěnezah	156
pěnezam	156
pěnezami	156
pěnezov	156
kapitan	156
trener	156
imen	156
imena	156
imenah	156
imenam	156
imenami	156
imene	156
imenem	156
imeni	156
imenom	156
nemnogo	156
sejčasno	155
temperatura	155
cělo	155
ogonj	155
duže	155
ranějše	155
struktura	155
drama	155
gora	155
legenda	155
narod	155
pokazati	155
postupno	155
devet	155
dolgy	155
legko	155
tanec	155
medija	155
kojkoli	155
plana	155
planah	155
planam	155
planami	155
plane	155
planom	155
planov	155
planu	155
plany	155
adres	155
adresa	155
mir	155
spati	155
rodina	155
črny	155
poredku	155
sila	155
nauka	155
Kanada	154
ovoliky	154
plošča	154
nemaje	154
tutdenny	154
vprěd	154
nikogo	154
nikom	154
nikomu	154
nikym	154
centr	154
kava	154
poděl	154
pričina	154
vslěd	154
sudja	154
petok	154
armija	154
suda	154
sudah	154
sudam	154
sudami	154
sude	154
sudom	154
sudov	154
sudu	154
sudy	154
internet	154
platiti	154
solj	154
kino	154
političny	154
francuzsky	154
stanje	154
izrabiti	154
života	154
životah	154
životam	154
životami	154
živote	154
životom	154
životov	154
životu	154
životy	154
efekt	154
prosto	154
ščestje	154
němečsky	154
neželi	154
oko	154
udar	154
kaka	154
kake	154
kaki	154
kakogo	154
kakoj	154
kakoju	154
kakom	154
kakomu	154
kaku	154
kakyh	154
kakym	154
kakymi	154
pravdopodobno	154
sala	154
drěvo	154
naprěd	154
tělo	154
čekati	154
znati	154
vsrěd	154
ostrov	154
London	154
odpověd	154
ponovno	153
svetok	153
dojem	153
najlěpje	153
princ	153
ponje	153
vino	153
nedavno	153
odrazlikě	153
biznes	153
jednako	153
analiza	153
oficialjno	153
pamet	153
dovnutra	153
odnosno	153
stvarno	153
profil	153
dno	153
teorija	153
masa	153
institut	153
brata	153
bratah	153
bratam	153
bratami	153
brate	153
brati	153
bratom	153
bratov	153
bratu	153
jar	153
Dobra	153
gluboko	153
veličejši	153
objekt	153
faza	153
selikrat	153
evro	153
fon	153
voobče	153
neposrědnje	153
absolutno	153
tudy	153
siljny	153
medžuvrěmenno	153
dělah	153
dělam	153
dělami	153
děles	153
dělesa	153
dělesah	153
dělesam	153
dělesami	153
dělese	153
dělesem	153
dělesi	153
dělom	153
dělu	153
bomba	153
vysota	153
Isus	153
Jezus	153
gory	153
inoliky	153
ruky	153
evropejsky	153
evropsky	153
prostor	153
slov	152
slova	152
slovah	152
slovam	152
slovami	152
sloves	152
slovesa	152
slovesah	152
slovesam	152
slovesami	152
slovese	152
slovesem	152
slovesi	152
slovom	152
slovu	152
uspěha	152
zabezpametiti	152
čaj	152
sposob	152
sistem	152
sistemah	152
sistemam	152
sistemami	152
sistemo	152
sistemoju	152
sistemu	152
sistemy	152
sistemě	152
naučiti	152
myslji	152
umu	152
bliz	152
dostatočno	152
nikako	152
ravnoliko	152
Krym	152
funkcija	152
križ	152
ohrana	152
dvadeset	152
dvadeseti	152
bezpečnost	152
četvrty	152
rad	152
medalj	152
filma	152
filmah	152
filmam	152
filmami	152
filme	152
filmom	152
filmov	152
filmu	152
filmy	152
Italija	152
prošedšest	152
prošlost	152
dnešnje	152
konferencija	152
sojuz	152
sěver	152
spoločenjstvo	152
dobr	152
dobra	152
dobrah	152
dobram	152
dobrami	152
dobrom	152
dobru	152
nočah	152
nočam	152
nočami	152
noči	152
nočij	152
nočju	152
važny	152
ibo	152
teplota	152
omal	152
uspěšno	152
kartina	152
material	152
metro	152
něktory	152
provodženje	152
konečno	152
literatura	152
komitet	152
kriza	152
vtornik	152
vtorok	152
aha	152
kontrola	152
kontrolj	152
linija	152
ovamo	152
tyče	152
četvrtok	152
boljnica	152
kralica	152
kraljeva	152
prěklad	152
pan	152
razvivanje	152
ruka	152
vojn	152
vojnah	152
vojnam	152
vojnami	152
vojno	152
vojnoju	152
vojnu	152
vojny	152
vojně	152
loši	151
premiera	151
Amerika	151
obzira	151
razlog	151
knez	151
vod	151
vodah	151
vodam	151
vodami	151
vodo	151
vodoju	151
vodu	151
vody	151
vodě	151
katalog	151
toliky	151
final	151
bolj	151
aktivno	151
najlěpši	151
okoljnost	151
slučaj	151
vsaku	151
vsaky	151
segodenny	151
raj	151
troha	151
grada	151
gradah	151
gradam	151
gradami	151
grade	151
gradom	151
gradov	151
gradu	151
grady	151
sezona	151
sezonah	151
sezonam	151
sezonami	151
sezone	151
sezonom	151
sezonov	151
sezonu	151
sezony	151
skupin	151
skupinah	151
skupinam	151
skupinami	151
skupino	151
skupinoju	151
skupinu	151
skupiny	151
skupině	151
boj	151
slědny	151
raděje	151
črěz	151
nedělja	151
sčet	151
zaplatiti	151
dvojce	151
dokument	151
mlěko	151
značno	151
jug	151
naslědny	151
kluba	151
klubah	151
klubam	151
klubami	151
klube	151
klubom	151
klubov	151
klubu	151
kluby	151
mapa	151
dolg	151
obstanoviti	151
osmy	151
led	151
vozrast	151
četyrěh	151
četyrěm	151
četyrěmi	151
lider	151
tehnologija	151
větr	151
napravo	151
bezopasnost	151
različji	151
igry	151
vojenne	151
dobre	151
dobri	151
dobrogo	151
dobroj	151
dobroju	151
dobromu	151
dobryh	151
dobrym	151
dobrymi	151
vyjdti	150
žen	150
ženah	150
ženam	150
ženami	150
ženo	150
ženoju	150
ženu	150
ženy	150
ženě	150
cělkom	150
ta	150
toju	150
tyh	150
tymi	150
avtobus	150
prisutstvo	150
priměr	150
prostranjstvo	150
jedati	150
jesti	150
dodati	150
travenj	150
hvala	150
hoditi	150
oni	150
problema	150
problemah	150
problemam	150
problemami	150
probleme	150
problemom	150
problemov	150
problemu	150
problemy	150
stvar	150
nomer	150
ruh	150
ačekoli	150
spis	150
portal	150
priblizno	150
približno	150
jednočasno	150
sustrěča	150
samy	150
formula	150
desety	150
inymi	150
jednovrěmenno	150
rěčeny	150
zvany	150
Rim	150
maksimaljno	150
vkus	150
kandidat	150
Pariž	150
medlo	150
priklad	150
vključno	150
běg	150
shema	150
drugymi	150
prinajmenje	150
zagadka	150
večerom	150
odnošenju	150
budynok	150
piti	150
plaž	150
značenje	150
nazvanje	150
bezposrědnje	149
politik	149
različje	149
svobodno	149
voljny	149
stojati	149
široko	149
Dobro	149
oružje	149
utro	149
zaměsto	149
zatože	149
mam	149
mamah	149
mamam	149
mamami	149
mamo	149
mamoju	149
mamu	149
mamy	149
mamě	149
prezidenta	149
prezidentah	149
prezidentam	149
prezidentami	149
prezidente	149
prezidenti	149
prezidentom	149
prezidentov	149
prezidentu	149
bukvaljno	149
listopad	149
konca	149
koncah	149
koncam	149
koncami	149
konce	149
koncem	149
koncev	149
koncu	149
konče	149
konj	149
peti	149
petju	149
menši	149
davno	149
istina	149
muzik	149
muzikah	149
muzikam	149
muzikami	149
muziko	149
muzikoju	149
muziku	149
muziky	149
muzikě	149
aktor	149
odpověděti	149
duh	149
normaljny	149
sekret	149
začeti	149
niže	149
inočego	149
inočem	149
inočemu	149
inočim	149
srědišče	149
trajati	149
vsem	149
šesty	149
krilo	149
onde	149
volna	149
jak	149
posrědstvom	149
igr	149
igrah	149
igram	149
igrami	149
igro	149
igroju	149
igru	149
igrě	149
med	149
sedmi	149
sedmju	149
samorazumno	149
ovaka	149
ovake	149
ovaki	149
ovakogo	149
ovakoj	149
ovakoju	149
ovakom	149
ovakomu	149
ovaku	149
ovakyh	149
ovakym	149
ovakymi	149
ovačeje	149
ovačějši	149
znany	149
let	149
surpriz	148
sumě	148
požar	148
Ministerstvo	148
Obrany	148
izbory	148
granica	148
naj	148
dostupa	148
dostupah	148
dostupam	148
dostupami	148
dostupe	148
dostupom	148
dostupov	148
dostupu	148
dostupy	148
versija	148
verzija	148
sedmy	148
gol	148
sporta	148
sportah	148
sportam	148
sportami	148
sporte	148
sportom	148
sportov	148
sportu	148
sporty	148
vikend	148
dočera	148
sportivny	148
pokoliko	148
dvanadsety	148
historičny	148
nijedin	148
podle	148
prěgovory	148
rekord	148
agencija	148
učiti	148
zakaz	148
světova	148
važnost	148
ščestny	148
čisel	148
čisla	148
čislah	148
čislam	148
čislami	148
čislom	148
čislu	148
subota	148
televiděnje	148
pravd	148
pravdah	148
pravdam	148
pravdami	148
pravdo	148
pravdoju	148
pravdy	148
pravdě	148
poprav	148
susědno	148
večši	148
izključno	148
pivo	148
ton	148
voprosa	148
voprosah	148
voprosam	148
voprosami	148
voprose	148
voprosom	148
voprosov	148
voprosu	148
voprosy	148
povratok	148
izključenjem	148
stalj	148
svezok	148
čelik	148
koncert	148
učitelj	148
Izrael	148
zdravy	148
historij	148
historijah	148
historijam	148
historijami	148
historije	148
historijeju	148
historiji	148
historijo	148
historiju	148
vlada	148
kampanija	148
dolgost	148
prijdti	148
tretje	148
Rodženje	148
pani	148
Grecija	147
groza	147
iny	147
aktivitet	147
aktivnost	147
radost	147
argument	147
brězenj	147
doktor	147
Ob	147
generala	147
generalah	147
generalam	147
generalami	147
generale	147
generali	147
generalom	147
generalov	147
generalu	147
čestah	147
čestam	147
čestami	147
česti	147
čestij	147
čestju	147
obydva	147
graf	147
prědsědnik	147
frank	147
jezero	147
poslědna	147
poslědne	147
poslědni	147
poslědnja	147
poslědnje	147
poslědnjego	147
poslědnjej	147
poslědnjeje	147
poslědnjeju	147
poslědnjejši	147
poslědnjem	147
poslědnjemu	147
poslědnjih	147
poslědnjim	147
poslědnjimi	147
poslědnju	147
poslědno	147
poslědnogo	147
poslědnoj	147
poslědnoju	147
poslědnom	147
poslědnomu	147
poslědnu	147
poslědnyh	147
poslědnym	147
poslědnymi	147
poslědněje	147
poslědnějši	147
Mars	147
bolěznj	147
komentar	147
prěz	147
sněg	147
muzeja	147
muzejah	147
muzejam	147
muzejami	147
muzeje	147
muzejem	147
muzejev	147
muzeju	147
rodženja	147
baza	147
danyh	147
dolu	147
maly	147
myslj	147
oficer	147
sostav	147
Črno	147
pošta	147
jejin	147
potencial	147
vozdolž	147
godišnje	147
godišno	147
početka	147
turnir	147
element	147
rěčah	147
rěčam	147
rěčami	147
rěči	147
rěčij	147
rěčju	147
dovoljno	147
državny	147
grupa	147
izbor	147
vpečatljenje	147
Praga	147
obzirom	147
zlaty	147
stara	147
stare	147
stari	147
staro	147
starogo	147
staroj	147
staroju	147
starom	147
staromu	147
staru	147
staryh	147
starym	147
starymi	147
starěje	147
starějši	147
nasilje	147
vaša	147
vaše	147
vašego	147
vašej	147
vašeju	147
vašem	147
vašemu	147
vaši	147
vaših	147
vašim	147
vašimi	147
vašu	147
kralja	147
kraljah	147
kraljam	147
kraljami	147
kraljem	147
kraljev	147
kralji	147
kralju	147
alkohol	147
inde	147
izhod	147
lěvo	147
ročno	147
muža	147
mužah	147
mužam	147
mužami	147
mužem	147
mužev	147
muži	147
mužu	147
rod	147
začetok	147
vlastny	147
aeroport	147
morej	147
morja	147
morjah	147
morjam	147
morjami	147
morjem	147
morju	147
prodati	147
pyl	147
roman	147
studio	147
gost	147
nehaj	147
septembr	147
kultur	147
kulturah	147
kulturam	147
kulturami	147
kulturo	147
kulturoju	147
kulturu	147
kultury	147
kulturě	147
prě	147
Britanija	147
Velika	147
hudožnik	147
anti	147
minuta	147
misija	147
vhod	147
posětiti	147
vratiti	147
kamo	146
bliže	146
metoda	146
tuta	146
tute	146
tuti	146
tutogo	146
tutoju	146
tutomu	146
tutu	146
tutyh	146
tutym	146
tutymi	146
Japonija	146
sedmice	146
tydnja	146
imenno	146
mogti	146
odtud	146
trava	146
kazati	146
kraj	146
kratko	146
sobstveny	146
termin	146
široky	146
nezaležno	146
gen	146
raketa	146
tradicija	146
pěsnej	146
pěsnjah	146
pěsnjam	146
pěsnjami	146
pěsnje	146
pěsnjeju	146
pěsnji	146
pěsnjo	146
pěsnju	146
okazyvaje	146
javu	146
maska	146
vesti	146
vojsko	146
napr	146
rědko	146
student	146
harakter	146
komanda	146
metal	146
region	146
priroda	146
prědpoložiteljno	146
učestničstvo	146
jesenj	146
kroka	146
krokah	146
krokam	146
krokami	146
krokom	146
krokov	146
kroku	146
kroky	146
kroče	146
skazati	146
televizija	146
vraženje	146
basen	146
dnevnik	146
utrom	146
vvedenje	146
žanr	146
aktivny	146
odsud	146
zima	146
jehati	146
pokromě	146
dějanja	146
transport	146
salon	146
tutčasno	146
vide	146
videa	146
videah	146
videam	146
videami	146
videom	146
videu	146
izkušenje	146
opera	146
ves	146
Armija	146
vliv	146
Črvena	146
albuma	146
albumah	146
albumam	146
albumami	146
albume	146
albumom	146
albumov	146
albumu	146
albumy	146
pisatelj	146
rěka	146
voz	146
pilot	146
prědmet	146
revolucija	146
ponad	146
čuvanje	146
nočeju	146
prijemnostju	146
vsakodenno	146
vsakodnevno	146
budžet	146
mehanizm	146
pojezd	146
sekretar	146
akademija	146
znak	146
knig	146
knigah	146
knigam	146
knigami	146
knigo	146
knigoju	146
knigu	146
knigy	146
knigě	146
pytanij	146
pytanja	146
pytanjah	146
pytanjam	146
pytanjami	146
pytanjem	146
pytanju	146
prodavati	145
kolikost	145
spisok	145
supruga	145
najde	145
najdeh	145
najdehmo	145
najdehu	145
najdem	145
najdemo	145
najdena	145
najdenje	145
najdeno	145
najdeny	145
najdeste	145
najdete	145
najdeš	145
najdeše	145
najdi	145
najdimo	145
najdite	145
najdoma	145
najdomo	145
najdomy	145
najdu	145
najdut	145
najduča	145
najduče	145
najduči	145
našel	145
naševša	145
naševše	145
naševši	145
našla	145
našli	145
našlo	145
plusa	145
plusah	145
plusam	145
plusami	145
pluse	145
plusom	145
plusov	145
plusu	145
plusy	145
smrtah	145
smrtam	145
smrtami	145
smrti	145
smrtij	145
smrtju	145
čelo	145
promysl	145
nezavisno	145
scenarij	145
inokogo	145
inokom	145
inokomu	145
inokym	145
minimum	145
moč	145
sozdati	145
šef	145
karta	145
nemnožko	145
obči	145
cikl	145
norma	145
sěmej	145
sěmjah	145
sěmjam	145
sěmjami	145
sěmje	145
sěmjeju	145
sěmji	145
sěmjo	145
sěmju	145
gradžan	145
gradžanin	145
rasa	145
tajna	145
nadějati	145
světovy	145
zeleny	145
Španija	145
polkovnik	145
milovati	145
děva	145
iskanje	145
svrhny	145
vysši	145
slědujuči	145
tank	145
zapravdu	145
žalj	145
prijatelj	145
svrh	145
gospod	145
tajnik	145
važno	145
ljudova	145
nula	145
planeta	145
čempionat	145
sot	145
sta	145
stah	145
stam	145
stami	145
stom	145
stu	145
načeti	145
věsti	145
barva	145
izigratelj	145
vpolno	145
vpolně	145
lěvy	145
spektakl	145
vlak	145
izključiteljno	145
kredit	145
takovy	145
dadoma	145
dadomo	145
dadomy	145
dadut	145
daduča	145
daduče	145
daduči	145
dah	145
dahmo	145
dahu	145
daj	145
dajmo	145
dajte	145
dal	145
dala	145
dali	145
dalo	145
dam	145
damo	145
dana	145
danje	145
dano	145
daste	145
date	145
davša	145
davše	145
davši	145
daš	145
daše	145
dodnes	145
asociacija	145
cěnu	145
mrěža	145
škol	145
školah	145
školam	145
školami	145
školo	145
školoju	145
školu	145
školy	145
školě	145
major	145
Děl	145
Vněšnjih	145
kovina	145
salata	145
solo	145
firma	145
šahy	145
avtomatično	144
obličju	144
pozvoliti	144
broja	144
brojah	144
brojam	144
brojami	144
broje	144
brojem	144
brojev	144
broju	144
Němec	144
akcija	144
shodny	144
služb	144
službah	144
službam	144
službami	144
službo	144
služboju	144
službu	144
služby	144
službě	144
list	144
form	144
formah	144
formam	144
formami	144
formo	144
formoju	144
formu	144
formy	144
formě	144
vrnuti	144
glasa	144
glasah	144
glasam	144
glasami	144
glase	144
glasom	144
glasov	144
glasu	144
glasy	144
Vtora	144
Anglija	144
režiser	144
tehnika	144
trohu	144
trohy	144
někogo	144
někom	144
někomu	144
někym	144
policije	144
danym	144
danymi	144
magazin	144
tovar	144
vugol	144
koda	144
kodah	144
kodam	144
kodami	144
kode	144
kodom	144
kodov	144
kodu	144
kody	144
grlo	144
režim	144
partija	144
seriozno	144
věděti	144
věža	144
Ostražno	144
kontakt	144
svety	144
Evropejska	144
Evropejsky	144
Sojuz	144
Unija	144
bystro	144
rabota	144
ujdti	144
kritika	144
los	144
učestvovati	144
dostojenjstva	144
služiti	144
městne	144
nizky	144
časovnik	144
teatr	144
obdobij	144
obdobja	144
obdobjah	144
obdobjam	144
obdobjami	144
obdobjem	144
obdobju	144
kusok	144
fundacija	144
Indija	144
hudožstvo	144
izvnutra	144
komora	144
stadion	144
troje	144
koljce	144
poisk	144
srdc	144
srdca	144
srdcah	144
srdcam	144
srdcami	144
srdcem	144
srdcu	144
někaka	144
někake	144
někaki	144
někakogo	144
někakoj	144
někakoju	144
někakom	144
někakomu	144
někaku	144
někakyh	144
někakym	144
někakymi	144
někačeje	144
někačějši	144
uši	144
kariera	144
kategorija	144
domašnji	144
domašny	144
okno	144
snědanje	144
zautraka	144
stahmo	144
stahu	144
stal	144
stala	144
stali	144
stalo	144
stana	144
stane	144
stanem	144
stanema	144
stanemo	144
stanemy	144
stanete	144
staneš	144
stani	144
stanimo	144
stanite	144
stano	144
stanu	144
stanut	144
stanuča	144
stanuče	144
stanuči	144
stany	144
staste	144
stavša	144
stavše	144
stavši	144
staše	144
hvost	144
legše	144
lev	143
otca	143
otcah	143
otcam	143
otcami	143
otcem	143
otcev	143
otci	143
otcu	143
otče	143
odgovorny	143
odpovědaljny	143
praktično	143
senat	143
odnositeljno	143
mosta	143
mostah	143
mostam	143
mostami	143
moste	143
mostom	143
mostov	143
mostu	143
mosty	143
čegokoli	143
čemkoli	143
čemukoli	143
čimkoli	143
kamen	143
kamenah	143
kamenam	143
kamenami	143
kamene	143
kamenem	143
kamenev	143
kameni	143
kamenja	143
kamenjah	143
kamenjam	143
kamenjami	143
kamenje	143
kamenjem	143
kamenjev	143
kamenju	143
epizod	143
iskati	143
spokojno	143
pomalo	143
rukovoditelj	143
strahovanje	143
teritorija	143
selika	143
selike	143
seliki	143
selikogo	143
selikoj	143
selikoju	143
selikom	143
selikomu	143
seliku	143
selikyh	143
selikym	143
selikymi	143
seličeje	143
seličějši	143
kotka	143
pes	143
šesti	143
šestju	143
odgovora	143
odgovorah	143
odgovoram	143
odgovorami	143
odgovore	143
odgovorom	143
odgovorov	143
odgovoru	143
odgovory	143
advokat	143
davati	143
specialjny	143
avtora	143
avtorah	143
avtoram	143
avtorami	143
avtore	143
avtori	143
avtorom	143
avtorov	143
avtoru	143
navěditi	143
pročitati	143
obličij	143
obličja	143
obličjah	143
obličjam	143
obličjami	143
obličjem	143
dolžnost	143
kalendar	143
letišče	143
parola	143
postaviti	143
zub	143
Peru	143
blizky	143
medžunarodny	143
pozicija	143
spoločnost	143
bankah	143
bankam	143
bankami	143
banko	143
bankoju	143
bankom	143
bankov	143
banku	143
banky	143
bankě	143
banok	143
banče	143
nakonec	143
proběg	143
sobytij	143
znajemy	143
vina	143
začtokoli	143
ptak	143
ptica	143
isto	143
kitajsky	143
gaza	143
gazah	143
gazam	143
gazami	143
gaze	143
gazom	143
gazov	143
gazu	143
gazy	143
žitij	143
žitja	143
žitjah	143
žitjam	143
žitjami	143
žitjem	143
žitju	143
mladši	143
obsrědina	143
polovina	143
standard	143
pada	143
padah	143
padam	143
padami	143
pade	143
padom	143
padov	143
padu	143
pady	143
Avstralija	143
slědstvo	143
sovsim	143
sovsěm	143
tem	143
temah	143
temam	143
temami	143
temo	143
temoju	143
temu	143
temy	143
temě	143
dětsky	143
luna	143
črvenj	143
naděju	143
španjsky	143
jediny	143
kudy	143
aktrisa	143
golf	143
menedžer	143
tvrdi	143
ministra	143
ministrah	143
ministram	143
ministrami	143
ministre	143
ministri	143
ministrom	143
ministrov	143
ministru	143
věčah	143
věčam	143
věčami	143
věči	143
věčij	143
věčju	143
děte	143
priznati	143
Viena	142
naměr	142
popolno	142
glasovanje	142
povod	142
rog	142
měst	142
města	142
městah	142
městam	142
městami	142
městom	142
městu	142
bitva	142
moda	142
blog	142
vstati	142
uspěhlivy	142
okazalo	142
vpravo	142
gleděti	142
televiziju	142
grupy	142
roditelj	142
papir	142
tip	142
hvoroba	142
točka	142
šok	142
popularny	142
format	142
podloga	142
tron	142
dym	142
pozornost	142
jedinica	142
motor	142
angel	142
načeljnik	142
zapadny	142
Bulgarija	142
legke	142
prijatno	142
princip	142
selo	142
sustava	142
sustavah	142
sustavam	142
sustavami	142
sustave	142
sustavom	142
sustavov	142
sustavu	142
sustavy	142
cvětenj	142
dama	142
dvukratno	142
strategija	142
Pravosudja	142
težko	142
upravjenje	142
virus	142
Madjarija	142
hviljeju	142
kongres	142
prošlom	142
prěhod	142
urodženje	142
najraněje	142
pametati	142
meta	142
jasno	142
osobna	142
kolega	142
lučša	142
lučšego	142
lučšej	142
lučšeje	142
lučšeju	142
lučšejši	142
lučšem	142
lučšemu	142
lučših	142
lučšim	142
lučšimi	142
lučšu	142
materah	142
materam	142
materami	142
matere	142
materi	142
materij	142
materju	142
cukr	142
pobytje	142
poneže	142
stěna	142
upad	142
poprěk	142
povyše	142
stancija	142
vniz	142
decembr	142
dekembr	142
demokracija	142
kubok	142
rizik	142
klasah	141
klasam	141
klasami	141
klase	141
klasom	141
klasov	141
klasu	141
klasy	141
kupovati	141
pokušenje	141
slava	141
publičny	141
lět	141
lětah	141
lětam	141
lětami	141
lětom	141
lětu	141
okean	141
izvoliti	141
lod	141
maršal	141
provesti	141
Berlin	141
komnata	141
slabo	141
prodažah	141
prodažam	141
prodažami	141
prodaži	141
prodažij	141
prodažju	141
uravnja	141
uravnjah	141
uravnjam	141
uravnjami	141
uravnje	141
uravnjem	141
uravnjev	141
uravnji	141
uravnjij	141
uravnju	141
mes	141
mesa	141
mesah	141
mesam	141
mesami	141
mesom	141
mesu	141
televizor	141
učenje	141
dovod	141
naslědok	141
porno	141
Kuba	141
izvoljenje	141
obyčno	141
odlično	141
klima	141
klimat	141
očevidno	141
druga	141
druge	141
drugi	141
drugo	141
drugogo	141
drugoju	141
drugom	141
drugu	141
drugyh	141
drugym	141
družeje	141
družějši	141
glav	141
glavah	141
glavam	141
glavami	141
glavo	141
glavoju	141
glavu	141
glavy	141
glavě	141
vtora	141
vtore	141
vtori	141
vtorogo	141
vtoroj	141
vtoroju	141
vtorom	141
vtoromu	141
vtoru	141
vtoryh	141
vtorym	141
vtorymi	141
kapital	141
umětnostah	141
umětnostam	141
umětnostami	141
umětnosti	141
umětnostij	141
umětnostju	141
klient	141
izgled	141
ide	141
ideh	141
idehmo	141
idehu	141
idem	141
idemo	141
idena	141
idenje	141
ideno	141
ideny	141
ideste	141
idete	141
ideš	141
ideše	141
idi	141
idimo	141
idite	141
idoma	141
idomo	141
idomy	141
idu	141
idut	141
iduča	141
iduče	141
iduči	141
rabotah	141
rabotahmo	141
rabotahu	141
rabotaj	141
rabotaje	141
rabotajema	141
rabotajemo	141
rabotajemy	141
rabotajete	141
rabotaješ	141
rabotajmo	141
rabotajte	141
rabotaju	141
rabotajut	141
rabotajuča	141
rabotajuče	141
rabotajuči	141
rabotal	141
rabotala	141
rabotali	141
rabotalo	141
rabotam	141
rabotama	141
rabotamo	141
rabotamy	141
rabotana	141
rabotanje	141
rabotano	141
rabotany	141
rabotaste	141
rabotate	141
rabotavša	141
rabotavše	141
rabotavši	141
rabotaš	141
rabotaše	141
šel	141
ševša	141
ševše	141
ševši	141
šla	141
šli	141
šlo	141
dozad	141
lěčiljnja	141
uviděti	141
gazet	141
gazetah	141
gazetam	141
gazetami	141
gazeto	141
gazetoju	141
gazetu	141
gazety	141
gazetě	141
směsta	141
priznanje	141
prodolženje	141
produkt	141
profesionaljny	141
steklo	141
dojdti	141
družina	141
ekonomija	141
klaso	141
klasoju	141
klasě	141
osmi	141
osmju	141
trojce	141
vključajuči	141
vyrok	141
jihna	141
jihne	141
jihni	141
jihno	141
jihnogo	141
jihnoj	141
jihnoju	141
jihnom	141
jihnomu	141
jihnu	141
jihnyh	141
jihnym	141
jihnymi	141
buduči	141
molvy	141
pacient	141
štat	141
drug	141
oboje	141
avtoritety	141
družka	141
mněnje	141
odkud	141
slegka	141
aktorka	141
nikaky	141
odovud	141
směra	141
směrah	141
směram	141
směrami	141
směre	141
směrom	141
směrov	141
směru	141
směry	141
tretja	141
tretjego	141
tretjej	141
tretjeju	141
tretjem	141
tretjemu	141
tretjih	141
tretjim	141
tretjimi	141
tretju	141
vsekogo	141
vsekom	141
vsekomu	141
vsekym	141
pozvanje	141
simbol	141
mylo	141
byle	141
bylogo	141
byloj	141
byloju	141
bylom	141
bylomu	141
bylu	141
bylyh	141
bylym	141
bylymi	141
bylěje	141
bylějši	141
pracovah	141
pracovahmo	141
pracovahu	141
pracoval	141
pracovala	141
pracovali	141
pracovalo	141
pracovana	141
pracovanje	141
pracovano	141
pracovany	141
pracovaste	141
pracovavša	141
pracovavše	141
pracovavši	141
pracovaše	141
pracuj	141
pracuje	141
pracujem	141
pracujema	141
pracujemo	141
pracujemy	141
pracujete	141
pracuješ	141
pracujmo	141
pracujte	141
pracuju	141
pracujut	141
pracujuča	141
pracujuče	141
pracujuči	141
Iran	141
ekonomičny	141
krajina	141
kraljevstvo	141
narodženje	141
prisutnost	141
razvitje	141
lice	141
nevažno	141
večera	141
večerah	141
večeram	141
večerami	141
večere	141
večerov	141
večeru	141
večery	141
lěkar	141
udačno	141
žih	141
žihmo	141
žihu	141
žil	141
žila	141
žili	141
žilo	141
žiste	141
žita	141
žito	141
žity	141
žive	141
živem	141
živema	141
živemo	141
živemy	141
živete	141
živeš	141
živi	141
živimo	141
živite	141
živu	141
živut	141
živuča	141
živuče	141
živuči	141
živša	141
živše	141
živši	141
žiše	141
Vitaj	141
opasnost	141
servis	141
ozemja	141
piesa	141
nahoditi	140
povedenje	140
serij	140
serijah	140
serijam	140
serijami	140
serije	140
serijeju	140
seriji	140
serijo	140
seriju	140
kompleksa	140
kompleksah	140
kompleksam	140
kompleksami	140
komplekse	140
kompleksom	140
kompleksov	140
kompleksu	140
kompleksy	140
htěti	140
kost	140
brzo	140
glavno	140
maksimum	140
učestnik	140
veličina	140
dvanadset	140
dětstvo	140
rastlina	140
ukrajinjsky	140
telefona	140
telefonah	140
telefonam	140
telefonami	140
telefone	140
telefonom	140
telefonov	140
telefonu	140
telefony	140
kom	140
komu	140
kym	140
sedmic	140
sedmicah	140
sedmicam	140
sedmicami	140
sedmiceju	140
sedmici	140
sedmico	140
sedmicu	140
množstvo	140
kurs	140
arhiv	140
dvor	140
ovudy	140
dělati	140
ključa	140
ključah	140
ključam	140
ključami	140
ključe	140
ključem	140
ključev	140
ključu	140
javno	140
budučnosti	140
budučnostju	140
direktora	140
direktorah	140
direktoram	140
direktorami	140
direktore	140
direktori	140
direktorom	140
direktorov	140
direktoru	140
glasovati	140
motiv	140
vnutrišnji	140
vnutrišny	140
deseti	140
desetju	140
vnimanja	140
vnimanjem	140
vnimanju	140
poniž	140
poniže	140
posěčenje	140
filozofija	140
projdti	140
igrahmo	140
igrahu	140
igraj	140
igraje	140
igrajema	140
igrajemo	140
igrajemy	140
igrajete	140
igraješ	140
igrajmo	140
igrajte	140
igraju	140
igrajut	140
igrajuča	140
igrajuče	140
igrajuči	140
igral	140
igrala	140
igrali	140
igralo	140
igrama	140
igramo	140
igramy	140
igrana	140
igranje	140
igrano	140
igrany	140
igraste	140
igrate	140
igravša	140
igravše	140
igravši	140
igraš	140
igraše	140
lěpša	140
lěpše	140
lěpšego	140
lěpšej	140
lěpšeje	140
lěpšeju	140
lěpšejši	140
lěpšem	140
lěpšemu	140
lěpših	140
lěpšim	140
lěpšimi	140
lěpšu	140
očekyvati	140
rěšiti	140
protivnosti	140
vlastno	140
nočis	140
tragedija	140
gledeči	140
izměniti	140
izstava	140
nizko	140
podhod	140
duš	140
dušah	140
dušam	140
dušami	140
duše	140
dušeju	140
duši	140
dušo	140
dušu	140
kupet	140
kupeča	140
kupeče	140
kupeči	140
kupi	140
kupih	140
kupihmo	140
kupihu	140
kupil	140
kupila	140
kupili	140
kupilo	140
kupim	140
kupima	140
kupimo	140
kupimy	140
kupiste	140
kupite	140
kupivša	140
kupivše	140
kupivši	140
kupiš	140
kupiše	140
kupjena	140
kupjenje	140
kupjeno	140
kupjeny	140
kupju	140
mozga	140
mozgah	140
mozgam	140
mozgami	140
mozgom	140
mozgov	140
mozgu	140
mozgy	140
mozže	140
dolžen	140
tort	140
Avstrija	140
projekta	140
projektah	140
projektam	140
projektami	140
projekte	140
projektom	140
projektov	140
projektu	140
projekty	140
nezaležnost	140
nezavisnost	140
princesa	140
procesa	140
procesah	140
procesam	140
procesami	140
procese	140
procesom	140
procesov	140
procesu	140
procesy	140
protivno	140
politikah	140
politikam	140
politikami	140
politiko	140
politikoju	140
politiku	140
politiky	140
politikě	140
zdravij	140
zdravja	140
zdravjah	140
zdravjam	140
zdravjami	140
zdravjem	140
zdravju	140
dizajn	140
napoj	140
někogda	140
někogdy	140
obrana	140
čedo	140
iztočny	140
maj	140
povědka	140
vozhodny	140
Koreja	140
slušati	140
dani	140
danogo	140
danoj	140
danoju	140
danom	140
danomu	140
danu	140
daněje	140
danějši	140
momenta	140
momentah	140
momentam	140
momentami	140
momente	140
momentom	140
momentov	140
momenty	140
lož	140
nikde	140
Sofija	140
vnutrny	140
gotovo	140
mašina	140
brzina	139
scena	139
uměščenje	139
zapytanje	139
Bělorus	139
Finansov	139
odličny	139
jednonočny	139
jelo	139
maslo	139
povinno	139
dozvaljaje	139
galerija	139
ogon	139
parada	139
zajedno	139
nemožno	139
starši	139
Švecija	139
vaga	139
dialog	139
prirodne	139
resursy	139
modela	139
modelah	139
modelam	139
modelami	139
modele	139
modelom	139
modelov	139
modelu	139
modely	139
brěg	139
držati	139
Egipt	139
družba	139
poživjenje	139
situacij	139
situacijah	139
situacijam	139
situacijami	139
situacije	139
situacijeju	139
situaciji	139
situacijo	139
situaciju	139
Varšava	139
palac	139
sad	139
svobodny	139
zakona	139
zakonah	139
zakonam	139
zakonami	139
zakone	139
zakonom	139
zakonov	139
zakonu	139
zakony	139
nadalje	139
fajl	139
odčuvati	139
statistika	139
atmosfera	139
junij	139
kvalitet	139
prave	139
pravi	139
pravogo	139
pravoj	139
pravoju	139
pravomu	139
pravyh	139
pravym	139
pravymi	139
pravěje	139
pravějši	139
gostinica	139
hotel	139
pravnik	139
běla	139
běle	139
běli	139
bělo	139
bělogo	139
běloj	139
běloju	139
bělom	139
bělomu	139
bělu	139
bělyh	139
bělym	139
bělymi	139
bělěje	139
bělějši	139
Južna	139
muzikaljna	139
žalostah	139
žalostam	139
žalostami	139
žalosti	139
žalostij	139
žalostju	139
imati	139
russka	139
russke	139
russki	139
russko	139
russkogo	139
russkoj	139
russkoju	139
russkom	139
russkomu	139
russku	139
russkyh	139
russkym	139
russkymi	139
Kyjev	139
prijeti	139
srěd	139
južno	139
program	139
programah	139
programam	139
programami	139
programo	139
programoju	139
programu	139
programy	139
programě	139
futbola	139
futbole	139
futbolom	139
futbolu	139
generaljny	139
ryž	139
kola	139
organizacij	139
organizacijah	139
organizacijam	139
organizacijami	139
organizacije	139
organizacijeju	139
organizaciji	139
organizacijo	139
organizaciju	139
početok	139
uživanje	139
kyslina	139
mandat	139
tovarna	139
vozme	139
vozmem	139
vozmema	139
vozmemo	139
vozmemy	139
vozmete	139
vozmeš	139
vozmi	139
vozmimo	139
vozmite	139
vozmu	139
vozmut	139
vozmuča	139
vozmuče	139
vozmuči	139
vzeh	139
vzehmo	139
vzehu	139
vzel	139
vzela	139
vzeli	139
vzelo	139
vzeste	139
vzeta	139
vzetje	139
vzeto	139
vzety	139
vzevša	139
vzevše	139
vzevši	139
vzeše	139
ženjsky	139
nočny	139
domah	139
domam	139
domami	139
dome	139
domom	139
domy	139
konflikt	139
zajeti	139
Rus	139
grob	139
humor	139
sok	139
teksta	139
tekstah	139
tekstam	139
tekstami	139
tekste	139
tekstom	139
tekstov	139
tekstu	139
teksty	139
matematika	139
glavny	139
partner	139
pohybka	139
razstojanje	139
volk	139
dat	139
datah	139
datam	139
datami	139
dato	139
datoju	139
datu	139
daty	139
datě	139
jednonočka	139
senator	139
suknja	139
volje	139
zaměn	139
lěčenje	139
svobodna	139
lov	138
srěbro	138
von	138
zimovy	138
Vitajte	138
Brazilija	138
srěda	138
oblast	138
olimpijske	138
statusa	138
statusah	138
statusam	138
statusami	138
statuse	138
statusom	138
statusov	138
statusu	138
statusy	138
metr	138
platforma	138
svečennik	138
maršrut	138
um	138
taka	138
take	138
taki	138
takogo	138
takoj	138
takoju	138
takom	138
takomu	138
taku	138
takyh	138
takym	138
takymi	138
tačeje	138
tačějši	138
kompanij	138
kompanijah	138
kompanijam	138
kompanijami	138
kompanije	138
kompanijeju	138
kompaniji	138
kompanijo	138
kompaniju	138
para	138
prikladov	138
pomylka	138
čutje	138
dub	138
Kazahstan	138
babuška	138
generacija	138
japonjsky	138
učinok	138
tyseča	138
tysečah	138
tysečam	138
tysečami	138
tyseče	138
tysečem	138
tysečev	138
tyseči	138
tysečij	138
tysečju	138
tyseču	138
fizika	138
mysljenje	138
vsego	138
period	138
federacija	138
fotografija	138
interesno	138
poněkogda	138
poněkogdy	138
laboratorija	138
proizhodženje	138
hlapec	138
moliti	138
poljzovati	138
nositi	138
zvuka	138
zvukah	138
zvukam	138
zvukami	138
zvukom	138
zvukov	138
zvuku	138
zvuky	138
zvuče	138
hram	138
ekzamen	138
izpyt	138
prědloženje	138
vala	138
poběd	138
pobědah	138
pobědam	138
pobědami	138
pobědo	138
pobědoju	138
pobědu	138
pobědy	138
pobědě	138
brend	138
imaj	138
imajem	138
imajema	138
imajemo	138
imajemy	138
imajete	138
imaješ	138
imajmo	138
imajte	138
imaju	138
imajut	138
imajuča	138
imajuče	138
imajuči	138
iměh	138
iměhmo	138
iměhu	138
iměj	138
iměje	138
imějem	138
imějema	138
imějemo	138
imějemy	138
imějete	138
iměješ	138
imějmo	138
imějte	138
iměju	138
imějut	138
imějuča	138
imějuče	138
imějuči	138
iměl	138
iměla	138
iměli	138
imělo	138
iměna	138
iměnje	138
iměno	138
iměny	138
iměste	138
iměta	138
imětje	138
iměto	138
iměty	138
iměvša	138
iměvše	138
iměvši	138
iměše	138
videt	138
videča	138
videče	138
videči	138
vidi	138
vidim	138
vidima	138
vidimo	138
vidimy	138
vidite	138
vidiš	138
viděh	138
viděhmo	138
viděhu	138
viděl	138
viděla	138
viděli	138
vidělo	138
viděna	138
viděnje	138
viděno	138
viděny	138
viděste	138
viděvša	138
viděvše	138
viděvši	138
viděše	138
vidžu	138
petdeset	138
vrhu	138
ktorykoli	138
personal	138
očah	138
očam	138
očami	138
očij	138
izvně	138
razgovor	138
Hristos	138
polej	138
polja	138
poljah	138
poljam	138
poljami	138
poljem	138
polju	138
policijny	138
smotriti	138
strěsti	138
kancler	138
odpovědati	138
vanna	138
drag	138
dragah	138
dragam	138
dragami	138
drago	138
dragoju	138
dragu	138
dragy	138
dragě	138
člena	138
členah	138
členam	138
členami	138
člene	138
členi	138
členom	138
členov	138
členu	138
členy	138
pěsok	138
tretiny	138
vrěsenj	138
dvojih	138
dvojim	138
dvojimi	138
jegova	138
jegove	138
jegovi	138
jegovo	138
jegovogo	138
jegovoj	138
jegovoju	138
jegovom	138
jegovomu	138
jegovu	138
jegovyh	138
jegovym	138
jegovymi	138
želanje	138
artist	138
kolikokoli	138
kvestij	138
kvestijah	138
kvestijam	138
kvestijami	138
kvestije	138
kvestijeju	138
kvestiji	138
kvestijo	138
kvestiju	138
Srbija	138
balet	138
kratky	138
podanok	138
pokusiti	138
vebsajt	138
myslet	138
mysleča	138
mysleče	138
mysleči	138
mysli	138
myslih	138
myslihmo	138
myslihu	138
myslil	138
myslila	138
myslili	138
myslilo	138
myslima	138
myslimo	138
myslimy	138
mysliste	138
myslite	138
myslivša	138
myslivše	138
myslivši	138
mysliš	138
mysliše	138
mysljena	138
mysljeno	138
mysljeny	138
specialist	138
těnj	138
car	138
uspěhah	138
uspěham	138
uspěhami	138
uspěhom	138
uspěhov	138
uspěhu	138
uspěhy	138
uspěše	138
dorazuměvanje	138
sět	138
portret	138
zaklad	138
starta	138
startah	138
startam	138
startami	138
starte	138
startom	138
startov	138
startu	138
starty	138
žadna	138
žadne	138
žadni	138
žadno	138
žadnogo	138
žadnoj	138
žadnoju	138
žadnom	138
žadnomu	138
žadnu	138
žadnyh	138
žadnym	138
žadnymi	138
atak	138
atakah	138
atakam	138
atakami	138
atako	138
atakoju	138
ataku	138
ataky	138
atakě	138
matča	138
matčah	138
matčam	138
matčami	138
matče	138
matčem	138
matčev	138
matču	138
parlamenta	138
parlamentah	138
parlamentam	138
parlamentami	138
parlamente	138
parlamentom	138
parlamentov	138
parlamentu	138
parlamenty	138
objedinjeno	138
republik	137
republikah	137
republikam	137
republikami	137
republiko	137
republikoju	137
republiku	137
republiky	137
republikě	137
božji	137
definitivno	137
dyh	137
volej	137
voljah	137
voljam	137
voljami	137
voljeju	137
volji	137
voljo	137
volju	137
šansa	137
šansah	137
šansam	137
šansami	137
šanse	137
šansom	137
šansov	137
šansu	137
šansy	137
grěh	137
kanala	137
kanalah	137
kanalam	137
kanalami	137
kanale	137
kanalom	137
kanalov	137
kanalu	137
kanaly	137
Nehaj	137
Sila	137
duel	137
radia	137
radiah	137
radiam	137
radiami	137
radiom	137
radiu	137
ideja	137
arhitektura	137
konkurs	137
razslědovanje	137
svojnost	137
sěděti	137
inženjer	137
pisanje	137
zaněčto	137
avto	137
generaljno	137
poměščenje	137
bravo	137
osnovany	137
poblagodariti	137
dopis	137
zaležnost	137
zavisnost	137
izpolniteljny	137
protest	137
kruga	137
krugah	137
krugam	137
krugami	137
krugom	137
krugov	137
krugu	137
krugy	137
kruže	137
solnc	137
solnca	137
solncah	137
solncam	137
solncami	137
solncem	137
solncu	137
tišina	137
trpěnje	137
vlastah	137
vlastam	137
vlastami	137
vlasti	137
vlastij	137
vlastju	137
Meksiko	137
pismo	137
roza	137
samostojno	137
vesde	137
alo	137
fonda	137
fondah	137
fondam	137
fondami	137
fonde	137
fondom	137
fondov	137
fondu	137
fondy	137
Sěverna	137
izojdti	137
mak	137
kostel	137
několikokratno	137
stěnj	137
vokrug	137
velika	137
velike	137
veliki	137
veliko	137
velikogo	137
velikoj	137
velikoju	137
velikom	137
velikomu	137
veliku	137
velikyh	137
velikym	137
velikymi	137
gimnazija	137
gorsky	137
osnova	137
pozvaljaje	137
spektr	137
morsky	137
poslati	137
pytati	137
rěkti	137
vračati	137
hotěti	137
rěčnik	137
umětnik	137
polovině	137
možlivostah	137
možlivostam	137
možlivostami	137
možlivosti	137
možlivostij	137
možlivostju	137
dolar	137
povrhnja	137
povrhnost	137
površina	137
skok	137
Petok	137
Veliky	137
fotograf	137
popularnost	137
policij	137
policijah	137
policijam	137
policijami	137
policijeju	137
policiji	137
policijo	137
policiju	137
statij	137
statijah	137
statijam	137
statijami	137
statije	137
statijeju	137
statiji	137
statijo	137
statiju	137
srpenj	137
bezpečny	137
tvoja	137
tvoje	137
tvojego	137
tvojej	137
tvojeju	137
tvojem	137
tvojemu	137
tvoji	137
tvojih	137
tvojim	137
tvojimi	137
tvoju	137
Centraljny	137
Komitet	137
aj	137
medsestra	137
slěd	137
pisah	137
pisahmo	137
pisahu	137
pisal	137
pisala	137
pisali	137
pisalo	137
pisana	137
pisano	137
pisany	137
pisaste	137
pisavša	137
pisavše	137
pisavši	137
pisaše	137
piše	137
pišem	137
pišema	137
pišemo	137
pišemy	137
pišete	137
pišeš	137
piši	137
pišimo	137
pišite	137
pišu	137
pišut	137
pišuča	137
pišuče	137
pišuči	137
pokazyvati	137
vozgled	137
stola	137
stolah	137
stolam	137
stolami	137
stole	137
stolom	137
stolov	137
stolu	137
stoly	137
dokazati	137
pěvec	137
sklad	137
osobno	137
izprva	137
mudry	137
novembr	137
organizm	137
Zapadna	137
put	137
Iztočna	137
Vozhodna	137
burja	137
terapija	137
pridělanje	137
držav	137
državah	137
državam	137
državami	137
državo	137
državoju	137
državu	137
državy	137
državě	137
dokud	137
grěška	137
prazdnika	137
prazdnikah	137
prazdnikam	137
prazdnikami	137
prazdnikom	137
prazdnikov	137
prazdniku	137
prazdniky	137
prazdniče	137
ogromny	137
obmedženje	137
praksa	137
grečsky	137
zrěnje	137
peta	137
pete	137
peto	137
petogo	137
petoj	137
petoju	137
petom	137
petomu	137
petu	137
petyh	137
petym	137
petymi	137
cělkovito	137
hemija	137
producent	137
světla	136
světlah	136
světlam	136
světlami	136
světlom	136
světlu	136
světol	136
baron	136
prizvanje	136
prědprijemstvo	136
suma	136
stran	136
stranah	136
stranam	136
stranami	136
strano	136
stranoju	136
stranu	136
straně	136
Kalifornija	136
profesora	136
profesorah	136
profesoram	136
profesorami	136
profesore	136
profesori	136
profesorom	136
profesorov	136
profesoru	136
ritm	136
Stoj	136
logika	136
postavjenje	136
slučajno	136
noža	136
nožah	136
nožam	136
nožami	136
nože	136
nožem	136
nožev	136
nožu	136
žrlo	136
kolika	136
kolike	136
koliki	136
kolikogo	136
kolikoj	136
kolikoju	136
kolikom	136
kolikomu	136
koliku	136
kolikyh	136
kolikym	136
kolikymi	136
količeje	136
količějši	136
mlada	136
mlade	136
mladi	136
mlado	136
mladogo	136
mladoj	136
mladoju	136
mladom	136
mladomu	136
mladu	136
mladyh	136
mladym	136
mladymi	136
mladěje	136
mladějši	136
měsečno	136
povtorno	136
rak	136
članka	136
člankah	136
člankam	136
člankami	136
člankom	136
člankov	136
članku	136
članky	136
članče	136
cěn	136
cěnah	136
cěnam	136
cěnami	136
cěno	136
cěnoju	136
cěny	136
cěně	136
Dobrodošli	136
avtomobil	136
slon	136
uděl	136
prodolžati	136
prězime	136
ova	136
ove	136
ovi	136
ovo	136
ovogo	136
ovoj	136
ovoju	136
ovom	136
ovomu	136
ovu	136
ovyh	136
ovym	136
ovymi	136
gonka	136
udača	136
prijemny	136
krovju	136
krvah	136
krvam	136
krvami	136
krve	136
krvi	136
krvij	136
izslědok	136
polk	136
ljubovju	136
ljubvah	136
ljubvam	136
ljubvami	136
ljubve	136
ljubvi	136
ljubvij	136
operacija	136
sovětsky	136
gluboky	136
zasada	136
rosijska	136
rosijske	136
rosijski	136
rosijsko	136
rosijskogo	136
rosijskoj	136
rosijskoju	136
rosijskom	136
rosijskomu	136
rosijsku	136
rosijskyh	136
rosijskym	136
rosijskymi	136
stila	136
stilah	136
stilam	136
stilami	136
stile	136
stilja	136
stiljah	136
stiljam	136
stiljami	136
stilje	136
stiljem	136
stiljev	136
stilju	136
stilom	136
stilov	136
stilu	136
stily	136
naskroz	136
onoliky	136
prěživanje	136
red	136
novin	136
novinah	136
novinam	136
novinami	136
děvka	136
kolor	136
Turcija	136
Amerikanec	136
oruženje	136
otvoriti	136
črveny	136
Lena	136
softver	136
trideset	136
trideseti	136
Iztok	136
Srědnji	136
Vozhod	136
nazvany	136
onoj	136
seksa	136
sekse	136
seksom	136
seksu	136
Hrvatija	136
ahoj	136
nastrojenje	136
nazva	136
Švejcarija	136
možnostah	136
možnostam	136
možnostami	136
možnosti	136
možnostij	136
možnostju	136
najboljša	136
najboljše	136
najboljšego	136
najboljšej	136
najboljšeje	136
najboljšeju	136
najboljšejši	136
najboljšem	136
najboljšemu	136
najboljših	136
najboljšim	136
najboljšimi	136
najboljšu	136
zvězd	136
zvězdah	136
zvězdam	136
zvězdami	136
zvězdo	136
zvězdoju	136
zvězdu	136
zvězdy	136
zvězdě	136
jabloko	136
jeda	136
minus	136
prěstati	136
basketbol	136
izdavati	136
ročnica	136
věr	136
věrah	136
věram	136
věrami	136
věro	136
věroju	136
věru	136
věry	136
věrě	136
Slovakija	136
orel	136
neb	136
neba	136
nebah	136
nebam	136
nebami	136
nebes	136
nebesa	136
nebesah	136
nebesam	136
nebesami	136
nebese	136
nebesem	136
nebesi	136
nebom	136
nebu	136
pola	136
polah	136
polam	136
polami	136
pole	136
polom	136
polov	136
polu	136
poly	136
Afrika	136
jezyka	136
jezykah	136
jezykam	136
jezykami	136
jezykom	136
jezykov	136
jezyku	136
jezyky	136
jezyče	136
čita	136
čitah	136
čitahmo	136
čitahu	136
čitaj	136
čitaje	136
čitajema	136
čitajemo	136
čitajemy	136
čitajete	136
čitaješ	136
čitajmo	136
čitajte	136
čitaju	136
čitajut	136
čitajuča	136
čitajuče	136
čitajuči	136
čital	136
čitala	136
čitali	136
čitalo	136
čitam	136
čitama	136
čitamo	136
čitamy	136
čitana	136
čitanje	136
čitano	136
čitany	136
čitaste	136
čitate	136
čitavša	136
čitavše	136
čitavši	136
čitaš	136
čitaše	136
krasivy	136
odpor	136
prezentacija	136
razuměti	136
reakcija	136
sbirka	136
foruma	136
forumah	136
forumam	136
forumami	136
forume	136
forumom	136
forumov	136
forumu	136
forumy	136
jutr	136
jutra	136
jutrah	136
jutram	136
jutrami	136
jutrom	136
jutru	136
inspektor	136
lěsa	136
lěsah	136
lěsam	136
lěsami	136
lěse	136
lěsom	136
lěsov	136
lěsu	136
lěsy	136
procedura	136
rukě	136
vrat	136
vratah	136
vratam	136
vratami	136
byk	136
garaž	136
trg	136
serial	136
korona	136
kut	136
močny	136
vdova	136
čin	136
socialjna	136
domovy	136
izraženje	136
historik	136
kniževnost	136
koalicija	136
tempo	136
stan	136
prědstati	135
desna	135
desne	135
desni	135
desno	135
desnogo	135
desnoj	135
desnoju	135
desnom	135
desnomu	135
desnu	135
desnyh	135
desnym	135
desnymi	135
desněje	135
desnějši	135
sěmejny	135
dovesti	135
bok	135
karate	135
punkt	135
skončiti	135
platby	135
festivala	135
festivalah	135
festivalam	135
festivalami	135
festivale	135
festivalom	135
festivalov	135
festivalu	135
festivaly	135
orkestr	135
štaba	135
jedva	135
navěky	135
obměn	135
uspěšny	135
věčno	135
kombinacija	135
dnešnji	135
dnešny	135
dověrje	135
rast	135
usluga	135
elektroničny	135
bilet	135
zasluga	135
heroj	135
trening	135
beton	135
dědok	135
era	135
komunikacija	135
konkretno	135
poker	135
prěvažno	135
hor	135
časin	135
časinah	135
časinam	135
časinami	135
časino	135
časinoju	135
časinu	135
časiny	135
časině	135
izguba	135
učestje	135
sestr	135
sestrah	135
sestram	135
sestrami	135
sestro	135
sestroju	135
sestru	135
sestry	135
sestrě	135
opozicija	135
propaganda	135
rezultat	135
kolekcija	135
mladež	135
biskup	135
meča	135
mečah	135
mečam	135
mečami	135
meče	135
mečem	135
mečev	135
meču	135
poleta	135
poletah	135
poletam	135
poletami	135
polete	135
poletom	135
poletov	135
poletu	135
polety	135
vozduha	135
vozduhah	135
vozduham	135
vozduhami	135
vozduhom	135
vozduhov	135
vozduhu	135
vozduhy	135
vozduše	135
tatah	135
tatam	135
tatami	135
tati	135
tato	135
tatoju	135
tatov	135
tatu	135
taty	135
tatě	135
niva	135
obadva	135
pasport	135
rabet	135
rabeča	135
rabeče	135
rabeči	135
rabi	135
rabih	135
rabihmo	135
rabihu	135
rabil	135
rabila	135
rabili	135
rabilo	135
rabim	135
rabima	135
rabimo	135
rabimy	135
rabiste	135
rabite	135
rabivša	135
rabivše	135
rabivši	135
rabiš	135
rabiše	135
rabjena	135
rabjenje	135
rabjeno	135
rabjeny	135
rabju	135
modul	135
stres	135
južny	135
marec	135
myš	135
turečsky	135
vrhovny	135
boljšestah	135
boljšestam	135
boljšestami	135
boljšesti	135
boljšestij	135
boljšestju	135
stroj	135
hladno	135
izdanje	135
molitva	135
glasno	135
sekcija	135
agenta	135
agentah	135
agentam	135
agentami	135
agente	135
agenti	135
agentom	135
agentov	135
agentu	135
proizvodstva	135
proizvodstvom	135
proizvodstvu	135
gorši	135
islam	135
zon	135
zonah	135
zonam	135
zonami	135
zono	135
zonoju	135
zonu	135
zony	135
zoně	135
gradsky	135
studij	135
studijah	135
studijam	135
studijami	135
studije	135
studijeju	135
studiji	135
studijo	135
studiju	135
Blizky	135
aspekt	135
bara	135
barah	135
baram	135
barami	135
bare	135
barom	135
barov	135
baru	135
bary	135
opisa	135
opisah	135
opisam	135
opisami	135
opise	135
opisom	135
opisov	135
opisu	135
opisy	135
borba	135
gerb	135
šampionat	135
gordy	135
rosa	135
členjstvo	135
prac	135
pracah	135
pracam	135
pracami	135
prace	135
praceju	135
praci	135
praco	135
pracu	135
kamer	135
kamerah	135
kameram	135
kamerami	135
kamero	135
kameroju	135
kameru	135
kamery	135
kamerě	135
pomočah	135
pomočam	135
pomočami	135
pomoči	135
pomočij	135
izměna	135
uho	135
najlučša	135
najlučše	135
najlučšego	135
najlučšej	135
najlučšeje	135
najlučšeju	135
najlučšejši	135
najlučšem	135
najlučšemu	135
najlučših	135
najlučšim	135
najlučšimi	135
najlučšu	135
medicina	135
močnost	135
cělkovity	135
psihologija	135
samit	135
suhy	135
Norvegija	135
rana	135
vslědno	135
hlěba	135
hlěbah	135
hlěbam	135
hlěbami	135
hlěbe	135
hlěbom	135
hlěbov	135
hlěbu	135
hlěby	135
slovnik	135
věret	135
věreča	135
věreče	135
věreči	135
věri	135
věrih	135
věrihmo	135
věrihu	135
věril	135
věrila	135
věrili	135
věrilo	135
věrim	135
věrima	135
věrimo	135
věrimy	135
věriste	135
věrite	135
věrivša	135
věrivše	135
věrivši	135
věriš	135
věriše	135
věrjena	135
věrjenje	135
věrjeno	135
věrjeny	135
věrju	135
Ameriky	135
Sjedinjene	135
tojže	135
usta	135
Štaty	135
tydnjah	135
tydnjam	135
tydnjami	135
tydnje	135
tydnjem	135
tydnjev	135
tydnju	135
hraniti	135
čisliti	135
duži	135
suprug	135
zdar	135
departament	135
skala	135
škala	135
nosa	134
nosah	134
nosam	134
nosami	134
nose	134
nosom	134
nosov	134
nosu	134
nosy	134
někamo	134
sodržanje	134
bezopasny	134
dol	134
godišnica	134
klasičny	134
pistolet	134
robot	134
cvěta	134
cvětah	134
cvětam	134
cvětami	134
cvěte	134
cvětom	134
cvětov	134
cvětu	134
cvěty	134
rěčenje	134
tehničny	134
koncepcija	134
luk	134
sn	134
sna	134
snah	134
snam	134
snami	134
sne	134
snom	134
snov	134
snu	134
sny	134
sona	134
sonah	134
sonam	134
sonami	134
sone	134
sonom	134
sonov	134
sonu	134
sony	134
anglijska	134
anglijske	134
anglijski	134
anglijsko	134
anglijskogo	134
anglijskoj	134
anglijskoju	134
anglijskom	134
anglijskomu	134
anglijsku	134
anglijskyh	134
anglijskym	134
anglijskymi	134
prědstavjenje	134
pěvica	134
najpozdněje	134
pracovnik	134
depresija	134
vplyva	134
vplyvah	134
vplyvam	134
vplyvami	134
vplyve	134
vplyvom	134
vplyvov	134
vplyvu	134
vplyvy	134
krugl	134
kruglah	134
kruglam	134
kruglami	134
kruglo	134
krugloju	134
kruglu	134
krugly	134
kruglě	134
svez	134
družstv	134
družstva	134
družstvah	134
družstvam	134
družstvami	134
družstvom	134
družstvu	134
Madrid	134
bal	134
měna	134
novosti	134
paru	134
podavati	134
tenis	134
zapada	134
zapade	134
zapadom	134
zapadu	134
rukovodstvo	134
Federacija	134
Rosijska	134
premo	134
akurat	134
infrastruktura	134
dočerka	134
mladica	134
znamenje	134
aplikacija	134
materija	134
ostati	134
praviljno	134
naklad	134
Danija	134
běgti	134
flota	134
postupka	134
unija	134
fakta	134
faktah	134
faktam	134
faktami	134
fakte	134
faktom	134
faktov	134
faktu	134
fakty	134
testa	134
testah	134
testam	134
testami	134
teste	134
testem	134
testev	134
testi	134
testom	134
testov	134
testu	134
testy	134
pomimo	134
povtoriti	134
boljša	134
boljše	134
boljšego	134
boljšej	134
boljšeje	134
boljšeju	134
boljšejši	134
boljšem	134
boljšemu	134
boljših	134
boljšim	134
boljšimi	134
boljšu	134
mrazina	134
petnadset	134
potrěba	134
poza	134
sladoled	134
služebnik	134
Budapest	134
rolja	134
cělja	134
cěljah	134
cěljam	134
cěljami	134
cělje	134
cěljem	134
cěljev	134
cělju	134
Belgija	134
grozba	134
teply	134
parka	134
parkah	134
parkam	134
parkami	134
parkom	134
parkov	134
parku	134
parky	134
parče	134
škoda	134
rimsky	134
polna	134
polne	134
polni	134
polnogo	134
polnoj	134
polnoju	134
polnom	134
polnomu	134
polnu	134
polnyh	134
polnym	134
polnymi	134
polněje	134
polnějši	134
zlata	134
zlatom	134
zlatu	134
idiot	134
kult	134
bloka	134
blokah	134
blokam	134
blokami	134
blokom	134
blokov	134
bloku	134
bloky	134
bloče	134
dok	134
dostojenjstvo	134
kolěno	134
mat	134
učet	134
zaměniti	134
čij	134
nalěvo	134
izključajuči	134
opasny	134
razbirati	134
izključenje	134
stupenj	134
oboh	134
obom	134
oboma	134
obě	134
igračka	134
prvěstok	134
referendum	134
vojenno	134
naprotiv	134
prědsědatelja	134
prědsědateljah	134
prědsědateljam	134
prědsědateljami	134
prědsědateljem	134
prědsědateljev	134
prědsědatelji	134
prědsědatelju	134
slyšati	134
zrěnja	134
nagrada	134
neščestny	134
presa	134
izdati	134
izvoljny	134
mudrost	134
supa	134
vojenny	134
ministerstv	134
ministerstva	134
ministerstvah	134
ministerstvam	134
ministerstvami	134
ministerstvom	134
ministerstvu	134
syra	134
syrah	134
syram	134
syrami	134
syre	134
syrom	134
syrov	134
syru	134
syry	134
dira	134
masaž	134
mit	134
nebesky	134
opcija	134
Azija	134
Ben	134
Big	134
počutje	134
vely	134
javjenje	134
one	134
Rumunija	134
fevruar	134
grobišče	134
komisij	133
komisijah	133
komisijam	133
komisijami	133
komisije	133
komisijeju	133
komisiji	133
komisijo	133
komisiju	133
koristati	133
naděj	133
nadějah	133
nadějam	133
nadějami	133
naděje	133
nadějeju	133
naději	133
nadějo	133
vlastničstvo	133
kakost	133
provodnik	133
tovariš	133
zakaznik	133
akula	133
kadr	133
učebnik	133
učiteljka	133
kabel	133
krava	133
zavod	133
informacij	133
informacijah	133
informacijam	133
informacijami	133
informacije	133
informacijeju	133
informaciji	133
informacijo	133
informaciju	133
izběgti	133
izraziti	133
čokolada	133
žolty	133
dějateljnosti	133
dějateljnostju	133
deveta	133
devete	133
deveti	133
deveto	133
devetogo	133
devetoj	133
devetoju	133
devetom	133
devetomu	133
devetu	133
devetyh	133
devetym	133
devetymi	133
komisar	133
koža	133
poslanje	133
jedinnadset	133
tiho	133
Čehija	133
ryb	133
rybah	133
rybam	133
rybami	133
rybo	133
ryboju	133
rybu	133
ryby	133
rybě	133
aprilj	133
godnost	133
indeks	133
universiteta	133
universitetah	133
universitetam	133
universitetami	133
universitete	133
universitetom	133
universitetov	133
universitetu	133
universitety	133
podekovati	133
marša	133
maršah	133
maršam	133
maršami	133
marše	133
maršem	133
maršev	133
maršu	133
stranic	133
stranicah	133
stranicam	133
stranicami	133
stranice	133
straniceju	133
stranici	133
stranico	133
stranicu	133
faktor	133
někoj	133
pověděti	133
prvenjstvo	133
narodna	133
narodne	133
narodni	133
narodno	133
narodnogo	133
narodnoj	133
narodnoju	133
narodnom	133
narodnomu	133
narodnu	133
narodnyh	133
narodnym	133
narodnymi	133
narodněje	133
narodnějši	133
sděla	133
sdělah	133
sdělahmo	133
sdělahu	133
sdělaj	133
sdělaje	133
sdělajema	133
sdělajemo	133
sdělajemy	133
sdělajete	133
sdělaješ	133
sdělajmo	133
sdělajte	133
sdělaju	133
sdělajut	133
sdělajuča	133
sdělajuče	133
sdělajuči	133
sdělal	133
sdělala	133
sdělali	133
sdělalo	133
sdělam	133
sdělama	133
sdělamo	133
sdělamy	133
sdělana	133
sdělanje	133
sdělano	133
sdělany	133
sdělaste	133
sdělate	133
sdělavša	133
sdělavše	133
sdělavši	133
sdělaš	133
sdělaše	133
alternativa	133
dogovor	133
Sovětsky	133
Svez	133
dolina	133
sověst	133
polnoč	133
ravnako	133
gradžanjstvo	133
běgati	133
oběčanje	133
taksi	133
pisme	133
pravosudje	133
stolka	133
obrazovanij	133
obrazovanja	133
obrazovanjah	133
obrazovanjam	133
obrazovanjami	133
obrazovanjem	133
obrazovanju	133
ponedělka	133
ponedělkah	133
ponedělkam	133
ponedělkami	133
ponedělkom	133
ponedělkov	133
ponedělku	133
ponedělky	133
ponedělče	133
izigrati	133
pokoj	133
kolač	133
moderny	133
porta	133
portah	133
portam	133
portami	133
porte	133
portom	133
portov	133
portu	133
porty	133
rěšenij	133
rěšenja	133
rěšenjah	133
rěšenjam	133
rěšenjami	133
rěšenjem	133
rěšenju	133
osrědok	133
vojdti	133
vitezstv	133
vitezstva	133
vitezstvah	133
vitezstvam	133
vitezstvami	133
vitezstvom	133
vitezstvu	133
najblizši	133
osnovno	133
prěžitje	133
upity	133
lig	133
ligah	133
ligam	133
ligami	133
ligo	133
ligoju	133
ligu	133
ligy	133
ligě	133
oleja	133
olejah	133
olejam	133
olejami	133
oleje	133
olejem	133
olejev	133
oleju	133
redakcija	133
cěnnostah	133
cěnnostam	133
cěnnostami	133
cěnnosti	133
cěnnostij	133
cěnnostju	133
odgovornostah	133
odgovornostam	133
odgovornostami	133
odgovornosti	133
odgovornostij	133
odgovornostju	133
smysla	133
smyslah	133
smyslam	133
smyslami	133
smysle	133
smyslom	133
smyslov	133
smyslu	133
smysly	133
gospodarstvo	133
kurort	133
naturaljny	133
obrazec	133
tipično	133
tjurma	133
četyrideset	133
četyrideseti	133
věka	133
věkah	133
věkam	133
věkami	133
věkom	133
věkov	133
věku	133
věky	133
věče	133
arhitekt	133
papa	133
časopis	133
energije	133
energijeju	133
energiji	133
energijo	133
energiju	133
vozhoda	133
vozhode	133
vozhodom	133
vozhodu	133
iztoka	133
iztokah	133
iztokam	133
iztokami	133
iztokom	133
iztokov	133
iztoku	133
iztoky	133
iztoče	133
kuhar	133
lěsny	133
rodna	133
sluga	133
Finlandija	133
kol	133
kolah	133
kolam	133
kolami	133
koles	133
kolesa	133
kolesah	133
kolesam	133
kolesami	133
kolese	133
kolesem	133
kolesi	133
kolom	133
kolu	133
ured	133
balkon	133
opustiti	133
tlo	133
ščestno	133
ulic	133
ulicah	133
ulicam	133
ulicami	133
ulice	133
uliceju	133
ulici	133
ulico	133
ulicu	133
avtoritet	133
izbaviti	133
raznica	133
najvelika	133
najvelike	133
najveliki	133
najveliko	133
najvelikogo	133
najvelikoj	133
najvelikoju	133
najvelikom	133
najvelikomu	133
najveliku	133
najvelikyh	133
najvelikym	133
najvelikymi	133
najveličeje	133
najveličějši	133
največša	133
največše	133
največšego	133
največšej	133
največšeje	133
največšeju	133
največšejši	133
največšem	133
največšemu	133
največših	133
največšim	133
največšimi	133
največšu	133
diplom	133
prějdti	133
prěvod	133
rum	133
avgust	133
gospodža	133
mobiljny	133
radar	133
vdol	133
Sirija	133
baran	133
britanjsky	133
gorše	133
občežitje	132
tamtoj	132
usměh	132
jedinnadseta	132
jedinnadsete	132
jedinnadseti	132
jedinnadseto	132
jedinnadsetogo	132
jedinnadsetoj	132
jedinnadsetoju	132
jedinnadsetom	132
jedinnadsetomu	132
jedinnadsetu	132
jedinnadsetyh	132
jedinnadsetym	132
jedinnadsetymi	132
miliona	132
milionah	132
milionam	132
milionami	132
milionom	132
milionov	132
milionu	132
miliony	132
suprotiv	132
tvrdy	132
hokej	132
dodatno	132
svrhu	132
vodle	132
krasny	132
orudovanje	132
televizijny	132
črna	132
vysoka	132
vysoke	132
vysoki	132
vysokogo	132
vysokoj	132
vysokoju	132
vysokom	132
vysokomu	132
vysoku	132
vysokyh	132
vysokym	132
vysokymi	132
crkva	132
sjem	132
uvag	132
uvagah	132
uvagam	132
uvagami	132
uvago	132
uvagoju	132
uvagu	132
uvagy	132
uvagě	132
kabinet	132
surabota	132
turizm	132
vsekde	132
jedinova	132
jedinove	132
jedinovi	132
jedinovo	132
jedinovogo	132
jedinovoj	132
jedinovoju	132
jedinovom	132
jedinovomu	132
jedinovu	132
jedinovyh	132
jedinovym	132
jedinovymi	132
jedinověje	132
jedinovějši	132
Irlandija	132
dnevny	132
nesgoda	132
plavanje	132
poljsky	132
finansovy	132
profesija	132
vozvratiti	132
Teksas	132
povyšenje	132
prstenj	132
kapitana	132
kapitanah	132
kapitanam	132
kapitanami	132
kapitane	132
kapitani	132
kapitanom	132
kapitanov	132
kapitanu	132
trenera	132
trenerah	132
treneram	132
trenerami	132
trenere	132
treneri	132
trenerom	132
trenerov	132
treneru	132
oficialjny	132
ustav	132
Irak	132
odsutstvo	132
podtrimyvanje	132
pogled	132
priručnik	132
noga	132
paradoks	132
pomysliti	132
naposlěd	132
naposlědok	132
okazati	132
vlastniti	132
jedro	132
napraviti	132
čempion	132
reforma	132
svědomje	132
ličny	132
temperatur	132
temperaturah	132
temperaturam	132
temperaturami	132
temperaturo	132
temperaturoju	132
temperaturu	132
temperatury	132
temperaturě	132
pomněti	132
voditelj	132
zajec	132
ognj	132
ognja	132
ognjah	132
ognjam	132
ognjami	132
ognje	132
ognjem	132
ognjev	132
ognju	132
ogonja	132
ogonjah	132
ogonjam	132
ogonjami	132
ogonje	132
ogonjem	132
ogonjev	132
ogonju	132
krajno	132
logično	132
pozadje	132
pravilo	132
rědky	132
lěpota	132
zapadno	132
struktur	132
strukturah	132
strukturam	132
strukturami	132
strukturo	132
strukturoju	132
strukturu	132
struktury	132
strukturě	132
posědati	132
radiovy	132
osvobodženje	132
naseljenje	132
prědnji	132
prědny	132
sustrěsti	132
dram	132
dramah	132
dramam	132
dramami	132
dramo	132
dramoju	132
dramu	132
dramy	132
dramě	132
večerja	132
gor	132
gorah	132
goram	132
gorami	132
goro	132
goroju	132
goru	132
gorě	132
haos	132
pedagog	132
povtarjati	132
progres	132
svoboda	132
zdravotničstvo	132
legend	132
legendah	132
legendam	132
legendami	132
legendo	132
legendoju	132
legendu	132
legendy	132
legendě	132
naroda	132
narodah	132
narodam	132
narodami	132
narode	132
narodom	132
narodov	132
narodu	132
narody	132
pokazah	132
pokazahmo	132
pokazahu	132
pokazal	132
pokazala	132
pokazali	132
pokazalo	132
pokazana	132
pokazanje	132
pokazano	132
pokazany	132
pokazaste	132
pokazavša	132
pokazavše	132
pokazavši	132
pokazaše	132
pokaže	132
pokažem	132
pokažema	132
pokažemo	132
pokažemy	132
pokažete	132
pokažeš	132
pokaži	132
pokažimo	132
pokažite	132
pokažu	132
pokažut	132
pokažuča	132
pokažuče	132
pokažuči	132
dobaviti	132
nesumněno	132
spad	132
devetju	132
dolga	132
dolge	132
dolgi	132
dolgogo	132
dolgoj	132
dolgoju	132
dolgom	132
dolgomu	132
dolgu	132
dolgyh	132
dolgym	132
dolgymi	132
dolžeje	132
dolžějši	132
tanca	132
tancah	132
tancam	132
tancami	132
tance	132
tancem	132
tancev	132
tancu	132
tanče	132
postanovjenje	132
sozdavati	132
napad	132
razvoj	132
medij	132
medijah	132
medijam	132
medijami	132
početkovo	132
sědališče	132
gnězdo	132
strop	132
spanjem	132
kojakoli	132
kojegokoli	132
kojejkoli	132
kojejukoli	132
kojekoli	132
kojemkoli	132
kojemukoli	132
kojihkoli	132
kojikoli	132
kojimikoli	132
kojimkoli	132
kojukoli	132
shodka	132
davnym	132
vzadu	132
adresah	132
adresam	132
adresami	132
adrese	132
adreso	132
adresoju	132
adresom	132
adresov	132
adresu	132
adresy	132
adresě	132
mira	132
mire	132
mirom	132
miru	132
spah	132
spahmo	132
spahu	132
spal	132
spala	132
spali	132
spalo	132
spana	132
spanje	132
spano	132
spany	132
spaste	132
spavša	132
spavše	132
spavši	132
spaše	132
spet	132
speča	132
speče	132
speči	132
spi	132
spim	132
spima	132
spimo	132
spimy	132
spite	132
spiš	132
spju	132
lak	132
jajce	132
pravny	132
vonj	132
praktika	132
ravny	132
rodin	132
rodinah	132
rodinam	132
rodinami	132
rodino	132
rodinoju	132
rodinu	132
rodiny	132
rodině	132
januar	131
pojdti	131
seriozny	131
črne	131
črni	131
črno	131
črnogo	131
črnoj	131
črnoju	131
črnom	131
črnomu	131
črnu	131
črnyh	131
črnym	131
črnymi	131
črněje	131
črnějši	131
nezly	131
odtisk	131
organizovati	131
sil	131
silah	131
silam	131
silami	131
silo	131
siloju	131
silu	131
sily	131
silě	131
rolju	131
čudo	131
nauk	131
naukah	131
naukam	131
naukami	131
nauko	131
naukoju	131
nauku	131
nauky	131
naukě	131
ljaljka	131
sěčenj	131
zlo	131
Vnutrišnjih	131
prst	131
nikamo	131
signal	131
strětenje	131
zasědanje	131
ovolika	131
ovolike	131
ovoliki	131
ovolikogo	131
ovolikoj	131
ovolikoju	131
ovolikom	131
ovolikomu	131
ovoliku	131
ovolikyh	131
ovolikym	131
ovolikymi	131
ovoličeje	131
ovoličějši	131
plošč	131
ploščah	131
ploščam	131
ploščami	131
plošče	131
ploščeju	131
plošči	131
ploščo	131
plošču	131
eksplozija	131
klasika	131
tutdenna	131
tutdenne	131
tutdenni	131
tutdenno	131
tutdennogo	131
tutdennoj	131
tutdennoju	131
tutdennom	131
tutdennomu	131
tutdennu	131
tutdennyh	131
tutdennym	131
tutdennymi	131
tutdenněje	131
tutdennějši	131
Niderlandy	131
izvoljeny	131
naučnik	131
Man	131
Ostrov	131
institucija	131
osobny	131
rodny	131
upotrěbitelj	131
zajetje	131
atlas	131
interesny	131
zvěr	131
podobny	131
centra	131
centrah	131
centram	131
centrami	131
centre	131
centrom	131
centrov	131
centru	131
centry	131
kav	131
kavah	131
kavam	131
kavami	131
kavo	131
kavoju	131
kavu	131
kavy	131
kavě	131
poděla	131
podělah	131
podělam	131
podělami	131
poděle	131
podělom	131
podělov	131
podělu	131
poděly	131
objedinjenje	131
vozhodno	131
originaljny	131
pričin	131
pričinah	131
pričinam	131
pričinami	131
pričino	131
pričinoju	131
pričinu	131
pričiny	131
Francuz	131
Sěverno	131
odděljno	131
sudjah	131
sudjam	131
sudjami	131
sudje	131
sudjeju	131
sudjev	131
sudji	131
sudjo	131
sudju	131
nazyvati	131
něčije	131
tretina	131
petka	131
petkah	131
petkam	131
petkami	131
petkom	131
petkov	131
petku	131
petky	131
petče	131
armij	131
armijah	131
armijam	131
armijami	131
armije	131
armijeju	131
armiji	131
armijo	131
armiju	131
Azerbajdžan	131
igrač	131
ledva	131
podobno	131
vodstvom	131
Narodov	131
Organizacija	131
Sjedinjenyh	131
dokaz	131
dvoboj	131
katastrofa	131
nedostatočno	131
ranši	131
skroz	131
spotrěbjenje	131
srědnje	131
interneta	131
internete	131
internetom	131
internetu	131
dějati	131
prioritet	131
platet	131
plateča	131
plateče	131
plateči	131
plati	131
platih	131
platihmo	131
platihu	131
platil	131
platila	131
platili	131
platilo	131
platim	131
platima	131
platimo	131
platimy	131
platiste	131
platite	131
plativša	131
plativše	131
plativši	131
platiš	131
platiše	131
plačena	131
plačenje	131
plačeno	131
plačeny	131
plaču	131
soljah	131
soljam	131
soljami	131
solji	131
soljij	131
solju	131
lokalny	131
sudba	131
posrěd	131
poznati	131
čestično	131
kin	131
kina	131
kinah	131
kinam	131
kinami	131
kinom	131
kinu	131
tunel	131
vsakogodišnje	131
vsakogodišno	131
politična	131
politične	131
politični	131
politično	131
političnogo	131
političnoj	131
političnoju	131
političnom	131
političnomu	131
političnu	131
političnyh	131
političnym	131
političnymi	131
političněje	131
političnějši	131
detektiv	131
obsluga	131
francuzska	131
francuzske	131
francuzski	131
francuzsko	131
francuzskogo	131
francuzskoj	131
francuzskoju	131
francuzskom	131
francuzskomu	131
francuzsku	131
francuzskyh	131
francuzskym	131
francuzskymi	131
stanij	131
stanja	131
stanjah	131
stanjam	131
stanjami	131
stanjem	131
stanju	131
laser	131
plamenj	131
pogoda	131
izrabet	131
izrabeča	131
izrabeče	131
izrabeči	131
izrabi	131
izrabih	131
izrabihmo	131
izrabihu	131
izrabil	131
izrabila	131
izrabili	131
izrabilo	131
izrabim	131
izrabima	131
izrabimo	131
izrabimy	131
izrabiste	131
izrabite	131
izrabivša	131
izrabivše	131
izrabivši	131
izrabiš	131
izrabiše	131
izrabjena	131
izrabjenje	131
izrabjeno	131
izrabjeny	131
izrabju	131
užiti	131
širši	131
intervju	131
efekta	131
efektah	131
efektam	131
efektami	131
efekte	131
efektom	131
efektov	131
efektu	131
efekty	131
prihoditi	131
publikacija	131
raboči	131
utračati	131
ščestij	131
ščestja	131
ščestjah	131
ščestjam	131
ščestjami	131
ščestjem	131
ščestju	131
češsky	131
němečska	131
němečske	131
němečski	131
němečsko	131
němečskogo	131
němečskoj	131
němečskoju	131
němečskom	131
němečskomu	131
němečsku	131
němečskyh	131
němečskym	131
němečskymi	131
literaturny	131
obučenje	131
poslušati	131
standardny	131
vozpitanje	131
voziti	131
zadržati	131
zname	131
počva	131
oka	131
okom	131
oku	131
očes	131
očesa	131
očesah	131
očesam	131
očesami	131
očese	131
očesem	131
očesi	131
udara	131
udarah	131
udaram	131
udarami	131
udare	131
udarom	131
udarov	131
udaru	131
udary	131
sal	131
salah	131
salam	131
salami	131
salo	131
saloju	131
salu	131
saly	131
salě	131
dohod	131
front	131
goreči	131
turist	131
drěv	131
drěva	131
drěvah	131
drěvam	131
drěvami	131
drěves	131
drěvesa	131
drěvesah	131
drěvesam	131
drěvesami	131
drěvese	131
drěvesem	131
drěvesi	131
drěvom	131
drěvu	131
opyt	131
školjny	131
těl	131
těla	131
tělah	131
tělam	131
tělami	131
těles	131
tělesa	131
tělesah	131
tělesam	131
tělesami	131
tělese	131
tělesem	131
tělesi	131
tělom	131
tělu	131
čeka	131
čekah	131
čekahmo	131
čekahu	131
čekaj	131
čekaje	131
čekajema	131
čekajemo	131
čekajemy	131
čekajete	131
čekaješ	131
čekajmo	131
čekajte	131
čekaju	131
čekajut	131
čekajuča	131
čekajuče	131
čekajuči	131
čekal	131
čekala	131
čekali	131
čekalo	131
čekam	131
čekama	131
čekamo	131
čekamy	131
čekana	131
čekanje	131
čekano	131
čekany	131
čekaste	131
čekate	131
čekavša	131
čekavše	131
čekavši	131
čekaš	131
čekaše	131
sputnik	131
veljryb	131
najgorši	131
naseljenja	131
pěvati	131
domen	131
rada	131
zna	131
znah	131
znahmo	131
znahu	131
znaj	131
znaje	131
znajema	131
znajemo	131
znajete	131
znaješ	131
znajmo	131
znajte	131
znajut	131
znajuča	131
znajuče	131
znajuči	131
znal	131
znala	131
znali	131
znalo	131
znam	131
znama	131
znamo	131
znamy	131
znana	131
znanje	131
znano	131
znaste	131
znate	131
znavša	131
znavše	131
znavši	131
znaš	131
znaše	131
dyhati	131
dyšati	131
zaničto	131
oktobr	131
sikvel	131
ostrova	131
ostrovah	131
ostrovam	131
ostrovami	131
ostrove	131
ostrovom	131
ostrovov	131
ostrovu	131
ostrovy	131
dviženje	131
napor	131
vključiti	131
odpovědah	131
odpovědam	131
odpovědami	131
odpovědi	131
odpovědij	131
odpovědju	131
nadpis	131
nizši	131
pověst	131
eksperiment	130
okrug	130
os	130
svetka	130
svetkah	130
svetkam	130
svetkami	130
svetkom	130
svetkov	130
svetku	130
svetky	130
svetče	130
psiholog	130
samolet	130
dojema	130
dojemah	130
dojemam	130
dojemami	130
dojeme	130
dojemom	130
dojemov	130
dojemu	130
dojemy	130
debjut	130
diagnoza	130
princa	130
princah	130
princam	130
princami	130
princem	130
princev	130
princi	130
princu	130
prodolžiti	130
vin	130
vinah	130
vinam	130
vinami	130
vinom	130
vinu	130
odděljenje	130
vodž	130
vrhny	130
doložiti	130
cirk	130
granata	130
dveri	130
klasična	130
otvor	130
biznesa	130
biznesah	130
biznesam	130
biznesami	130
biznese	130
biznesom	130
biznesov	130
biznesu	130
biznesy	130
dokumentaljny	130
kamokoli	130
obrazok	130
analiz	130
analizah	130
analizam	130
analizami	130
analizo	130
analizoju	130
analizu	130
analizy	130
analizě	130
pametah	130
pametam	130
pametami	130
pameti	130
pametij	130
pametju	130
mnogokratno	130
nebezpečny	130
prědki	130
tvrdo	130
věrojetnost	130
poludnje	130
naglo	130
odpustiti	130
pavuk	130
solidarnost	130
korupcija	130
izměny	130
izvini	130
izvinite	130
izvod	130
podnebne	130
prověriti	130
profila	130
profilah	130
profilam	130
profilami	130
profile	130
profilom	130
profilov	130
profilu	130
profily	130
najzly	130
dna	130
dnom	130
dnu	130
don	130
teorij	130
teorijah	130
teorijam	130
teorijami	130
teorije	130
teorijeju	130
teoriji	130
teorijo	130
teoriju	130
poljny	130
zrcalo	130
byvšego	130
byvšej	130
byvšeje	130
byvšeju	130
byvšejši	130
byvšem	130
byvšemu	130
byvših	130
byvšim	130
byvšimi	130
byvšu	130
mas	130
masah	130
masam	130
masami	130
maso	130
masoju	130
masu	130
masy	130
masě	130
prěvodženje	130
instituta	130
institutah	130
institutam	130
institutami	130
institute	130
institutom	130
institutov	130
institutu	130
instituty	130
fenomen	130
poet	130
poražka	130
moral	130
jara	130
jarah	130
jaram	130
jarami	130
jare	130
jarom	130
jarov	130
jaru	130
jary	130
kraljevsky	130
poddržati	130
zdravoohranjenje	130
ekipa	130
izniščenje	130
najmenši	130
tradicijny	130
veličejša	130
veličejše	130
veličejšego	130
veličejšej	130
veličejšeje	130
veličejšeju	130
veličejšejši	130
veličejšem	130
veličejšemu	130
veličejših	130
veličejšim	130
veličejšimi	130
veličejšu	130
biologija	130
objekta	130
objektah	130
objektam	130
objektami	130
objekte	130
objektom	130
objektov	130
objektu	130
objekty	130
Biblija	130
bas	130
faz	130
fazah	130
fazam	130
fazami	130
fazo	130
fazoju	130
fazu	130
fazy	130
fazě	130
bukva	130
životina	130
provoditi	130
umrti	130
umrěti	130
evr	130
evra	130
evrah	130
evram	130
evrami	130
evrom	130
evru	130
fona	130
fonah	130
fonam	130
fonami	130
fone	130
fonom	130
fonov	130
fonu	130
fony	130
julij	130
mladost	130
partnerstvo	130
rěšati	130
tehnik	130
informacijny	130
kakykoli	130
kaznj	130
koza	130
podred	130
sbor	130
smrtna	130
hvilja	130
srědstvo	130
čudno	130
ekran	130
sinji	130
bomb	130
bombah	130
bombam	130
bombami	130
bombo	130
bomboju	130
bombu	130
bomby	130
bombě	130
gitara	130
sněženj	130
stupnica	130
tigr	130
vysot	130
vysotah	130
vysotam	130
vysotami	130
vysoto	130
vysotoju	130
vysotu	130
vysoty	130
vysotě	130
inolika	130
inolike	130
inoliki	130
inoliko	130
inolikogo	130
inolikoj	130
inolikoju	130
inolikom	130
inolikomu	130
inoliku	130
inolikyh	130
inolikym	130
inolikymi	130
inoličeje	130
inoličějši	130
izborny	130
recept	130
tabela	130
evropejska	130
evropejske	130
evropejski	130
evropejsko	130
evropejskogo	130
evropejskoj	130
evropejskoju	130
evropejskom	130
evropejskomu	130
evropejsku	130
evropejskyh	130
evropejskym	130
evropejskymi	130
evropska	130
evropske	130
evropski	130
evropsko	130
evropskogo	130
evropskoj	130
evropskoju	130
evropskom	130
evropskomu	130
evropsku	130
evropskyh	130
evropskym	130
evropskymi	130
svěži	130
prostora	130
prostorah	130
prostoram	130
prostorami	130
prostore	130
prostorom	130
prostorov	130
prostoru	130
prostory	130
hirurg	130
pritisk	130
věda	130
koncentracija	130
polěv	130
sdanlivo	130
ikona	130
nudža	130
planovati	130
zabezpametet	130
zabezpameteča	130
zabezpameteče	130
zabezpameteči	130
zabezpameti	130
zabezpametih	130
zabezpametihmo	130
zabezpametihu	130
zabezpametil	130
zabezpametila	130
zabezpametili	130
zabezpametilo	130
zabezpametim	130
zabezpametima	130
zabezpametimo	130
zabezpametimy	130
zabezpametiste	130
zabezpametite	130
zabezpametivša	130
zabezpametivše	130
zabezpametivši	130
zabezpametiš	130
zabezpametiše	130
zabezpamečena	130
zabezpamečenje	130
zabezpamečeno	130
zabezpamečeny	130
zabezpameču	130
čaja	130
čajah	130
čajam	130
čajami	130
čaje	130
čajem	130
čajev	130
čaju	130
maksimaljny	130
najstarějši	130
najstarši	130
sposoba	130
sposobah	130
sposobam	130
sposobami	130
sposobe	130
sposobom	130
sposobov	130
sposobu	130
sposoby	130
fasada	130
gledati	130
kakokoli	130
trofej	130
věděnje	130
měra	129
prědstavitelj	129
vědomost	129
naučena	129
naučenje	129
naučeno	129
naučeny	129
naučet	129
naučeča	129
naučeče	129
naučeči	129
nauči	129
naučih	129
naučihmo	129
naučihu	129
naučil	129
naučila	129
naučili	129
naučilo	129
naučim	129
naučima	129
naučimo	129
naučimy	129
naučiste	129
naučite	129
naučivša	129
naučivše	129
naučivši	129
naučiš	129
naučiše	129
nauču	129
ktokoli	129
banan	129
doslovno	129
prědpoklad	129
městopoloženje	129
nagorno	129
prah	129
vesna	129
funkcij	129
funkcijah	129
funkcijam	129
funkcijami	129
funkcije	129
funkcijeju	129
funkciji	129
funkcijo	129
funkciju	129
križa	129
križah	129
križam	129
križami	129
križe	129
križem	129
križev	129
križi	129
križij	129
križju	129
križu	129
ohran	129
ohranah	129
ohranam	129
ohranami	129
ohrano	129
ohranoju	129
ohranu	129
ohrany	129
ohraně	129
dvadesetju	129
as	129
bezpečnosti	129
bezpečnostju	129
četvrta	129
četvrte	129
četvrti	129
četvrto	129
četvrtogo	129
četvrtoj	129
četvrtoju	129
četvrtom	129
četvrtomu	129
četvrtu	129
četvrtyh	129
četvrtym	129
četvrtymi	129
rade	129
rado	129
radogo	129
radoj	129
radoju	129
radom	129
radomu	129
radu	129
radyh	129
radym	129
radymi	129
radějši	129
manera	129
medaljah	129
medaljam	129
medaljami	129
medalji	129
medaljij	129
medalju	129
Luksemburg	129
administracija	129
zabrana	129
zahod	129
admiral	129
minuly	129
odbrati	129
prošedšesti	129
prošedšestju	129
prošlosti	129
prošlostju	129
Britanjske	129
detalj	129
vysokoskok	129
konferencij	129
konferencijah	129
konferencijam	129
konferencijami	129
konferencije	129
konferencijeju	129
konferenciji	129
konferencijo	129
konferenciju	129
sojuza	129
sojuzah	129
sojuzam	129
sojuzami	129
sojuze	129
sojuzom	129
sojuzov	129
sojuzu	129
sojuzy	129
sěvera	129
sěvere	129
sěverom	129
sěveru	129
ekspert	129
filozof	129
vněšnji	129
vněšny	129
ščit	129
važna	129
važne	129
važni	129
važnogo	129
važnoj	129
važnoju	129
važnom	129
važnomu	129
važnu	129
važnyh	129
važnym	129
važnymi	129
važněje	129
važnějši	129
dostignuti	129
prirodno	129
odpraviti	129
teplot	129
teplotah	129
teplotam	129
teplotami	129
teploto	129
teplotoju	129
teplotu	129
teploty	129
teplotě	129
gladny	129
tekuči	129
tok	129
kartin	129
kartinah	129
kartinam	129
kartinami	129
kartino	129
kartinoju	129
kartinu	129
kartiny	129
kartině	129
materiala	129
materialah	129
materialam	129
materialami	129
materiale	129
materialom	129
materialov	129
materialu	129
materialy	129
metra	129
metrah	129
metram	129
metrami	129
metrom	129
metru	129
něktora	129
něktore	129
něktori	129
něktoro	129
něktorogo	129
něktoroj	129
něktoroju	129
něktorom	129
něktoromu	129
něktoru	129
něktoryh	129
něktorym	129
něktorymi	129
něktorěje	129
něktorějši	129
provodženij	129
provodženja	129
provodženjah	129
provodženjam	129
provodženjami	129
provodženjem	129
provodženju	129
dožd	129
osobnost	129
literatur	129
literaturah	129
literaturam	129
literaturami	129
literaturo	129
literaturoju	129
literaturu	129
literatury	129
literaturě	129
benzin	129
reklama	129
sms	129
vnuk	129
bogynja	129
koledž	129
realjny	129
turističny	129
komiteta	129
komitetah	129
komitetam	129
komitetami	129
komitete	129
komitetom	129
komitetov	129
komitetu	129
komitety	129
kriz	129
krizah	129
krizam	129
krizami	129
krizo	129
krizoju	129
krizu	129
krizy	129
krizě	129
diskusija	129
vtorka	129
vtorkah	129
vtorkam	129
vtorkami	129
vtorkom	129
vtorkov	129
vtorku	129
vtorky	129
vtornika	129
vtornikah	129
vtornikam	129
vtornikami	129
vtornikom	129
vtornikov	129
vtorniku	129
vtorniky	129
vtorniče	129
vtorče	129
Kongo	129
korist	129
nerědko	129
nošenje	129
redaktor	129
registracija	129
skandal	129
tvorba	129
kontrol	129
kontrolah	129
kontrolam	129
kontrolami	129
kontroljah	129
kontroljam	129
kontroljami	129
kontrolji	129
kontroljij	129
kontrolju	129
kontrolo	129
kontroloju	129
kontrolu	129
kontroly	129
kontrolě	129
pocělunok	129
zly	129
ideologija	129
poručnik	129
sokol	129
stabiljnost	129
čudny	129
linij	129
linijah	129
linijam	129
linijami	129
linije	129
linijeju	129
liniji	129
linijo	129
liniju	129
četvrtka	129
četvrtkah	129
četvrtkam	129
četvrtkami	129
četvrtkom	129
četvrtkov	129
četvrtku	129
četvrtky	129
četvrtče	129
pripraviti	129
boljnic	129
boljnicah	129
boljnicam	129
boljnicami	129
boljnice	129
boljniceju	129
boljnici	129
boljnico	129
boljnicu	129
kralic	129
kralicah	129
kralicam	129
kralicami	129
kralice	129
kraliceju	129
kralici	129
kralico	129
kralicu	129
kraljevah	129
kraljevam	129
kraljevami	129
kraljevo	129
kraljevoju	129
kraljevu	129
kraljevy	129
kraljevě	129
prěklada	129
prěkladah	129
prěkladam	129
prěkladami	129
prěklade	129
prěkladom	129
prěkladov	129
prěkladu	129
prěklady	129
Vugrija	129
gest	129
značny	129
pana	129
panah	129
panam	129
panami	129
pane	129
panom	129
panov	129
panu	129
razvivanij	129
razvivanja	129
razvivanjah	129
razvivanjam	129
razvivanjami	129
razvivanjem	129
razvivanju	129
ruk	129
rukah	129
rukam	129
rukami	129
ruko	129
rukoju	129
ruku	129
Bruselj	129
italijanjsky	129
kuhnja	129
sodržati	129
loša	129
lošego	129
lošej	129
lošeje	129
lošeju	129
lošejši	129
lošem	129
lošemu	129
loših	129
lošim	129
lošimi	129
lošu	129
premier	129
premierah	129
premieram	129
premierami	129
premiero	129
premieroju	129
premieru	129
premiery	129
premierě	129
gradonačeljnik	129
motivacija	129
luny	129
majstr	129
prěkor	129
rodinny	129
razloga	129
razlogah	129
razlogam	129
razlogami	129
razlogom	129
razlogov	129
razlogu	129
razlogy	129
razlože	129
čoln	129
kneza	129
knezah	129
knezam	129
knezami	129
knezem	129
knezev	129
knezi	129
knezu	129
odpusk	129
kataloga	129
katalogah	129
katalogam	129
katalogami	129
katalogom	129
katalogov	129
katalogu	129
katalogy	129
katalože	129
carstvo	129
civilizacija	129
naočila	129
okuljary	129
probovati	129
tolika	129
tolike	129
toliki	129
tolikogo	129
tolikoj	129
tolikoju	129
tolikom	129
tolikomu	129
toliku	129
tolikyh	129
tolikym	129
tolikymi	129
toličeje	129
toličějši	129
dozvoliti	129
proryv	129
evolucija	129
lejtenant	129
Světova	129
iznasilovanje	129
memorial	129
městnost	129
zadanje	129
zdravstvena	129
bere	129
berem	129
berema	129
beremo	129
beremy	129
berete	129
bereš	129
beri	129
berimo	129
berite	129
beru	129
berut	129
beruča	129
beruče	129
beruči	129
bolja	129
boljah	129
boljam	129
boljami	129
boljem	129
boljev	129
bolju	129
brah	129
brahmo	129
brahu	129
bral	129
brala	129
brali	129
bralo	129
brana	129
branje	129
brano	129
brany	129
braste	129
bravša	129
bravše	129
bravši	129
braše	129
nazvati	129
indijsky	129
najlěpša	129
najlěpše	129
najlěpšego	129
najlěpšej	129
najlěpšeje	129
najlěpšeju	129
najlěpšejši	129
najlěpšem	129
najlěpšemu	129
najlěpših	129
najlěpšim	129
najlěpšimi	129
najlěpšu	129
obrazovateljny	129
slučaja	129
slučajah	129
slučajam	129
slučajami	129
slučaje	129
slučajem	129
slučajev	129
težky	129
vsaka	129
vsake	129
vsaki	129
vsako	129
vsakogo	129
vsakoj	129
vsakoju	129
vsakomu	129
vsakyh	129
vsakym	129
vsakymi	129
vsačeje	129
vsačějši	129
bratja	129
segodenna	129
segodenne	129
segodenni	129
segodenno	129
segodennogo	129
segodennoj	129
segodennoju	129
segodennom	129
segodennomu	129
segodennu	129
segodennyh	129
segodennym	129
segodennymi	129
segodenněje	129
segodennějši	129
deševy	128
edukacija	128
lager	128
originaljno	128
uniščenje	128
barvivo	128
raja	128
rajah	128
rajam	128
rajami	128
raje	128
rajem	128
rajev	128
raju	128
dieta	128
doljno	128
ključno	128
oblěčenje	128
troh	128
trohah	128
troham	128
trohami	128
troho	128
trohoju	128
trohě	128
izpiti	128
konsul	128
sjeti	128
zločin	128
bazar	128
delegacija	128
kolektiv	128
raziskyvanje	128
čudom	128
želězo	128
jelenj	128
vozrastla	128
poštny	128
boja	128
bojah	128
bojam	128
bojami	128
boje	128
bojem	128
bojev	128
boju	128
fantazija	128
hristijanjstvo	128
staviti	128
sutrudničstvo	128
Portugalija	128
nanovo	128
paragraf	128
požedanje	128
slědna	128
slědne	128
slědni	128
slědno	128
slědnogo	128
slědnoj	128
slědnoju	128
slědnom	128
slědnomu	128
slědnu	128
slědnyh	128
slědnym	128
slědnymi	128
slědněje	128
slědnějši	128
Děd	128
Mraz	128
nedělej	128
neděljah	128
neděljam	128
neděljami	128
nedělje	128
neděljeju	128
nedělji	128
neděljo	128
nedělju	128
sčeta	128
sčetah	128
sčetam	128
sčetami	128
sčete	128
sčetom	128
sčetov	128
sčetu	128
sčety	128
zaplatet	128
zaplateča	128
zaplateče	128
zaplateči	128
zaplati	128
zaplatih	128
zaplatihmo	128
zaplatihu	128
zaplatil	128
zaplatila	128
zaplatili	128
zaplatilo	128
zaplatim	128
zaplatima	128
zaplatimo	128
zaplatimy	128
zaplatiste	128
zaplatite	128
zaplativša	128
zaplativše	128
zaplativši	128
zaplatiš	128
zaplatiše	128
zaplačena	128
zaplačenje	128
zaplačeno	128
zaplačeny	128
zaplaču	128
avtomobiljny	128
jezdec	128
glad	128
kontrolovati	128
dokumenta	128
dokumentah	128
dokumentam	128
dokumentami	128
dokumente	128
dokumentom	128
dokumentov	128
dokumentu	128
dokumenty	128
mlěk	128
mlěka	128
mlěkah	128
mlěkam	128
mlěkami	128
mlěkom	128
mlěku	128
Argentina	128
izvěstje	128
juga	128
jugom	128
jugu	128
koristnik	128
naslědna	128
naslědne	128
naslědni	128
naslědno	128
naslědnogo	128
naslědnoj	128
naslědnoju	128
naslědnom	128
naslědnomu	128
naslědnu	128
naslědnyh	128
naslědnym	128
naslědnymi	128
naslědněje	128
naslědnějši	128
obvezok	128
map	128
mapah	128
mapam	128
mapami	128
mapo	128
mapoju	128
mapu	128
mapy	128
mapě	128
Vietnam	128
korporacija	128
živy	128
dolgah	128
dolgam	128
dolgami	128
dolgov	128
dolže	128
obstanovet	128
obstanoveča	128
obstanoveče	128
obstanoveči	128
obstanovi	128
obstanovih	128
obstanovihmo	128
obstanovihu	128
obstanovil	128
obstanovila	128
obstanovili	128
obstanovilo	128
obstanovim	128
obstanovima	128
obstanovimo	128
obstanovimy	128
obstanoviste	128
obstanovite	128
obstanovivša	128
obstanovivše	128
obstanovivši	128
obstanoviš	128
obstanoviše	128
obstanovjena	128
obstanovjenje	128
obstanovjeno	128
obstanovjeny	128
obstanovju	128
osma	128
osme	128
osmo	128
osmogo	128
osmoj	128
osmoju	128
osmom	128
osmomu	128
osmu	128
osmyh	128
osmym	128
osmymi	128
malenjky	128
razuměnje	128
leda	128
lede	128
ledom	128
ledu	128
vozrasta	128
vozrastah	128
vozrastam	128
vozrastami	128
vozraste	128
vozrastom	128
vozrastov	128
vozrastu	128
vozrasty	128
Gora	128
Slovenija	128
arešt	128
golub	128
plod	128
socialjny	128
Črna	128
lidera	128
liderah	128
lideram	128
liderami	128
lidere	128
lideri	128
liderom	128
liderov	128
lideru	128
tehnologij	128
tehnologijah	128
tehnologijam	128
tehnologijami	128
tehnologije	128
tehnologijeju	128
tehnologiji	128
tehnologijo	128
tehnologiju	128
pristanišče	128
větra	128
větrah	128
větram	128
větrami	128
větre	128
větrom	128
větrov	128
větru	128
větry	128
kralik	128
Katar	128
davna	128
duga	128
ljud	128
vědnost	128
prosvěta	128
trud	128
bezopasnosti	128
bezopasnostju	128
nafta	128
obvezno	128
omužiti	128
vgoru	128
vsudy	128
algoritm	128
deklaracija	128
kapusta	128
sladko	128
udobnomožnost	128
vdečny	128
vyjde	128
vyjdeh	128
vyjdehmo	128
vyjdehu	128
vyjdem	128
vyjdemo	128
vyjdena	128
vyjdenje	128
vyjdeno	128
vyjdeny	128
vyjdeste	128
vyjdete	128
vyjdeš	128
vyjdeše	128
vyjdi	128
vyjdimo	128
vyjdite	128
vyjdoma	128
vyjdomo	128
vyjdomy	128
vyjdu	128
vyjdut	128
vyjduča	128
vyjduče	128
vyjduči	128
vyšel	128
vyševša	128
vyševše	128
vyševši	128
vyšla	128
vyšli	128
vyšlo	128
centraljny	128
prinos	128
Děvica	128
Marija	128
izigranje	128
avtobusa	128
avtobusah	128
avtobusam	128
avtobusami	128
avtobuse	128
avtobusom	128
avtobusov	128
avtobusu	128
avtobusy	128
prisutstva	128
prisutstvom	128
prisutstvu	128
Makedonija	128
ostrěženje	128
priměra	128
priměrah	128
priměram	128
priměrami	128
priměre	128
priměrom	128
priměrov	128
priměru	128
priměry	128
pokoljenje	128
vlas	128
jed	128
jedah	128
jedahmo	128
jedahu	128
jedaj	128
jedaje	128
jedajema	128
jedajemo	128
jedajemy	128
jedajete	128
jedaješ	128
jedajmo	128
jedajte	128
jedaju	128
jedajut	128
jedajuča	128
jedajuče	128
jedajuči	128
jedal	128
jedala	128
jedali	128
jedalo	128
jedam	128
jedama	128
jedamo	128
jedamy	128
jedana	128
jedanje	128
jedano	128
jedany	128
jedaste	128
jedate	128
jedavša	128
jedavše	128
jedavši	128
jedaš	128
jedaše	128
jedeh	128
jedehmo	128
jedehu	128
jedena	128
jedenje	128
jedeno	128
jedeny	128
jedeste	128
jedeše	128
jedl	128
jedla	128
jedli	128
jedlo	128
jedmo	128
jedoma	128
jedomo	128
jedomy	128
jedte	128
jedut	128
jeduča	128
jeduče	128
jeduči	128
jedša	128
jedše	128
jedši	128
jem	128
jemo	128
jete	128
ješ	128
doda	128
dodadoma	128
dodadomo	128
dodadomy	128
dodadut	128
dodaduča	128
dodaduče	128
dodaduči	128
dodah	128
dodahmo	128
dodahu	128
dodaj	128
dodajmo	128
dodajte	128
dodal	128
dodala	128
dodali	128
dodalo	128
dodam	128
dodamo	128
dodana	128
dodanje	128
dodano	128
dodany	128
dodaste	128
dodate	128
dodavša	128
dodavše	128
dodavši	128
dodaš	128
dodaše	128
travenja	128
travenjem	128
travenju	128
bagaž	128
crkov	128
hval	128
hvalah	128
hvalam	128
hvalami	128
hvalo	128
hvaloju	128
hvalu	128
hvaly	128
hvalě	128
orientacija	128
pěvanje	128
grud	128
lětnji	128
lětny	128
hodet	128
hodeča	128
hodeče	128
hodeči	128
hodi	128
hodih	128
hodihmo	128
hodihu	128
hodil	128
hodila	128
hodili	128
hodilo	128
hodim	128
hodima	128
hodimo	128
hodimy	128
hodiste	128
hodite	128
hodivša	128
hodivše	128
hodivši	128
hodiš	128
hodiše	128
hodžena	128
hodženje	128
hodženo	128
hodženy	128
hodžu	128
trudny	128
zaisto	128
jeju	128
jimi	128
nje	128
njego	128
njej	128
njeju	128
njem	128
njemu	128
njih	128
njim	128
njimi	128
nju	128
identitet	128
izpolniti	128
mimohodom	128
pijany	128
probok	128
sbogom	128
temna	128
stvara	128
stvarah	128
stvaram	128
stvarami	128
stvare	128
stvarom	128
stvarov	128
stvaru	128
stvary	128
lěvica	128
nomera	128
nomerah	128
nomeram	128
nomerami	128
nomere	128
nomerom	128
nomerov	128
nomeru	128
nomery	128
ruha	128
ruhah	128
ruham	128
ruhami	128
ruhom	128
ruhov	128
ruhu	128
ruhy	128
ruše	128
biblioteka	128
kopija	128
sobytje	128
zatrimati	128
spisa	128
spisah	128
spisam	128
spisami	128
spise	128
spisom	128
spisov	128
spisu	128
spisy	128
korenj	128
provincija	128
sovrěmenny	128
portala	128
portalah	128
portalam	128
portalami	128
portale	128
portalom	128
portalov	128
portalu	128
portaly	128
drěvěny	128
terorizm	128
tipičny	128
fantastičny	128
sumněvati	128
susěd	128
sustrěč	128
sustrěčah	128
sustrěčam	128
sustrěčami	128
sustrěče	128
sustrěčeju	128
sustrěči	128
sustrěčo	128
sustrěču	128
biznesmen	128
pridati	128
primirje	128
strašno	128
sama	128
same	128
sami	128
samogo	128
samoj	128
samoju	128
samomu	128
samu	128
samyh	128
samym	128
samymi	128
saměje	128
samějši	128
naslědstvo	128
prohoditi	128
klinika	127
sova	127
formul	127
formulah	127
formulam	127
formulami	127
formulo	127
formuloju	127
formulu	127
formuly	127
formulě	127
himn	127
kyslorod	127
početi	127
skarb	127
kaša	127
spěvanje	127
centrala	127
deseta	127
desete	127
deseto	127
desetogo	127
desetoj	127
desetoju	127
desetom	127
desetomu	127
desetu	127
desetyh	127
desetym	127
desetymi	127
lovitelj	127
vkusa	127
vkusah	127
vkusam	127
vkusami	127
vkuse	127
vkusom	127
vkusov	127
vkusu	127
vkusy	127
baterija	127
desert	127
pozvati	127
prijateljka	127
kandidata	127
kandidatah	127
kandidatam	127
kandidatami	127
kandidate	127
kandidati	127
kandidatom	127
kandidatov	127
kandidatu	127
kuzen	127
prigoda	127
sultan	127
Malta	127
dostavka	127
popytka	127
sluh	127
priklada	127
prikladah	127
prikladam	127
prikladami	127
priklade	127
prikladom	127
prikladu	127
priklady	127
elektronična	127
najpravdopodobno	127
ocelj	127
črta	127
běga	127
běgah	127
běgam	127
běgami	127
běgom	127
běgov	127
běgu	127
běgy	127
běže	127
shem	127
shemah	127
shemam	127
shemami	127
shemo	127
shemoju	127
shemu	127
shemy	127
shemě	127
harakteristika	127
hristijanjsky	127
istinlivo	127
suditi	127
zagadkah	127
zagadkam	127
zagadkami	127
zagadko	127
zagadkoju	127
zagadku	127
zagadky	127
zagadkě	127
zagadok	127
buk	127
dalekoskok	127
okoljna	127
srědnji	127
srědny	127
amin	127
děd	127
strělec	127
vdečnost	127
Gruzija	127
jednaky	127
budynka	127
budynkah	127
budynkam	127
budynkami	127
budynkom	127
budynkov	127
budynku	127
budynky	127
budynče	127
pih	127
pihmo	127
pihu	127
pij	127
pije	127
pijem	127
pijema	127
pijemo	127
pijemy	127
pijete	127
piješ	127
pijmo	127
pijte	127
piju	127
pijut	127
pijuča	127
pijuče	127
pijuči	127
pil	127
pila	127
pili	127
pilo	127
piste	127
pita	127
pitje	127
pito	127
pity	127
pivša	127
pivše	127
pivši	127
plažah	127
plažam	127
plažami	127
plaži	127
plažij	127
plažju	127
značenij	127
značenjah	127
značenjam	127
značenjami	127
značenjem	127
značenju	127
samostojnost	127
Kosovo	127
izběgati	127
obzor	127
odděl	127
proč	127
bulgarsky	127
stolica	127
katoličsky	127
krovny	127
rahunok	127
dosegnenje	127
politiki	127
politikom	127
politikov	127
političe	127
različij	127
različja	127
različjah	127
različjam	127
različjami	127
različjem	127
različju	127
voljna	127
voljne	127
voljni	127
voljno	127
voljnogo	127
voljnoj	127
voljnoju	127
voljnom	127
voljnomu	127
voljnu	127
voljnyh	127
voljnym	127
voljnymi	127
voljněje	127
voljnějši	127
dozvoljenje	127
ogroženy	127
Afganistan	127
nečego	127
smenšiti	127
trimati	127
uměti	127
stojah	127
stojahmo	127
stojahu	127
stojal	127
stojala	127
stojali	127
stojalo	127
stojana	127
stojanje	127
stojano	127
stojany	127
stojaste	127
stojavša	127
stojavše	127
stojavši	127
stojaše	127
stojet	127
stoječa	127
stoječe	127
stoječi	127
stoji	127
stojim	127
stojima	127
stojimo	127
stojimy	127
stojite	127
stojiš	127
stoju	127
odkazati	127
oružja	127
oružjem	127
oružju	127
utr	127
utra	127
utrah	127
utram	127
utrami	127
utru	127
podklad	127
električny	127
podarok	127
poddržka	127
prijetje	127
prěkladatelj	127
pušiti	127
debata	127
razporedženje	127
skladati	127
zabava	127
listopada	127
listopade	127
listopadom	127
listopadu	127
dokončenje	127
dorastla	127
muzikant	127
odkrytje	127
konja	127
konjah	127
konjam	127
konjami	127
konjem	127
konjev	127
konji	127
konju	127
invazija	127
mečta	127
poběditelj	127
podtrimati	127
prěměniti	127
zvon	127
menša	127
menše	127
menšego	127
menšej	127
menšeje	127
menšeju	127
menšejši	127
menšem	127
menšemu	127
menših	127
menšim	127
menšimi	127
menšu	127
prognoza	127
sjezd	127
směh	127
směna	127
istin	127
istinah	127
istinam	127
istinami	127
istino	127
istinoju	127
istinu	127
istiny	127
istině	127
aktora	127
aktorah	127
aktoram	127
aktorami	127
aktore	127
aktori	127
aktorom	127
aktorov	127
aktoru	127
odpově	127
odpovědmo	127
odpovědoma	127
odpovědomo	127
odpovědomy	127
odpovědte	127
odpovědut	127
odpověduča	127
odpověduče	127
odpověduči	127
odpověděh	127
odpověděhmo	127
odpověděhu	127
odpověděl	127
odpověděla	127
odpověděli	127
odpovědělo	127
odpověděna	127
odpověděnje	127
odpověděno	127
odpověděny	127
odpověděste	127
odpověděvša	127
odpověděvše	127
odpověděvši	127
odpověděše	127
odpověm	127
odpověmo	127
odpověte	127
odpověš	127
fabrika	127
prisposobjenja	127
srbsky	127
zadarmo	127
govoriti	127
svezany	127
glavna	127
prěčesto	127
duha	127
duhah	127
duham	127
duhami	127
duhi	127
duhom	127
duhov	127
duhu	127
duhy	127
sekreta	127
sekretah	127
sekretam	127
sekretami	127
sekrete	127
sekretom	127
sekretov	127
sekretu	127
sekrety	127
sudny	127
ulučšenje	127
začeh	127
začehmo	127
začehu	127
začel	127
začela	127
začeli	127
začelo	127
začeste	127
začeta	127
začetje	127
začeto	127
začety	127
začevša	127
začevše	127
začevši	127
začeše	127
začne	127
začnem	127
začnema	127
začnemo	127
začnemy	127
začnete	127
začneš	127
začni	127
začnimo	127
začnite	127
začnu	127
začnut	127
začnuča	127
začnuče	127
začnuči	127
odraz	127
patriarh	127
štučny	127
gram	127
guma	127
ležati	127
ljuty	127
mekky	127
ofis	127
zabyti	127
srědišč	127
srědišča	127
srědiščah	127
srědiščam	127
srědiščami	127
srědiščem	127
srědišču	127
traja	127
trajah	127
trajahmo	127
trajahu	127
trajaj	127
trajaje	127
trajajema	127
trajajemo	127
trajajemy	127
trajajete	127
trajaješ	127
trajajmo	127
trajajte	127
trajaju	127
trajajut	127
trajajuča	127
trajajuče	127
trajajuči	127
trajal	127
trajala	127
trajali	127
trajalo	127
trajam	127
trajama	127
trajamo	127
trajamy	127
trajana	127
trajanje	127
trajano	127
trajany	127
trajaste	127
trajate	127
trajavša	127
trajavše	127
trajavši	127
trajaš	127
trajaše	127
server	127
seržant	127
švedsky	127
šesta	127
šeste	127
šesto	127
šestogo	127
šestoj	127
šestoju	127
šestom	127
šestomu	127
šestu	127
šestyh	127
šestym	127
šestymi	127
panda	127
povrh	127
prijmati	127
supermarket	127
verdikt	127
kora	126
povrěmenno	126
pozadu	126
serijny	126
glupo	126
igrišče	126
prěvoz	126
novotvor	126
dinamika	126
zrno	126
kril	126
krila	126
krilah	126
krilam	126
krilami	126
krilom	126
krilu	126
voln	126
volnah	126
volnam	126
volnami	126
volno	126
volnoju	126
volnu	126
volny	126
volně	126
alians	126
imperija	126
jaka	126
jakah	126
jakam	126
jakami	126
jakom	126
jakov	126
jaku	126
jaky	126
jače	126
izslědovanje	126
prějeti	126
tabu	126
meda	126
mede	126
medom	126
medu	126
oplakyvanja	126
kari	126
napisati	126
poredok	126
vozny	126
musěti	126
odložiti	126
srědina	126
taktika	126
tonky	126
znane	126
znani	126
znanogo	126
znanoj	126
znanoju	126
znanom	126
znanomu	126
znanu	126
znanyh	126
znanym	126
znanymi	126
znaněje	126
znanějši	126
leta	126
letah	126
letam	126
letami	126
lete	126
letom	126
letov	126
letu	126
lety	126
lětanje	126
surpriza	126
surprizah	126
surprizam	126
surprizami	126
surprize	126
surprizom	126
surprizov	126
surprizu	126
surprizy	126
proza	126
mikrofon	126
podpisati	126
pomočnik	126
požara	126
požarah	126
požaram	126
požarami	126
požare	126
požarom	126
požarov	126
požaru	126
požary	126
Kraljevstvo	126
Objedinjeno	126
nakaz	126
priměnjenje	126
kolonija	126
tydnjevy	126
izborah	126
izboram	126
izborami	126
izborov	126
granic	126
granicah	126
granicam	126
granicami	126
granice	126
graniceju	126
granici	126
granico	126
granicu	126
nota	126
prvak	126
prěměna	126
definicija	126
arena	126
hobi	126
versij	126
versijah	126
versijam	126
versijami	126
versije	126
versijeju	126
versiji	126
versijo	126
versiju	126
verzij	126
verzijah	126
verzijam	126
verzijami	126
verzije	126
verzijeju	126
verziji	126
verzijo	126
verziju	126
bojati	126
goreče	126
stopa	126
děle	126
dělov	126
děly	126
gotovy	126
izhoditi	126
uvěrjeny	126
sedma	126
sedme	126
sedmo	126
sedmogo	126
sedmoj	126
sedmoju	126
sedmom	126
sedmomu	126
sedmu	126
sedmyh	126
sedmym	126
sedmymi	126
nastupnik	126
poblizu	126
pomagati	126
pozor	126
šampon	126
vikenda	126
vikendah	126
vikendam	126
vikendami	126
vikende	126
vikendom	126
vikendov	126
vikendu	126
vikendy	126
dodatok	126
obratiti	126
vsekratno	126
dočer	126
dočerah	126
dočeram	126
dočerami	126
dočero	126
dočeroju	126
dočeru	126
dočery	126
dočerě	126
sportivna	126
sportivne	126
sportivni	126
sportivno	126
sportivnogo	126
sportivnoj	126
sportivnoju	126
sportivnom	126
sportivnomu	126
sportivnu	126
sportivnyh	126
sportivnym	126
sportivnymi	126
sportivněje	126
sportivnějši	126
gej	126
komiks	126
spravědlivost	126
iznositi	126
oblik	126
poděliti	126
sladky	126
dvanadseta	126
dvanadsete	126
dvanadseti	126
dvanadseto	126
dvanadsetogo	126
dvanadsetoj	126
dvanadsetoju	126
dvanadsetom	126
dvanadsetomu	126
dvanadsetu	126
dvanadsetyh	126
dvanadsetym	126
dvanadsetymi	126
historična	126
historične	126
historični	126
historično	126
historičnogo	126
historičnoj	126
historičnoju	126
historičnom	126
historičnomu	126
historičnu	126
historičnyh	126
historičnym	126
historičnymi	126
historičněje	126
historičnějši	126
nijedna	126
nijedne	126
nijedni	126
nijedno	126
nijednogo	126
nijednoj	126
nijednoju	126
nijednom	126
nijednomu	126
nijednu	126
nijednyh	126
nijednym	126
nijednymi	126
kakao	126
koristiti	126
naigrati	126
prěgovorah	126
prěgovoram	126
prěgovorami	126
prěgovorov	126
rekorda	126
rekordah	126
rekordam	126
rekordami	126
rekorde	126
rekordom	126
rekordov	126
rekordu	126
rekordy	126
agencij	126
agencijah	126
agencijam	126
agencijami	126
agencije	126
agencijeju	126
agenciji	126
agencijo	126
agenciju	126
učena	126
učeno	126
učeny	126
učeča	126
učeče	126
učeči	126
uči	126
učih	126
učihmo	126
učihu	126
učil	126
učila	126
učili	126
učilo	126
učim	126
učima	126
učimo	126
učimy	126
učiste	126
učite	126
učivša	126
učivše	126
učivši	126
učiš	126
učiše	126
uču	126
zakaza	126
zakazah	126
zakazam	126
zakazami	126
zakaze	126
zakazom	126
zakazov	126
zakazu	126
zakazy	126
važnostah	126
važnostam	126
važnostami	126
važnosti	126
važnostij	126
važnostju	126
ščestna	126
ščestne	126
ščestni	126
ščestnogo	126
ščestnoj	126
ščestnoju	126
ščestnom	126
ščestnomu	126
ščestnu	126
ščestnyh	126
ščestnym	126
ščestnymi	126
ščestněje	126
ščestnějši	126
pleme	126
avtorsko	126
disciplina	126
mladežny	126
pokus	126
subot	126
subotah	126
subotam	126
subotami	126
suboto	126
subotoju	126
subotu	126
suboty	126
subotě	126
televiděnja	126
televiděnjem	126
televiděnju	126
konstrukcija	126
vlěvo	126
širokost	126
najbliže	126
tajny	126
večša	126
večše	126
večšego	126
večšej	126
večšeje	126
večšeju	126
večšejši	126
večšem	126
večšemu	126
večših	126
večšim	126
večšimi	126
večšu	126
piv	126
piva	126
pivah	126
pivam	126
pivami	126
pivom	126
pivu	126
tona	126
tonah	126
tonam	126
tonami	126
tone	126
tonom	126
tonov	126
tonu	126
tony	126
panika	126
sobstvenost	126
povratka	126
povratkah	126
povratkam	126
povratkami	126
povratkom	126
povratkov	126
povratku	126
povratky	126
povratče	126
absencija	126
iztočnik	126
kontekst	126
trikutnik	126
trivugoljnik	126
stalji	126
stalju	126
svezka	126
svezkah	126
svezkam	126
svezkami	126
svezkom	126
svezkov	126
svezku	126
svezky	126
svezče	126
čelika	126
čelikom	126
čeliku	126
čeliče	126
arhiepiskop	126
jugozapad	126
koncerta	126
koncertah	126
koncertam	126
koncertami	126
koncerte	126
koncertom	126
koncertov	126
koncertu	126
koncerty	126
učitelja	126
učiteljah	126
učiteljam	126
učiteljami	126
učiteljem	126
učiteljev	126
učitelji	126
učitelju	126
financije	126
mrtvy	126
orudovany	126
zad	126
kup	126
oznaka	126
pomogti	126
prěpis	126
sčitanje	126
zdrava	126
zdrave	126
zdravi	126
zdravo	126
zdravogo	126
zdravoj	126
zdravoju	126
zdravom	126
zdravomu	126
zdravu	126
zdravyh	126
zdravym	126
zdravymi	126
zdravěje	126
zdravějši	126
makijaž	126
tenky	126
vlad	126
vladah	126
vladam	126
vladami	126
vlado	126
vladoju	126
vladu	126
vlady	126
vladě	126
kampanij	125
kampanijah	125
kampanijam	125
kampanijami	125
kampanije	125
kampanijeju	125
kampaniji	125
kampanijo	125
kampaniju	125
kilometr	125
razbrati	125
rodženy	125
dolgostah	125
dolgostam	125
dolgostami	125
dolgosti	125
dolgostij	125
dolgostju	125
prijde	125
prijdeh	125
prijdehmo	125
prijdehu	125
prijdem	125
prijdemo	125
prijdena	125
prijdenje	125
prijdeno	125
prijdeny	125
prijdeste	125
prijdete	125
prijdeš	125
prijdeše	125
prijdi	125
prijdimo	125
prijdite	125
prijdoma	125
prijdomo	125
prijdomy	125
prijdu	125
prijdut	125
prijduča	125
prijduče	125
prijduči	125
prišel	125
priševša	125
priševše	125
priševši	125
prišla	125
prišli	125
prišlo	125
naušniky	125
trinadset	125
kardinal	125
krabka	125
nastavjenja	125
popoldenj	125
prěvoditelj	125
ubědženy	125
usilje	125
prag	125
putovanje	125
trvanje	125
utěkati	125
panej	125
panjah	125
panjam	125
panjami	125
panje	125
panjeju	125
panji	125
panjo	125
panju	125
groz	125
grozah	125
grozam	125
grozami	125
grozo	125
grozoju	125
grozu	125
grozy	125
grozě	125
teoretično	125
vzad	125
ina	125
ine	125
ini	125
ino	125
inogo	125
inoj	125
inoju	125
inom	125
inomu	125
inu	125
inyh	125
inym	125
iněje	125
inějši	125
elita	125
pica	125
zaključenje	125
izkazanje	125
litera	125
elektronika	125
ideal	125
koktejl	125
komentovati	125
opasno	125
poškodženy	125
sekunda	125
aktiviteta	125
aktivitetah	125
aktivitetam	125
aktivitetami	125
aktivitete	125
aktivitetom	125
aktivitetov	125
aktivitetu	125
aktivitety	125
aktivnostah	125
aktivnostam	125
aktivnostami	125
aktivnosti	125
aktivnostij	125
aktivnostju	125
očekyvanje	125
razum	125
radostah	125
radostam	125
radostami	125
radosti	125
radostij	125
radostju	125
diskriminacija	125
argumenta	125
argumentah	125
argumentam	125
argumentami	125
argumente	125
argumentom	125
argumentov	125
argumentu	125
argumenty	125
brězenja	125
brězenjem	125
brězenju	125
doktora	125
doktorah	125
doktoram	125
doktorami	125
doktore	125
doktori	125
doktorom	125
doktorov	125
doktoru	125
govor	125
legši	125
molviti	125
utrata	125
obydvoh	125
obydvom	125
obydvoma	125
obydvě	125
palma	125
rabotnik	125
srazuměti	125
vuzol	125
zakončenje	125
infekcija	125
prědsědnika	125
prědsědnikah	125
prědsědnikam	125
prědsědnikami	125
prědsědniki	125
prědsědnikom	125
prědsědnikov	125
prědsědniku	125
prědsědniče	125
jetra	125
odonud	125
tatuaž	125
člověčsky	125
franka	125
frankah	125
frankam	125
frankami	125
frankom	125
frankov	125
franku	125
franky	125
franče	125
jezer	125
jezera	125
jezerah	125
jezeram	125
jezerami	125
jezerom	125
jezeru	125
bolěznjah	125
bolěznjam	125
bolěznjami	125
bolěznji	125
bolěznjij	125
bolěznju	125
komentara	125
komentarah	125
komentaram	125
komentarami	125
komentare	125
komentarem	125
komentarev	125
komentaru	125
sněga	125
sněgah	125
sněgam	125
sněgami	125
sněgom	125
sněgov	125
sněgu	125
sněgy	125
sněže	125
junior	125
odědža	125
prorok	125
baz	125
bazah	125
bazam	125
bazami	125
bazo	125
bazoju	125
bazu	125
bazy	125
bazě	125
mala	125
male	125
mali	125
maloj	125
maloju	125
malom	125
malomu	125
malu	125
malyh	125
malym	125
malymi	125
mysljah	125
mysljam	125
mysljami	125
mysljij	125
oficera	125
oficerah	125
oficeram	125
oficerami	125
oficere	125
oficeri	125
oficerom	125
oficerov	125
oficeru	125
sostava	125
sostavah	125
sostavam	125
sostavami	125
sostave	125
sostavom	125
sostavov	125
sostavu	125
sostavy	125
Islandija	125
objasnjenje	125
pošt	125
poštah	125
poštam	125
poštami	125
pošto	125
poštoju	125
poštu	125
pošty	125
poště	125
lovec	125
menšinjstvo	125
povaga	125
jejina	125
jejine	125
jejini	125
jejino	125
jejinogo	125
jejinoj	125
jejinoju	125
jejinom	125
jejinomu	125
jejinu	125
jejinyh	125
jejinym	125
jejinymi	125
potenciala	125
potencialah	125
potencialam	125
potencialami	125
potenciale	125
potencialom	125
potencialov	125
potencialu	125
potencialy	125
ljudstvo	125
poprobovati	125
turnira	125
turnirah	125
turniram	125
turnirami	125
turnire	125
turnirom	125
turnirov	125
turniru	125
turniry	125
elementa	125
elementah	125
elementam	125
elementami	125
elemente	125
elementom	125
elementov	125
elementu	125
elementy	125
Italijan	125
Italijanin	125
jevrejsky	125
tečenje	125
državna	125
državne	125
državni	125
državno	125
državnogo	125
državnoj	125
državnoju	125
državnom	125
državnomu	125
državnu	125
državnyh	125
državnym	125
državnymi	125
državněje	125
državnějši	125
grup	125
grupah	125
grupam	125
grupami	125
grupo	125
grupoju	125
grupu	125
grupě	125
izbora	125
izbore	125
izborom	125
izboru	125
Svetkov	125
Veselyh	125
aparat	125
sportnik	125
vosk	125
zlate	125
zlati	125
zlatogo	125
zlatoj	125
zlatoju	125
zlatomu	125
zlatyh	125
zlatym	125
zlatymi	125
zlatěje	125
zlatějši	125
komedija	125
pěše	125
redok	125
nasilja	125
nasiljem	125
nasilju	125
vvrh	125
rabotna	125
alkohola	125
alkoholah	125
alkoholam	125
alkoholami	125
alkohole	125
alkoholom	125
alkoholov	125
alkoholu	125
alkoholy	125
izhoda	125
izhodah	125
izhodam	125
izhodami	125
izhode	125
izhodom	125
izhodov	125
izhodu	125
izhody	125
roda	125
rodah	125
rodam	125
rodami	125
rode	125
rodom	125
rodov	125
rodu	125
rody	125
začetka	125
začetkah	125
začetkam	125
začetkami	125
začetkom	125
začetkov	125
začetku	125
začetky	125
začetče	125
inflacija	125
inspiracija	125
izlet	125
vlastna	125
vlastne	125
vlastni	125
vlastnogo	125
vlastnoj	125
vlastnoju	125
vlastnom	125
vlastnomu	125
vlastnu	125
vlastnyh	125
vlastnym	125
vlastnymi	125
vlastněje	125
vlastnějši	125
istinno	125
zakupka	125
domašnje	125
spor	125
životno	125
aeroporta	125
aeroportah	125
aeroportam	125
aeroportami	125
aeroporte	125
aeroportom	125
aeroportov	125
aeroportu	125
aeroporty	125
Venezuela	125
razlika	125
proda	125
prodadoma	125
prodadomo	125
prodadomy	125
prodadut	125
prodaduča	125
prodaduče	125
prodaduči	125
prodah	125
prodahmo	125
prodahu	125
prodaj	125
prodajmo	125
prodajte	125
prodal	125
prodala	125
prodali	125
prodalo	125
prodam	125
prodamo	125
prodana	125
prodanje	125
prodano	125
prodany	125
prodaste	125
prodate	125
prodavša	125
prodavše	125
prodavši	125
prodaš	125
prodaše	125
arabsky	125
pyla	125
pylah	125
pylam	125
pylami	125
pyle	125
pylom	125
pylov	125
pylu	125
pyly	125
šofer	125
tancevati	125
romana	125
romanah	125
romanam	125
romanami	125
romane	125
romanom	125
romanov	125
romanu	125
romany	125
studi	125
studia	125
studiah	125
studiam	125
studiami	125
studiom	125
studiu	125
godišnji	125
godišny	125
kompjuterny	125
koričnevy	125
rady	125
poezija	125
prědnost	125
běženje	125
doskonaly	125
procesor	125
solnečna	125
žurnal	125
gosta	125
gostah	125
gostam	125
gostami	125
gostem	125
gostev	125
gosti	125
gostu	125
septembra	125
septembre	125
septembrom	125
septembru	125
alarm	125
melodija	125
plot	125
vladny	125
vpis	125
Bělgrad	125
braniti	125
demonstracija	125
možlivy	125
nevojnovy	125
občina	125
paket	125
mužsky	125
sobranje	125
školjnik	125
hudožnika	125
hudožnikah	125
hudožnikam	125
hudožnikami	125
hudožniki	125
hudožnikom	125
hudožnikov	125
hudožniku	125
hudožniče	125
Velikdenj	125
najdalje	125
rabotničsky	125
minut	125
minutah	125
minutam	125
minutami	125
minuto	125
minutoju	125
minutu	125
minuty	125
minutě	125
misij	125
misijah	125
misijam	125
misijami	125
misije	125
misijeju	125
misiji	125
misijo	125
misiju	125
vhoda	125
vhodah	125
vhodam	125
vhodami	125
vhode	125
vhodom	125
vhodov	125
vhodu	125
vhody	125
posětet	125
posěteča	125
posěteče	125
posěteči	125
posěti	125
posětih	125
posětihmo	125
posětihu	125
posětil	125
posětila	125
posětili	125
posětilo	125
posětim	125
posětima	125
posětimo	125
posětimy	125
posětiste	125
posětite	125
posětivša	125
posětivše	125
posětivši	125
posětiš	125
posětiše	125
posěčena	125
posěčeno	125
posěčeny	125
posěču	125
vratet	125
vrateča	125
vrateče	125
vrateči	125
vrati	125
vratih	125
vratihmo	125
vratihu	125
vratil	125
vratila	125
vratili	125
vratilo	125
vratim	125
vratima	125
vratimo	125
vratimy	125
vratiste	125
vratite	125
vrativša	125
vrativše	125
vrativši	125
vratiš	125
vratiše	125
vračena	125
vračenje	125
vračeno	125
vračeny	125
vraču	125
komunizm	125
luka	125
uhoditi	125
kosa	124
metod	124
metodah	124
metodam	124
metodami	124
metodo	124
metodoju	124
metodu	124
metody	124
metodě	124
prijatny	124
sajt	124
teror	124
mogl	124
mogla	124
mogli	124
moglo	124
mogu	124
mogut	124
moguča	124
moguče	124
moguči	124
mogša	124
mogše	124
mogši	124
možeh	124
možehmo	124
možehu	124
možem	124
možema	124
možemo	124
možemy	124
možena	124
moženje	124
moženo	124
moženy	124
možeste	124
možete	124
možeš	124
možeše	124
moži	124
možimo	124
možite	124
trav	124
travah	124
travam	124
travami	124
travo	124
travoju	124
travu	124
travy	124
travě	124
migracija	124
prošly	124
kazah	124
kazahmo	124
kazahu	124
kazal	124
kazala	124
kazali	124
kazalo	124
kazana	124
kazanje	124
kazano	124
kazany	124
kazaste	124
kazavša	124
kazavše	124
kazavši	124
kazaše	124
kaže	124
kažem	124
kažema	124
kažemo	124
kažemy	124
kažete	124
kažeš	124
kaži	124
kažimo	124
kažite	124
kažu	124
kažut	124
kažuča	124
kažuče	124
kažuči	124
kraja	124
krajah	124
krajam	124
krajami	124
kraje	124
krajem	124
krajev	124
kraju	124
izpolnjenje	124
smatrjati	124
tajnišče	124
variant	124
vsemir	124
Ščestnyh	124
sobstvena	124
sobstvene	124
sobstveni	124
sobstveno	124
sobstvenogo	124
sobstvenoj	124
sobstvenoju	124
sobstvenom	124
sobstvenomu	124
sobstvenu	124
sobstvenyh	124
sobstvenym	124
sobstvenymi	124
sobstveněje	124
sobstvenějši	124
termina	124
terminah	124
terminam	124
terminami	124
termine	124
terminom	124
terminov	124
terminu	124
terminy	124
širje	124
široka	124
široke	124
široki	124
širokogo	124
širokoj	124
širokoju	124
širokom	124
širokomu	124
široku	124
širokyh	124
širokym	124
širokymi	124
stolětje	124
zavračenje	124
Kremlj	124
ironija	124
ustaviti	124
vila	124
gena	124
genah	124
genam	124
genami	124
gene	124
genom	124
genov	124
genu	124
geny	124
raket	124
raketah	124
raketam	124
raketami	124
raketo	124
raketoju	124
raketu	124
rakety	124
raketě	124
tradicij	124
tradicijah	124
tradicijam	124
tradicijami	124
tradicije	124
tradicijeju	124
tradiciji	124
tradicijo	124
tradiciju	124
oddati	124
zabezpamečati	124
zabyvati	124
dvojny	124
uraza	124
najgorše	124
pečenj	124
maskah	124
maskam	124
maskami	124
masko	124
maskoju	124
masku	124
masky	124
maskě	124
masok	124
vede	124
vedeh	124
vedehmo	124
vedehu	124
vedem	124
vedemo	124
vedena	124
vedenje	124
vedeno	124
vedeny	124
vedeste	124
vedete	124
vedeš	124
vedeše	124
vedi	124
vedimo	124
vedite	124
vedl	124
vedla	124
vedli	124
vedlo	124
vedoma	124
vedomo	124
vedomy	124
vedu	124
vedut	124
veduča	124
veduče	124
veduči	124
vedša	124
vedše	124
vedši	124
dověrjenje	124
vojsk	124
vojska	124
vojskah	124
vojskam	124
vojskami	124
vojskom	124
vojsku	124
Pakistan	124
divo	124
kritik	124
letěti	124
ličnost	124
tabor	124
uniščiti	124
vitamin	124
studenta	124
studentah	124
studentam	124
studentami	124
studente	124
studenti	124
studentom	124
studentov	124
studentu	124
haraktera	124
harakterah	124
harakteram	124
harakterami	124
haraktere	124
harakterom	124
harakterov	124
harakteru	124
haraktery	124
komand	124
komandah	124
komandam	124
komandami	124
komando	124
komandoju	124
komandu	124
komandy	124
komandě	124
metala	124
metalah	124
metalam	124
metalami	124
metale	124
metalom	124
metalov	124
metalu	124
metaly	124
dražny	124
oddyh	124
regiona	124
regionah	124
regionam	124
regionami	124
regione	124
regionom	124
regionov	124
regionu	124
regiony	124
prirod	124
prirodah	124
prirodam	124
prirodami	124
prirodo	124
prirodoju	124
prirodu	124
prirody	124
prirodě	124
učestničstva	124
učestničstvom	124
učestničstvu	124
gromada	124
izbuh	124
kompjuter	124
konvoj	124
jesenjah	124
jesenjam	124
jesenjami	124
jesenji	124
jesenjij	124
jesenju	124
skazah	124
skazahmo	124
skazahu	124
skazal	124
skazala	124
skazali	124
skazalo	124
skazana	124
skazanje	124
skazano	124
skazany	124
skazaste	124
skazavša	124
skazavše	124
skazavši	124
skazaše	124
skaže	124
skažem	124
skažema	124
skažemo	124
skažemy	124
skažete	124
skažeš	124
skaži	124
skažimo	124
skažite	124
skažu	124
skažut	124
skažuča	124
skažuče	124
skažuči	124
televizij	124
televizijah	124
televizijam	124
televizijami	124
televizije	124
televizijeju	124
televiziji	124
televizijo	124
esej	124
vraženij	124
vraženja	124
vraženjah	124
vraženjam	124
vraženjami	124
vraženjem	124
vraženju	124
basena	124
basenah	124
basenam	124
basenami	124
basene	124
basenom	124
basenov	124
basenu	124
baseny	124
dnevnika	124
dnevnikah	124
dnevnikam	124
dnevnikami	124
dnevnikom	124
dnevnikov	124
dnevniku	124
dnevniky	124
dnevniče	124
vvedenij	124
vvedenja	124
vvedenjah	124
vvedenjam	124
vvedenjami	124
vvedenjem	124
vvedenju	124
truba	124
aktivna	124
aktivne	124
aktivni	124
aktivnogo	124
aktivnoj	124
aktivnoju	124
aktivnom	124
aktivnomu	124
aktivnu	124
aktivnyh	124
aktivnym	124
aktivnymi	124
aktivněje	124
aktivnějši	124
zim	124
zimah	124
zimam	124
zimami	124
zimo	124
zimoju	124
zimu	124
zimy	124
zimě	124
palec	124
jede	124
jedem	124
jedemo	124
jedete	124
jedeš	124
jedi	124
jedimo	124
jedite	124
jedu	124
jehah	124
jehahmo	124
jehahu	124
jehal	124
jehala	124
jehali	124
jehalo	124
jehana	124
jehanje	124
jehano	124
jehany	124
jehaste	124
jehavša	124
jehavše	124
jehavši	124
jehaše	124
vygodno	124
něčij	124
prohodka	124
dějanj	124
dějanjah	124
dějanjam	124
dějanjami	124
transporta	124
transportah	124
transportam	124
transportami	124
transporte	124
transportom	124
transportov	124
transportu	124
transporty	124
ekologija	124
kristal	124
obložka	124
ruda	124
salona	124
salonah	124
salonam	124
salonami	124
salone	124
salonom	124
salonov	124
salonu	124
salony	124
Karolina	124
molnja	124
vid	124
evangelje	124
prijateljstvo	124
vzadny	124
izkušenij	124
izkušenja	124
izkušenjah	124
izkušenjam	124
izkušenjami	124
izkušenjem	124
izkušenju	124
oper	124
operah	124
operam	124
operami	124
opero	124
operoju	124
operu	124
opery	124
operě	124
vesah	124
vesam	124
vesami	124
vesi	124
vesij	124
vesju	124
vsa	124
vsej	124
vseju	124
vsemu	124
vsih	124
vsim	124
vsimi	124
vsu	124
doči	124
glubši	124
tramvaj	124
ustanovitelj	124
učilišče	124
vliva	124
vlivah	124
vlivam	124
vlivami	124
vlive	124
vlivom	124
vlivov	124
vlivu	124
vlivy	124
ručno	124
pisatelja	124
pisateljah	124
pisateljam	124
pisateljami	124
pisateljem	124
pisateljev	124
pisatelji	124
pisatelju	124
rěk	124
rěkah	124
rěkam	124
rěkami	124
rěko	124
rěkoju	124
rěku	124
rěky	124
rěkě	124
voza	124
vozah	124
vozam	124
vozami	124
voze	124
vozom	124
vozov	124
vozu	124
vozy	124
karnaval	124
razuměje	124
zemjetresenje	124
pilota	124
pilotah	124
pilotam	124
pilotami	124
pilote	124
piloti	124
pilotom	124
pilotov	124
pilotu	124
prědmeta	124
prědmetah	124
prědmetam	124
prědmetami	124
prědmete	124
prědmetom	124
prědmetov	124
prědmetu	124
prědmety	124
revolucij	124
revolucijah	124
revolucijam	124
revolucijami	124
revolucije	124
revolucijeju	124
revoluciji	124
revolucijo	124
revoluciju	124
medly	124
postup	124
tekutina	124
dvupěv	124
děljenje	124
molva	124
pravedny	124
čuvanja	124
čuvanjem	124
čuvanju	124
prijemnost	124
slušalky	124
smutok	124
stih	124
Vatikan	124
profesional	124
budžeta	124
budžetah	124
budžetam	124
budžetami	124
budžete	124
budžetom	124
budžetov	124
budžetu	124
budžety	124
mehanizma	124
mehanizmah	124
mehanizmam	124
mehanizmami	124
mehanizme	124
mehanizmom	124
mehanizmov	124
mehanizmu	124
mehanizmy	124
pojezda	124
pojezdah	124
pojezdam	124
pojezdami	124
pojezde	124
pojezdom	124
pojezdov	124
pojezdu	124
pojezdy	124
sekretara	124
sekretarah	124
sekretaram	124
sekretarami	124
sekretarem	124
sekretarev	124
sekretari	124
sekretaru	124
nacionalizm	124
uprava	124
akademij	124
akademijah	124
akademijam	124
akademijami	124
akademije	124
akademijeju	124
akademiji	124
akademijo	124
akademiju	124
znaka	124
znakah	124
znakam	124
znakami	124
znakom	124
znakov	124
znaku	124
znaky	124
znače	124
Dunaj	124
byt	124
epidemija	124
iznahodok	124
šestnadset	124
prodava	124
prodavah	124
prodavahmo	124
prodavahu	124
prodavaj	124
prodavaje	124
prodavajema	124
prodavajemo	124
prodavajemy	124
prodavajete	124
prodavaješ	124
prodavajmo	124
prodavajte	124
prodavaju	124
prodavajut	124
prodavajuča	124
prodavajuče	124
prodavajuči	124
prodaval	124
prodavala	124
prodavali	124
prodavalo	124
prodavam	124
prodavama	124
prodavamo	124
prodavamy	124
prodavana	124
prodavanje	124
prodavano	124
prodavany	124
prodavaste	124
prodavate	124
prodavavša	124
prodavavše	124
prodavavši	124
prodavaš	124
prodavaše	124
kolikostah	124
kolikostam	124
kolikostami	124
kolikosti	124
kolikostij	124
kolikostju	124
izkoristati	124
prijem	124
tabla	124
školjna	124
spiska	124
spiskah	124
spiskam	124
spiskami	124
spiskom	124
spiskov	124
spisku	124
spisky	124
spisče	124
suprugah	124
suprugam	124
suprugami	124
suprugo	124
suprugoju	124
suprugu	124
suprugy	124
suprugě	124
grivna	124
banda	124
lekcija	124
original	124
prodavec	124
seksi	124
uvoljniti	124
Škotska	124
Kolumbija	124
měnjati	124
obraz	124
pogrěška	124
polučiti	124
čel	124
čela	124
čelah	124
čelam	124
čelami	124
čelom	124
čelu	124
promysla	124
promyslah	124
promyslam	124
promyslami	124
promysle	124
promyslom	124
promyslov	124
promyslu	124
promysly	124
carica	124
dokumentacija	124
genij	124
nenavist	124
scenarija	124
scenarijah	124
scenarijam	124
scenarijami	124
scenarije	124
scenarijem	124
scenarijev	124
scenariju	124
iztvorjenje	123
minimuma	123
minimumah	123
minimumam	123
minimumami	123
minimume	123
minimumom	123
minimumov	123
minimumu	123
minimumy	123
močah	123
močam	123
močami	123
moči	123
močij	123
močju	123
sozda	123
sozdah	123
sozdahmo	123
sozdahu	123
sozdaj	123
sozdaje	123
sozdajema	123
sozdajemo	123
sozdajemy	123
sozdajete	123
sozdaješ	123
sozdajmo	123
sozdajte	123
sozdaju	123
sozdajut	123
sozdajuča	123
sozdajuče	123
sozdajuči	123
sozdal	123
sozdala	123
sozdali	123
sozdalo	123
sozdam	123
sozdama	123
sozdamo	123
sozdamy	123
sozdana	123
sozdanje	123
sozdano	123
sozdany	123
sozdaste	123
sozdate	123
sozdavša	123
sozdavše	123
sozdavši	123
sozdaš	123
sozdaše	123
šefa	123
šefah	123
šefam	123
šefami	123
šefe	123
šefi	123
šefom	123
šefov	123
šefu	123
izraz	123
majak	123
objezd	123
světiljnik	123
apetit	123
dokončiti	123
osvoboditi	123
praktičny	123
zanečiščenje	123
Maroko	123
interfejs	123
kart	123
kartah	123
kartam	123
kartami	123
karto	123
kartoju	123
kartu	123
karty	123
kartě	123
obča	123
obče	123
občego	123
občej	123
občeje	123
občeju	123
občejši	123
občem	123
občemu	123
občih	123
občim	123
občimi	123
obču	123
korab	123
kosmičny	123
porod	123
projehati	123
cikla	123
ciklah	123
ciklam	123
ciklami	123
cikle	123
ciklom	123
ciklov	123
ciklu	123
cikly	123
norm	123
normah	123
normam	123
normami	123
normo	123
normoju	123
normu	123
normy	123
normě	123
prašek	123
četyrinadset	123
spustiti	123
gradžana	123
gradžanah	123
gradžanam	123
gradžanami	123
gradžane	123
gradžani	123
gradžanina	123
gradžanine	123
gradžaninom	123
gradžaninu	123
gradžanom	123
gradžanov	123
gradžanu	123
ras	123
rasah	123
rasam	123
rasami	123
raso	123
rasoju	123
rasu	123
rasy	123
rasě	123
tajn	123
tajnah	123
tajnam	123
tajnami	123
tajno	123
tajnoju	123
tajnu	123
tajně	123
izkup	123
slěpy	123
světove	123
světovi	123
světovo	123
světovogo	123
světovoj	123
světovoju	123
světovom	123
světovomu	123
světovu	123
světovyh	123
světovym	123
světovymi	123
světověje	123
světovějši	123
zelena	123
zelene	123
zeleni	123
zeleno	123
zelenogo	123
zelenoj	123
zelenoju	123
zelenom	123
zelenomu	123
zelenu	123
zelenyh	123
zelenym	123
zelenymi	123
zeleněje	123
zelenějši	123
atom	123
hazard	123
nahodka	123
vulkan	123
polkovnika	123
polkovnikah	123
polkovnikam	123
polkovnikami	123
polkovniki	123
polkovnikom	123
polkovnikov	123
polkovniku	123
polkovniče	123
slěditi	123
upravitelj	123
kovač	123
mango	123
milovah	123
milovahmo	123
milovahu	123
miloval	123
milovala	123
milovali	123
milovalo	123
milovana	123
milovanje	123
milovano	123
milovany	123
milovaste	123
milovavša	123
milovavše	123
milovavši	123
milovaše	123
miluj	123
miluje	123
milujem	123
milujema	123
milujemo	123
milujemy	123
milujete	123
miluješ	123
milujmo	123
milujte	123
miluju	123
milujut	123
milujuča	123
milujuče	123
milujuči	123
izraeljsky	123
promysljny	123
děv	123
děvah	123
děvam	123
děvami	123
děvo	123
děvoju	123
děvu	123
děvy	123
děvě	123
iskanij	123
iskanja	123
iskanjah	123
iskanjam	123
iskanjami	123
iskanjem	123
iskanju	123
svrhna	123
svrhne	123
svrhni	123
svrhno	123
svrhnogo	123
svrhnoj	123
svrhnoju	123
svrhnom	123
svrhnomu	123
svrhnu	123
svrhnyh	123
svrhnym	123
svrhnymi	123
svrhněje	123
svrhnějši	123
vysša	123
vysše	123
vysšego	123
vysšej	123
vysšeje	123
vysšeju	123
vysšejši	123
vysšem	123
vysšemu	123
vysših	123
vysšim	123
vysšimi	123
vysšu	123
okazija	123
slědujuča	123
slědujuče	123
slědujučego	123
slědujučej	123
slědujučeje	123
slědujučeju	123
slědujučejši	123
slědujučem	123
slědujučemu	123
slědujučih	123
slědujučim	123
slědujučimi	123
slědujuču	123
tanka	123
tankah	123
tankam	123
tankami	123
tankom	123
tankov	123
tanku	123
tanky	123
žalja	123
žaljah	123
žaljam	123
žaljami	123
žalje	123
žaljem	123
žaljev	123
žalju	123
interakcija	123
milo	123
ohotno	123
stranny	123
odněkud	123
prijatelja	123
prijateljah	123
prijateljam	123
prijateljami	123
prijateljem	123
prijateljev	123
prijatelji	123
prijatelju	123
dyhanje	123
kašelj	123
prigotovjenje	123
produkcija	123
těsto	123
gospoda	123
gospodah	123
gospodam	123
gospodami	123
gospodem	123
gospodev	123
gospodi	123
gospodu	123
tajnika	123
tajnikah	123
tajnikam	123
tajnikami	123
tajniki	123
tajnikom	123
tajnikov	123
tajniku	123
tajniče	123
dorastly	123
nul	123
nulah	123
nulam	123
nulami	123
nuloju	123
nulu	123
nuly	123
nulě	123
planet	123
planetah	123
planetam	123
planetami	123
planeto	123
planetoju	123
planetu	123
planety	123
planetě	123
čempionata	123
čempionatah	123
čempionatam	123
čempionatami	123
čempionate	123
čempionatom	123
čempionatov	123
čempionatu	123
čempionaty	123
načeh	123
načehmo	123
načehu	123
načel	123
načela	123
načeli	123
načelo	123
načeste	123
načeta	123
načetje	123
načeto	123
načety	123
načevša	123
načevše	123
načevši	123
načeše	123
načne	123
načnem	123
načnema	123
načnemo	123
načnemy	123
načnete	123
načneš	123
načni	123
načnimo	123
načnite	123
načnu	123
načnut	123
načnuča	123
načnuče	123
načnuči	123
věstah	123
věstam	123
věstami	123
věstij	123
děvčina	123
lože	123
pripustiti	123
trgovja	123
barv	123
barvah	123
barvam	123
barvami	123
barvo	123
barvoju	123
barvu	123
barvy	123
barvě	123
izigratelja	123
izigrateljah	123
izigrateljam	123
izigrateljami	123
izigrateljem	123
izigrateljev	123
izigratelji	123
izigratelju	123
bystrost	123
entitet	123
nakazom	123
dodatočno	123
harmonija	123
oven	123
patent	123
čuti	123
lěva	123
lěve	123
lěvi	123
lěvogo	123
lěvoj	123
lěvoju	123
lěvom	123
lěvomu	123
lěvu	123
lěvyh	123
lěvym	123
lěvymi	123
lěvěje	123
lěvějši	123
spektakla	123
spektaklah	123
spektaklam	123
spektaklami	123
spektakle	123
spektaklom	123
spektaklov	123
spektaklu	123
spektakly	123
vlaka	123
vlakah	123
vlakam	123
vlakami	123
vlakom	123
vlakov	123
vlaku	123
vlaky	123
vlače	123
dobyti	123
oděž	123
kredita	123
kreditah	123
kreditam	123
kreditami	123
kredite	123
kreditom	123
kreditov	123
kreditu	123
kredity	123
takova	123
takove	123
takovi	123
takovo	123
takovogo	123
takovoj	123
takovoju	123
takovom	123
takovomu	123
takovu	123
takovyh	123
takovym	123
takovymi	123
takověje	123
takovějši	123
napravjati	123
neizběžno	123
Indijsky	123
Saturn	123
šestdeset	123
etap	123
asociacij	123
asociacijah	123
asociacijam	123
asociacijami	123
asociacije	123
asociacijeju	123
asociaciji	123
asociacijo	123
asociaciju	123
mrěž	123
mrěžah	123
mrěžam	123
mrěžami	123
mrěže	123
mrěžeju	123
mrěži	123
mrěžo	123
mrěžu	123
filtr	123
porota	123
majora	123
majorah	123
majoram	123
majorami	123
majore	123
majori	123
majorom	123
majorov	123
majoru	123
asfalt	123
kovin	123
kovinah	123
kovinam	123
kovinami	123
kovino	123
kovinoju	123
kovinu	123
koviny	123
kovině	123
okolice	123
organizator	123
salat	123
salatah	123
salatam	123
salatami	123
salato	123
salatoju	123
salatu	123
salaty	123
salatě	123
sol	123
sola	123
solah	123
solam	123
solami	123
solom	123
solu	123
Balkany	123
firm	123
firmah	123
firmam	123
firmami	123
firmo	123
firmoju	123
firmu	123
firmy	123
firmě	123
klětka	123
pero	123
policijnik	123
prihod	123
prosty	123
sedmično	123
sostojati	123
zet	123
šahah	123
šaham	123
šahami	123
šahov	123
lava	123
pozvolet	123
pozvoleča	123
pozvoleče	123
pozvoleči	123
pozvoli	123
pozvolih	123
pozvolihmo	123
pozvolihu	123
pozvolil	123
pozvolila	123
pozvolili	123
pozvolilo	123
pozvolim	123
pozvolima	123
pozvolimo	123
pozvolimy	123
pozvoliste	123
pozvolite	123
pozvolivša	123
pozvolivše	123
pozvolivši	123
pozvoliš	123
pozvoliše	123
pozvoljena	123
pozvoljenje	123
pozvoljeno	123
pozvoljeny	123
pozvolju	123
literarny	123
primětka	123
smenšenje	123
sobstvenik	123
socializm	123
trio	123
akcij	123
akcijah	123
akcijam	123
akcijami	123
akcije	123
akcijeju	123
akciji	123
akcijo	123
akciju	123
shodna	123
shodne	123
shodni	123
shodno	123
shodnogo	123
shodnoj	123
shodnoju	123
shodnom	123
shodnomu	123
shodnu	123
shodnyh	123
shodnym	123
shodnymi	123
shodněje	123
shodnějši	123
Estonija	123
diplomat	123
lista	123
listah	123
listam	123
listami	123
liste	123
listom	123
listov	123
listu	123
listy	123
bridky	123
odmetnuti	123
vrne	123
vrnem	123
vrnema	123
vrnemo	123
vrnemy	123
vrnete	123
vrneš	123
vrni	123
vrnimo	123
vrnite	123
vrnu	123
vrnuh	123
vrnuhmo	123
vrnuhu	123
vrnul	123
vrnula	123
vrnuli	123
vrnulo	123
vrnuste	123
vrnut	123
vrnuta	123
vrnutje	123
vrnuto	123
vrnuty	123
vrnuvša	123
vrnuvše	123
vrnuvši	123
vrnuča	123
vrnuče	123
vrnuči	123
vrnuše	123
Južny	123
administrator	123
almaz	123
dvojno	123
eksport	123
polus	123
otvorjeny	123
režisera	123
režiserah	123
režiseram	123
režiserami	123
režisere	123
režiseri	123
režiserom	123
režiserov	123
režiseru	123
tehnikah	123
tehnikam	123
tehnikami	123
tehniko	123
tehnikoju	123
tehniku	123
tehniky	123
tehnikě	123
pismennost	123
razširjenje	123
viski	123
dotolě	123
prěgled	123
magazina	123
magazinah	123
magazinam	123
magazinami	123
magazine	123
magazinom	123
magazinov	123
magazinu	123
magaziny	123
tovara	123
tovarah	123
tovaram	123
tovarami	123
tovare	123
tovarom	123
tovarov	123
tovaru	123
tovary	123
vugl	123
vugla	123
vuglah	123
vuglam	123
vuglami	123
vugle	123
vuglom	123
vuglov	123
vuglu	123
vugly	123
vugola	123
vugolah	123
vugolam	123
vugolami	123
vugole	123
vugolom	123
vugolov	123
vugolu	123
vugoly	123
past	123
Čile	123
licencija	123
pustiti	123
grl	123
grla	123
grlah	123
grlam	123
grlami	123
grlom	123
grlu	123
režima	123
režimah	123
režimam	123
režimami	123
režime	123
režimom	123
režimov	123
režimu	123
režimy	123
partij	123
partijah	123
partijam	123
partijami	123
partije	123
partijeju	123
partiji	123
partijo	123
partiju	123
vě	123
vědmo	123
vědoma	123
vědomo	123
vědomy	123
vědte	123
vědut	123
věduča	123
věduče	123
věduči	123
věděh	123
věděhmo	123
věděhu	123
věděl	123
věděla	123
věděli	123
vědělo	123
věděna	123
věděno	123
věděny	123
věděste	123
věděvša	123
věděvše	123
věděvši	123
věděše	123
věmo	123
věte	123
věš	123
věž	123
věžah	123
věžam	123
věžami	123
věže	123
věžeju	123
věži	123
věžo	123
věžu	123
lokomotiva	123
pas	123
sěmejstvo	123
ubiti	123
časovy	123
moneta	123
kontakta	123
kontaktah	123
kontaktam	123
kontaktami	123
kontakte	123
kontaktom	123
kontaktov	123
kontaktu	123
kontakty	123
cěnny	123
inočij	123
podoba	123
blagoslovjenje	123
kadry	123
lift	123
valuta	123
čistiti	123
sveta	122
svete	122
sveti	122
sveto	122
svetogo	122
svetoj	122
svetoju	122
svetom	122
svetomu	122
svetu	122
svetyh	122
svetym	122
svetymi	122
svetěje	122
svetějši	122
drva	122
molčanje	122
odidti	122
rabot	122
rabotami	122
raboto	122
rabotoju	122
rabotu	122
raboty	122
rabotě	122
ujde	122
ujdeh	122
ujdehmo	122
ujdehu	122
ujdem	122
ujdemo	122
ujdena	122
ujdenje	122
ujdeno	122
ujdeny	122
ujdeste	122
ujdete	122
ujdeš	122
ujdeše	122
ujdi	122
ujdimo	122
ujdite	122
ujdoma	122
ujdomo	122
ujdomy	122
ujdu	122
ujdut	122
ujduča	122
ujduče	122
ujduči	122
ušel	122
uševša	122
uševše	122
uševši	122
ušla	122
ušli	122
ušlo	122
radca	122
vozrodženje	122
kritikah	122
kritikam	122
kritikami	122
kritiko	122
kritikoju	122
kritiku	122
kritiky	122
kritikě	122
losa	122
losah	122
losam	122
losami	122
losem	122
losev	122
losi	122
losu	122
učestvovah	122
učestvovahmo	122
učestvovahu	122
učestvoval	122
učestvovala	122
učestvovali	122
učestvovalo	122
učestvovana	122
učestvovanje	122
učestvovano	122
učestvovany	122
učestvovaste	122
učestvovavša	122
učestvovavše	122
učestvovavši	122
učestvovaše	122
učestvuj	122
učestvuje	122
učestvujem	122
učestvujema	122
učestvujemo	122
učestvujemy	122
učestvujete	122
učestvuješ	122
učestvujmo	122
učestvujte	122
učestvuju	122
učestvujut	122
učestvujuča	122
učestvujuče	122
učestvujuči	122
avtozavod	122
izznačenje	122
podnebje	122
rektor	122
trasa	122
služena	122
služenje	122
služeno	122
služeny	122
služet	122
služeča	122
služeče	122
služeči	122
služi	122
služih	122
služihmo	122
služihu	122
služil	122
služila	122
služili	122
služilo	122
služim	122
služima	122
služimo	122
služimy	122
služiste	122
služite	122
služivša	122
služivše	122
služivši	122
služiš	122
služiše	122
služu	122
rizikovati	122
nizka	122
nizke	122
nizki	122
nizkogo	122
nizkoj	122
nizkoju	122
nizkom	122
nizkomu	122
nizku	122
nizkyh	122
nizkym	122
nizkymi	122
časovnika	122
časovnikah	122
časovnikam	122
časovnikami	122
časovnikom	122
časovnikov	122
časovniku	122
časovniky	122
časovniče	122
hristijan	122
hristijanin	122
katedrala	122
vrgnuti	122
učenik	122
teatra	122
teatrah	122
teatram	122
teatrami	122
teatre	122
teatrom	122
teatrov	122
teatru	122
teatry	122
nadarmo	122
postarati	122
specialjnost	122
kuska	122
kuskah	122
kuskam	122
kuskami	122
kuskom	122
kuskov	122
kusku	122
kusky	122
kusče	122
Uran	122
kěšenj	122
pozitivno	122
prosba	122
prevencija	122
umirati	122
volejbol	122
fundacij	122
fundacijah	122
fundacijam	122
fundacijami	122
fundacije	122
fundacijeju	122
fundaciji	122
fundacijo	122
fundaciju	122
brada	122
iskra	122
nacija	122
oblak	122
bezrabotica	122
proizvod	122
stul	122
hudožstv	122
hudožstva	122
hudožstvah	122
hudožstvam	122
hudožstvami	122
hudožstvom	122
hudožstvu	122
izbrany	122
kanadsky	122
nastrojky	122
poiskati	122
komor	122
komorah	122
komoram	122
komorami	122
komoro	122
komoroju	122
komoru	122
komory	122
komorě	122
trojih	122
trojim	122
trojimi	122
djabol	122
djavol	122
gel	122
studiovati	122
koljc	122
koljca	122
koljcah	122
koljcam	122
koljcami	122
koljcem	122
koljcu	122
džaz	122
piknik	122
poslědovati	122
propast	122
uvědomjenje	122
napadnik	122
prezidentsky	122
rycar	122
nadzor	122
pokušati	122
pora	122
razměr	122
vseliky	122
Rodženja	122
Veselogo	122
medbrat	122
prs	122
ušah	122
ušam	122
ušami	122
ušij	122
karier	122
karierah	122
karieram	122
karierami	122
kariero	122
karieroju	122
karieru	122
kariery	122
karierě	122
kategorij	122
kategorijah	122
kategorijam	122
kategorijami	122
kategorije	122
kategorijeju	122
kategoriji	122
kategorijo	122
kategoriju	122
Tajvan	122
gotovina	122
napitok	122
domašna	122
domašne	122
domašni	122
domašnja	122
domašnjego	122
domašnjej	122
domašnjeje	122
domašnjeju	122
domašnjejši	122
domašnjem	122
domašnjemu	122
domašnjih	122
domašnjim	122
domašnjimi	122
domašnju	122
domašno	122
domašnogo	122
domašnoj	122
domašnoju	122
domašnom	122
domašnomu	122
domašnu	122
domašnyh	122
domašnym	122
domašnymi	122
domašněje	122
domašnějši	122
okna	122
oknah	122
oknam	122
oknami	122
oknom	122
oknu	122
okon	122
snědanij	122
snědanja	122
snědanjah	122
snědanjam	122
snědanjami	122
snědanjem	122
snědanju	122
zautrak	122
zautrakah	122
zautrakam	122
zautrakami	122
zautrako	122
zautrakoju	122
zautraku	122
zautraky	122
zautrakě	122
analitik	122
ljubiti	122
lobanja	122
stupenišče	122
čerep	122
švejcarsky	122
hvosta	122
hvostah	122
hvostam	122
hvostami	122
hvoste	122
hvostom	122
hvostov	122
hvostu	122
hvosty	122
pasažer	122
hudožnica	122
madjarsky	122
viděnja	122
ljva	122
ljvah	122
ljvam	122
ljvami	122
ljve	122
ljvi	122
ljvom	122
ljvov	122
ljvu	122
molčati	122
kupon	122
vstupiti	122
ščestlivy	122
odgovorna	122
odgovorne	122
odgovorni	122
odgovorno	122
odgovornogo	122
odgovornoj	122
odgovornoju	122
odgovornom	122
odgovornomu	122
odgovornu	122
odgovornyh	122
odgovornym	122
odgovornymi	122
odgovorněje	122
odgovornějši	122
senata	122
senatah	122
senatam	122
senatami	122
senate	122
senatom	122
senatov	122
senatu	122
senaty	122
denny	122
junak	122
ocěnka	122
zahvat	122
mora	122
zapametati	122
cibulja	122
citat	122
kosmična	122
koš	122
poddrživanje	122
snimok	122
žrtva	122
fakultet	122
zvanje	122
epizoda	122
epizodah	122
epizodam	122
epizodami	122
epizode	122
epizodom	122
epizodov	122
epizodu	122
epizody	122
rabotny	122
iskah	122
iskahmo	122
iskahu	122
iskal	122
iskala	122
iskali	122
iskalo	122
iskana	122
iskano	122
iskany	122
iskaste	122
iskavša	122
iskavše	122
iskavši	122
iskaše	122
išče	122
iščem	122
iščema	122
iščemo	122
iščemy	122
iščete	122
iščeš	122
išči	122
iščimo	122
iščite	122
išču	122
iščut	122
iščuča	122
iščuče	122
iščuči	122
komunist	122
sěverny	122
izplata	122
jojo	122
kukuruza	122
starati	122
svědomo	122
želězniceju	122
rukovoditelja	122
rukovoditeljah	122
rukovoditeljam	122
rukovoditeljami	122
rukovoditeljem	122
rukovoditeljev	122
rukovoditelji	122
rukovoditelju	122
strahovanij	122
strahovanja	122
strahovanjah	122
strahovanjam	122
strahovanjami	122
strahovanjem	122
strahovanju	122
teritorij	122
teritorijah	122
teritorijam	122
teritorijami	122
teritorije	122
teritorijeju	122
teritoriji	122
teritorijo	122
teritoriju	122
olimpiada	122
ovca	122
rys	122
skripka	122
vugolj	122
kotkah	122
kotkam	122
kotkami	122
kotko	122
kotkoju	122
kotku	122
kotky	122
kotkě	122
kotok	122
psa	122
psah	122
psam	122
psami	122
pse	122
psi	122
psom	122
psov	122
psu	122
aktivist	122
hvory	122
travma	122
ekonomika	122
kamenny	122
ravnost	122
advokata	122
advokatah	122
advokatam	122
advokatami	122
advokate	122
advokati	122
advokatom	122
advokatov	122
advokatu	122
universaljny	122
nadohnenje	122
razred	122
skromny	122
dava	122
davah	122
davahmo	122
davahu	122
davaj	122
davaje	122
davajema	122
davajemo	122
davajemy	122
davajete	122
davaješ	122
davajmo	122
davajte	122
davaju	122
davajut	122
davajuča	122
davajuče	122
davajuči	122
daval	122
davala	122
davali	122
davalo	122
davam	122
davama	122
davamo	122
davamy	122
davana	122
davanje	122
davano	122
davany	122
davaste	122
davate	122
davavša	122
davavše	122
davavši	122
davaš	122
davaše	122
konkretny	122
naigryvati	122
osmnadset	122
respekt	122
navědet	122
navědeča	122
navědeče	122
navědeči	122
navědi	122
navědih	122
navědihmo	122
navědihu	122
navědil	122
navědila	122
navědili	122
navědilo	122
navědim	122
navědima	122
navědimo	122
navědimy	122
navědiste	122
navědite	122
navědivša	122
navědivše	122
navědivši	122
navědiš	122
navědiše	122
navědžena	122
navědženje	122
navědženo	122
navědženy	122
navědžu	122
pročita	122
pročitah	122
pročitahmo	122
pročitahu	122
pročitaj	122
pročitaje	122
pročitajema	122
pročitajemo	122
pročitajemy	122
pročitajete	122
pročitaješ	122
pročitajmo	122
pročitajte	122
pročitaju	122
pročitajut	122
pročitajuča	122
pročitajuče	122
pročitajuči	122
pročital	122
pročitala	122
pročitali	122
pročitalo	122
pročitam	122
pročitama	122
pročitamo	122
pročitamy	122
pročitana	122
pročitanje	122
pročitano	122
pročitany	122
pročitaste	122
pročitate	122
pročitavša	122
pročitavše	122
pročitavši	122
pročitaš	122
pročitaše	122
dolžnostah	122
dolžnostam	122
dolžnostami	122
dolžnosti	122
dolžnostij	122
dolžnostju	122
hak	122
imutok	122
koordinator	122
ležišče	122
mokry	122
ulěpšiti	122
kalendara	122
kalendarah	122
kalendaram	122
kalendarami	122
kalendare	122
kalendarem	122
kalendarev	122
kalendaru	122
děvčinka	122
upotrěba	122
zajavjenje	122
letišč	122
letišča	122
letiščah	122
letiščam	122
letiščami	122
letiščem	122
letišču	122
parol	122
parolah	122
parolam	122
parolami	122
parolo	122
paroloju	122
parolu	122
paroly	122
parolě	122
postavet	122
postaveča	122
postaveče	122
postaveči	122
postavi	122
postavih	122
postavihmo	122
postavihu	122
postavil	122
postavila	122
postavili	122
postavilo	122
postavim	122
postavima	122
postavimo	122
postavimy	122
postaviste	122
postavite	122
postavivša	122
postavivše	122
postavivši	122
postaviš	122
postaviše	122
postavjena	122
postavjeno	122
postavjeny	122
postavju	122
zuba	122
zubah	122
zubam	122
zubami	122
zube	122
zubom	122
zubov	122
zubu	122
zuby	122
blizši	122
blud	122
omiljeny	122
podzemny	122
voditi	122
Litva	121
dodatny	121
dodatočny	121
pojetje	121
rasizm	121
raund	121
zanadto	121
blizka	121
blizke	121
blizki	121
blizkogo	121
blizkoj	121
blizkoju	121
blizkom	121
blizkomu	121
blizku	121
blizkyh	121
blizkym	121
blizkymi	121
medžunarodna	121
medžunarodne	121
medžunarodni	121
medžunarodno	121
medžunarodnogo	121
medžunarodnoj	121
medžunarodnoju	121
medžunarodnom	121
medžunarodnomu	121
medžunarodnu	121
medžunarodnyh	121
medžunarodnym	121
medžunarodnymi	121
medžunarodněje	121
medžunarodnějši	121
pozicij	121
pozicijah	121
pozicijam	121
pozicijami	121
pozicije	121
pozicijeju	121
poziciji	121
pozicijo	121
poziciju	121
budovati	121
kodeks	121
onamo	121
sodrživati	121
spoločnostah	121
spoločnostam	121
spoločnostami	121
spoločnosti	121
spoločnostij	121
spoločnostju	121
kvadrat	121
morati	121
publika	121
stvarnost	121
česnok	121
proběga	121
proběgah	121
proběgam	121
proběgami	121
proběgom	121
proběgov	121
proběgu	121
proběgy	121
proběže	121
znajeme	121
znajemi	121
znajemogo	121
znajemoj	121
znajemoju	121
znajemom	121
znajemomu	121
znajemu	121
znajemyh	121
znajemym	121
znajemymi	121
znajeměje	121
znajemějši	121
vinoju	121
viny	121
vině	121
platbovy	121
srdečno	121
ptaka	121
ptakah	121
ptakam	121
ptakami	121
ptaki	121
ptakom	121
ptakov	121
ptaku	121
ptače	121
ptic	121
pticah	121
pticam	121
pticami	121
ptice	121
pticeju	121
ptici	121
ptico	121
pticu	121
pohodženje	121
završiti	121
kitajska	121
kitajske	121
kitajski	121
kitajsko	121
kitajskogo	121
kitajskoj	121
kitajskoju	121
kitajskom	121
kitajskomu	121
kitajsku	121
kitajskyh	121
kitajskym	121
kitajskymi	121
Tajland	121
kupaljnja	121
časova	121
fantastika	121
neposrědnji	121
neposrědny	121
podzrěny	121
Alpy	121
Panama	121
dostaviti	121
jedinjstvo	121
rame	121
srěbrny	121
mladša	121
mladše	121
mladšego	121
mladšej	121
mladšeje	121
mladšeju	121
mladšejši	121
mladšem	121
mladšemu	121
mladših	121
mladšim	121
mladšimi	121
mladšu	121
obsrědin	121
obsrědinah	121
obsrědinam	121
obsrědinami	121
obsrědino	121
obsrědinoju	121
obsrědinu	121
obsrědiny	121
obsrědině	121
polovin	121
polovinah	121
polovinam	121
polovinami	121
polovino	121
polovinoju	121
polovinu	121
poloviny	121
standarda	121
standardah	121
standardam	121
standardami	121
standarde	121
standardom	121
standardov	121
standardu	121
standardy	121
slědstv	121
slědstva	121
slědstvah	121
slědstvam	121
slědstvami	121
slědstvom	121
slědstvu	121
dojezd	121
vozdušny	121
dětska	121
dětske	121
dětski	121
dětsko	121
dětskogo	121
dětskoj	121
dětskoju	121
dětskom	121
dětskomu	121
dětsku	121
dětskyh	121
dětskym	121
dětskymi	121
lun	121
lunah	121
lunam	121
lunami	121
luno	121
lunoju	121
lunu	121
luně	121
črvenja	121
črvenjem	121
črvenju	121
realjnost	121
sloj	121
Poljak	121
poběditi	121
reagovati	121
ustavjenje	121
vplyvati	121
resurs	121
vozvesti	121
jedina	121
jedine	121
jedini	121
jedinogo	121
jedinoj	121
jedinoju	121
jedinom	121
jedinomu	121
jedinu	121
jedinyh	121
jedinym	121
jedinymi	121
jediněje	121
jedinějši	121
kompromis	121
čuma	121
aktris	121
aktrisah	121
aktrisam	121
aktrisami	121
aktriso	121
aktrisoju	121
aktrisu	121
aktrisy	121
aktrisě	121
faul	121
golfa	121
golfe	121
golfom	121
golfu	121
menedžera	121
menedžerah	121
menedžeram	121
menedžerami	121
menedžere	121
menedžeri	121
menedžerom	121
menedžerov	121
menedžeru	121
izdateljstvo	121
minimaljny	121
padati	121
pomaly	121
děteta	121
dětete	121
dětetem	121
děteti	121
dětetom	121
dětetu	121
prizna	121
priznah	121
priznahmo	121
priznahu	121
priznaj	121
priznaje	121
priznajema	121
priznajemo	121
priznajemy	121
priznajete	121
priznaješ	121
priznajmo	121
priznajte	121
priznaju	121
priznajut	121
priznajuča	121
priznajuče	121
priznajuči	121
priznal	121
priznala	121
priznali	121
priznalo	121
priznam	121
priznama	121
priznamo	121
priznamy	121
priznana	121
priznano	121
priznany	121
priznaste	121
priznate	121
priznavša	121
priznavše	121
priznavši	121
priznaš	121
priznaše	121
avstrijsky	121
baba	121
cenzura	121
mirny	121
oteženje	121
sučasny	121
legky	121
spontanno	121
pustynja	121
vutraba	121
naměra	121
naměrah	121
naměram	121
naměrami	121
naměre	121
naměrom	121
naměrov	121
naměru	121
naměry	121
glasovanij	121
glasovanja	121
glasovanjah	121
glasovanjam	121
glasovanjami	121
glasovanjem	121
glasovanju	121
povoda	121
povodah	121
povodam	121
povodami	121
povode	121
povodov	121
povodu	121
povody	121
roga	121
rogah	121
rogam	121
rogami	121
rogom	121
rogov	121
rogu	121
rogy	121
rože	121
petsot	121
petsto	121
protokol	121
užasov	121
bitv	121
bitvah	121
bitvam	121
bitvami	121
bitvo	121
bitvoju	121
bitvu	121
bitvy	121
bitvě	121
mod	121
modah	121
modam	121
modami	121
modo	121
modoju	121
modu	121
mody	121
modě	121
avtomat	121
joga	121
sektor	121
trista	121
tristo	121
bloga	121
blogah	121
blogam	121
blogami	121
blogom	121
blogov	121
blogu	121
blogy	121
blože	121
vsta	121
vstah	121
vstahmo	121
vstahu	121
vstaj	121
vstaje	121
vstajema	121
vstajemo	121
vstajemy	121
vstajete	121
vstaješ	121
vstajmo	121
vstajte	121
vstaju	121
vstajut	121
vstajuča	121
vstajuče	121
vstajuči	121
vstal	121
vstala	121
vstali	121
vstalo	121
vstam	121
vstama	121
vstamo	121
vstamy	121
vstana	121
vstanje	121
vstano	121
vstany	121
vstaste	121
vstate	121
vstavša	121
vstavše	121
vstavši	121
vstaš	121
vstaše	121
monastyr	121
puška	121
uspěhliva	121
uspěhlive	121
uspěhlivi	121
uspěhlivo	121
uspěhlivogo	121
uspěhlivoj	121
uspěhlivoju	121
uspěhlivom	121
uspěhlivomu	121
uspěhlivu	121
uspěhlivyh	121
uspěhlivym	121
uspěhlivymi	121
uspěhlivěje	121
uspěhlivějši	121
nastavok	121
sbudovati	121
tancor	121
zaključiljnja	121
nesti	121
gledet	121
gledeča	121
gledeče	121
gledi	121
gledim	121
gledima	121
gledimo	121
gledimy	121
gledite	121
glediš	121
gleděh	121
gleděhmo	121
gleděhu	121
gleděl	121
gleděla	121
gleděli	121
gledělo	121
gleděna	121
gleděnje	121
gleděno	121
gleděny	121
gleděste	121
gleděvša	121
gleděvše	121
gleděvši	121
gleděše	121
gledžu	121
roditelja	121
roditeljah	121
roditeljam	121
roditeljami	121
roditeljem	121
roditeljev	121
roditelji	121
roditelju	121
sedmnadset	121
starec	121
papira	121
papirah	121
papiram	121
papirami	121
papire	121
papirom	121
papirov	121
papiru	121
papiry	121
tipa	121
tipah	121
tipam	121
tipami	121
tipe	121
tipom	121
tipov	121
tipu	121
tipy	121
mehanik	121
trudnostij	121
hvorob	121
hvorobah	121
hvorobam	121
hvorobami	121
hvorobo	121
hvoroboju	121
hvorobu	121
hvoroby	121
hvorobě	121
toček	121
točkah	121
točkam	121
točkami	121
točko	121
točkoju	121
točku	121
točky	121
točkě	121
šoka	121
šokah	121
šokam	121
šokami	121
šokom	121
šokov	121
šoku	121
šoky	121
šoče	121
veriga	121
vozilo	121
četvrt	121
nezavisny	121
ostriženje	121
popularna	121
popularne	121
popularni	121
popularno	121
popularnogo	121
popularnoj	121
popularnoju	121
popularnom	121
popularnomu	121
popularnu	121
popularnyh	121
popularnym	121
popularnymi	121
popularněje	121
popularnějši	121
slabost	121
formata	121
formatah	121
formatam	121
formatami	121
formate	121
formatom	121
formatov	121
formatu	121
formaty	121
enciklopedija	121
filozofsky	121
uran	121
podlog	121
podlogah	121
podlogam	121
podlogami	121
podlogo	121
podlogoju	121
podlogu	121
podlogy	121
podlogě	121
trona	121
tronah	121
tronam	121
tronami	121
trone	121
tronom	121
tronov	121
tronu	121
trony	121
dyma	121
dymah	121
dymam	121
dymami	121
dyme	121
dymom	121
dymov	121
dymu	121
dymy	121
pozornostah	121
pozornostam	121
pozornostami	121
pozornosti	121
pozornostij	121
pozornostju	121
sěča	121
jedinic	121
jedinicah	121
jedinicam	121
jedinicami	121
jedinice	121
jediniceju	121
jedinici	121
jedinico	121
jedinicu	121
motora	121
motorah	121
motoram	121
motorami	121
motore	121
motorom	121
motorov	121
motoru	121
motory	121
vakancija	121
vlastnost	121
angela	121
angelah	121
angelam	121
angelami	121
angele	121
angeli	121
angelom	121
angelov	121
angelu	121
prědstaviti	121
tjutjun	121
zapadna	121
zapadne	121
zapadni	121
zapadnogo	121
zapadnoj	121
zapadnoju	121
zapadnom	121
zapadnomu	121
zapadnu	121
zapadnyh	121
zapadnym	121
zapadnymi	121
zapadněje	121
zapadnějši	121
běgstvo	121
polivka	121
umětničsky	121
principa	121
principah	121
principam	121
principami	121
principe	121
principom	121
principov	121
principu	121
principy	121
sel	121
sela	121
selah	121
selam	121
selami	121
selom	121
selu	121
boriti	121
cvětenja	121
cvětenjem	121
cvětenju	121
religija	121
damah	121
damam	121
damami	121
damoju	121
damu	121
damy	121
damě	121
stadija	121
tma	121
uragan	121
uspěti	121
strategij	121
strategijah	121
strategijam	121
strategijami	121
strategije	121
strategijeju	121
strategiji	121
strategijo	121
strategiju	121
čajka	121
upravjenij	121
upravjenja	121
upravjenjah	121
upravjenjam	121
upravjenjami	121
upravjenjem	121
upravjenju	121
virusa	121
virusah	121
virusam	121
virusami	121
viruse	121
virusom	121
virusov	121
virusu	121
virusy	121
avtorsky	121
osnovanje	121
otvarjati	121
sdavati	121
voobražati	121
Kipr	121
izbudovati	121
kapsula	121
stradati	121
vsekako	121
kongresa	121
kongresah	121
kongresam	121
kongresami	121
kongrese	121
kongresom	121
kongresov	121
kongresu	121
kongresy	121
prěhoda	121
prěhodah	121
prěhodam	121
prěhodami	121
prěhode	121
prěhodom	121
prěhodov	121
prěhodu	121
prěhody	121
urodženij	121
urodženja	121
urodženjah	121
urodženjam	121
urodženjami	121
urodženjem	121
urodženju	121
pameta	121
pametahmo	121
pametahu	121
pametaj	121
pametaje	121
pametajema	121
pametajemo	121
pametajemy	121
pametajete	121
pametaješ	121
pametajmo	121
pametajte	121
pametaju	121
pametajut	121
pametajuča	121
pametajuče	121
pametajuči	121
pametal	121
pametala	121
pametali	121
pametalo	121
pametama	121
pametamo	121
pametamy	121
pametana	121
pametanje	121
pametano	121
pametany	121
pametaste	121
pametate	121
pametavša	121
pametavše	121
pametavši	121
pametaš	121
pametaše	121
bronza	121
guba	121
lgati	121
met	121
metah	121
metam	121
metami	121
meto	121
metoju	121
metu	121
mety	121
metě	121
reaktor	121
strěla	121
trěbovanje	121
uvěriti	121
žurnalist	121
drugar	121
vjehati	121
vnučka	121
žuri	121
kolegah	121
kolegam	121
kolegami	121
kolegi	121
kolego	121
kolegoju	121
kolegov	121
kolegu	121
kolegy	121
kolegě	121
bulvar	120
krojač	120
remont	120
rodženje	120
rudnik	120
soglasnost	120
suglasnost	120
cukra	120
cukre	120
cukrom	120
cukru	120
pobytij	120
pobytja	120
pobytjah	120
pobytjam	120
pobytjami	120
pobytjem	120
pobytju	120
ljubovnica	120
Noč	120
instalacija	120
stěn	120
stěnah	120
stěnam	120
stěnami	120
stěno	120
stěnoju	120
stěnu	120
stěny	120
stěně	120
porcija	120
upada	120
upadah	120
upadam	120
upadami	120
upade	120
upadom	120
upadov	120
upadu	120
upady	120
izkydnuti	120
oltar	120
zombi	120
blagodariti	120
braslet	120
dvojka	120
odsutnost	120
postupanje	120
solnečny	120
spod	120
stancij	120
stancijah	120
stancijam	120
stancijami	120
stancije	120
stancijeju	120
stanciji	120
stancijo	120
stanciju	120
platba	120
prěkrasny	120
sprědu	120
talent	120
konsulat	120
sako	120
vrag	120
decembra	120
decembre	120
decembrom	120
decembru	120
dekembra	120
dekembre	120
dekembrom	120
dekembru	120
demokracij	120
demokracijah	120
demokracijam	120
demokracijami	120
demokracije	120
demokracijeju	120
demokraciji	120
demokracijo	120
demokraciju	120
kubka	120
kubkah	120
kubkam	120
kubkami	120
kubkom	120
kubkov	120
kubku	120
kubky	120
kubče	120
rizika	120
rizikah	120
rizikam	120
rizikami	120
rizikom	120
rizikov	120
riziku	120
riziky	120
riziče	120
sutruditi	120
akt	120
dlanj	120
peklo	120
kupovah	120
kupovahmo	120
kupovahu	120
kupoval	120
kupovala	120
kupovali	120
kupovalo	120
kupovana	120
kupovanje	120
kupovano	120
kupovany	120
kupovaste	120
kupovavša	120
kupovavše	120
kupovavši	120
kupovaše	120
kupuj	120
kupuje	120
kupujem	120
kupujema	120
kupujemo	120
kupujemy	120
kupujete	120
kupuješ	120
kupujmo	120
kupujte	120
kupuju	120
kupujut	120
kupujuča	120
kupujuče	120
kupujuči	120
pokušenij	120
pokušenja	120
pokušenjah	120
pokušenjam	120
pokušenjami	120
pokušenjem	120
pokušenju	120
slav	120
slavah	120
slavam	120
slavami	120
slavo	120
slavoju	120
slavu	120
slavy	120
slavě	120
glavobolj	120
područnik	120
prigrad	120
suka	120
publična	120
publične	120
publični	120
publično	120
publičnogo	120
publičnoj	120
publičnoju	120
publičnom	120
publičnomu	120
publičnu	120
publičnyh	120
publičnym	120
publičnymi	120
publičněje	120
publičnějši	120
kostjum	120
težina	120
okeana	120
okeanah	120
okeanam	120
okeanami	120
okeane	120
okeanom	120
okeanov	120
okeanu	120
okeany	120
izvolet	120
izvoleča	120
izvoleče	120
izvoleči	120
izvoli	120
izvolih	120
izvolihmo	120
izvolihu	120
izvolil	120
izvolila	120
izvolili	120
izvolilo	120
izvolim	120
izvolima	120
izvolimo	120
izvolimy	120
izvoliste	120
izvolite	120
izvolivša	120
izvolivše	120
izvolivši	120
izvoliš	120
izvoliše	120
izvoljena	120
izvoljeno	120
izvolju	120
lodah	120
lodam	120
lodami	120
lodi	120
lodij	120
lodju	120
maršala	120
maršalah	120
maršalam	120
maršalami	120
maršale	120
maršalom	120
maršalov	120
maršalu	120
maršaly	120
provede	120
provedeh	120
provedehmo	120
provedehu	120
provedem	120
provedemo	120
provedena	120
provedenje	120
provedeno	120
provedeny	120
provedeste	120
provedete	120
provedeš	120
provedeše	120
provedi	120
provedimo	120
provedite	120
provedl	120
provedla	120
provedli	120
provedlo	120
provedoma	120
provedomo	120
provedomy	120
provedu	120
provedut	120
proveduča	120
proveduče	120
proveduči	120
provedša	120
provedše	120
provedši	120
komnat	120
komnatah	120
komnatam	120
komnatami	120
komnato	120
komnatoju	120
komnatu	120
komnaty	120
komnatě	120
ilustracija	120
piramida	120
morsko	120
stryjec	120
strěljba	120
televizora	120
televizorah	120
televizoram	120
televizorami	120
televizore	120
televizorom	120
televizorov	120
televizoru	120
televizory	120
učenja	120
učenjem	120
učenju	120
osoba	120
razrěšenje	120
spasti	120
ubijca	120
dovoda	120
dovodah	120
dovodam	120
dovodami	120
dovode	120
dovodom	120
dovodov	120
dovodu	120
dovody	120
naslědka	120
naslědkah	120
naslědkam	120
naslědkami	120
naslědkom	120
naslědkov	120
naslědku	120
naslědky	120
naslědče	120
porna	120
pornom	120
pornu	120
stado	120
vozvod	120
izjavjenje	120
olovo	120
prošedši	120
svinec	120
izvoljenij	120
izvoljenja	120
izvoljenjah	120
izvoljenjam	120
izvoljenjami	120
izvoljenjem	120
izvoljenju	120
meksikanjsky	120
poranjenje	120
zatvor	120
klim	120
klimah	120
klimam	120
klimami	120
klimata	120
klimatah	120
klimatam	120
klimatami	120
klimate	120
klimatom	120
klimatov	120
klimatu	120
klimaty	120
klimo	120
klimoju	120
klimu	120
klimy	120
klimě	120
inteligencija	120
prati	120
umětna	120
kapitala	120
kapitalah	120
kapitalam	120
kapitalami	120
kapitale	120
kapitalom	120
kapitalov	120
kapitalu	120
kapitaly	120
impuls	120
spomněti	120
klienta	120
klientah	120
klientam	120
klientami	120
kliente	120
klienti	120
klientom	120
klientov	120
klientu	120
montaža	120
nezaležny	120
pomnik	120
snizu	120
izgleda	120
izgledah	120
izgledam	120
izgledami	120
izglede	120
izgledom	120
izgledov	120
izgledu	120
izgledy	120
tematika	120
vhoditi	120
lěčiljnej	120
lěčiljnjah	120
lěčiljnjam	120
lěčiljnjami	120
lěčiljnje	120
lěčiljnjeju	120
lěčiljnji	120
lěčiljnjo	120
lěčiljnju	120
uvidet	120
uvideča	120
uvideče	120
uvideči	120
uvidi	120
uvidim	120
uvidima	120
uvidimo	120
uvidimy	120
uvidite	120
uvidiš	120
uviděh	120
uviděhmo	120
uviděhu	120
uviděl	120
uviděla	120
uviděli	120
uvidělo	120
uviděna	120
uviděnje	120
uviděno	120
uviděny	120
uviděste	120
uviděvša	120
uviděvše	120
uviděvši	120
uviděše	120
uvidžu	120
slučka	120
sětka	120
točno	120
věrny	120
priznanij	120
priznanja	120
priznanjah	120
priznanjam	120
priznanjami	120
priznanjem	120
priznanju	120
prodolženij	120
prodolženja	120
prodolženjah	120
prodolženjam	120
prodolženjami	120
prodolženjem	120
prodolženju	120
produkta	120
produktah	120
produktam	120
produktami	120
produkte	120
produktom	120
produktov	120
produktu	120
produkty	120
doba	120
islamsky	120
jezda	120
kamenna	120
zabavny	120
želězničny	120
izobraženje	120
obračati	120
sěveroiztok	120
sěverovozhod	120
zemjeděljstvo	120
stekla	120
steklah	120
steklam	120
steklami	120
steklom	120
steklu	120
stekol	120
Indonezija	120
katka	120
lěčiti	120
medvěd	120
telefonny	120
dojde	120
dojdeh	120
dojdehmo	120
dojdehu	120
dojdem	120
dojdemo	120
dojdena	120
dojdenje	120
dojdeno	120
dojdeny	120
dojdeste	120
dojdete	120
dojdeš	120
dojdeše	120
dojdi	120
dojdimo	120
dojdite	120
dojdoma	120
dojdomo	120
dojdomy	120
dojdu	120
dojdut	120
dojduča	120
dojduče	120
dojduči	120
došel	120
doševša	120
doševše	120
doševši	120
došla	120
došli	120
došlo	120
družin	120
družinah	120
družinam	120
družinami	120
družino	120
družinoju	120
družinu	120
družiny	120
družině	120
ekonomij	120
ekonomijah	120
ekonomijam	120
ekonomijami	120
ekonomije	120
ekonomijeju	120
ekonomiji	120
ekonomijo	120
ekonomiju	120
danok	120
jedrna	120
rujenj	120
sposobnost	120
stvorjenje	120
totaljny	120
milja	120
vyroka	120
vyrokah	120
vyrokam	120
vyrokami	120
vyrokom	120
vyrokov	120
vyroku	120
vyroky	120
vyroče	120
buduča	120
buduče	120
budučego	120
budučej	120
budučeje	120
budučeju	120
budučejši	120
budučem	120
budučemu	120
budučih	120
budučim	120
budučimi	120
buduču	120
Madagaskar	120
Venera	120
plavati	120
pacienta	120
pacientah	120
pacientam	120
pacientami	120
paciente	120
pacienti	120
pacientom	120
pacientov	120
pacientu	120
štata	120
štatah	120
štatam	120
štatami	120
štate	120
štatom	120
štatov	120
štatu	120
štaty	120
drugah	120
drugam	120
drugami	120
drugov	120
druže	120
obojih	120
obojim	120
obojimi	120
grozny	120
hura	120
kupělj	120
monah	120
sětevy	120
vkusny	120
avtoritetah	120
avtoritetam	120
avtoritetami	120
avtoritetov	120
družek	120
družkah	120
družkam	120
družkami	120
družko	120
družkoju	120
družku	120
družky	120
družkě	120
mněnij	120
mněnja	120
mněnjah	120
mněnjam	120
mněnjami	120
mněnjem	120
jad	120
spaljnja	120
izplatiti	120
monopol	120
natisk	120
sbiranje	120
aktorkah	120
aktorkam	120
aktorkami	120
aktorko	120
aktorkoju	120
aktorku	120
aktorky	120
aktorkě	120
aktorok	120
nikaka	120
nikake	120
nikaki	120
nikakogo	120
nikakoj	120
nikakoju	120
nikakom	120
nikakomu	120
nikaku	120
nikakyh	120
nikakym	120
nikakymi	120
nikačeje	120
nikačějši	120
panorama	120
vsesvět	120
pozvanij	120
pozvanja	120
pozvanjah	120
pozvanjam	120
pozvanjami	120
pozvanjem	120
pozvanju	120
simbola	120
simbolah	120
simbolam	120
simbolami	120
simbole	120
simbolom	120
simbolov	120
simbolu	120
simboly	120
městny	120
prědpoloženje	120
vooruženy	120
vzajemno	120
myl	120
myla	120
mylah	120
mylam	120
mylami	120
mylom	120
mylu	120
Virdžinija	120
prěprava	120
grom	120
ekonomična	120
ekonomične	120
ekonomični	120
ekonomično	120
ekonomičnogo	120
ekonomičnoj	120
ekonomičnoju	120
ekonomičnom	120
ekonomičnomu	120
ekonomičnu	120
ekonomičnyh	120
ekonomičnym	120
ekonomičnymi	120
ekonomičněje	120
ekonomičnějši	120
krajin	120
krajinah	120
krajinam	120
krajinami	120
krajino	120
krajinoju	120
krajinu	120
krajiny	120
krajině	120
kraljevstv	120
kraljevstva	120
kraljevstvah	120
kraljevstvam	120
kraljevstvami	120
kraljevstvom	120
kraljevstvu	120
narodženij	120
narodženja	120
narodženjah	120
narodženjam	120
narodženjami	120
narodženjem	120
narodženju	120
prisutnostah	120
prisutnostam	120
prisutnostami	120
prisutnosti	120
prisutnostij	120
prisutnostju	120
razvitij	120
razvitja	120
razvitjah	120
razvitjam	120
razvitjami	120
razvitjem	120
razvitju	120
položeny	120
ročny	120
traktor	120
lic	120
lica	120
licah	120
licam	120
licami	120
licem	120
licu	120
ličes	120
ličesa	120
ličesah	120
ličesam	120
ličesami	120
ličese	120
ličesem	120
ličesi	120
afrikanjsky	120
ječmenj	120
odpočinok	120
prědstavati	120
razpoloženje	120
vezenj	120
lěkara	120
lěkarah	120
lěkaram	120
lěkarami	120
lěkarem	120
lěkarev	120
lěkari	120
lěkaru	120
Nova	120
Zelandija	120
osvěčenje	120
pracodavec	120
rabotodatelj	120
rysovanka	120
žuk	120
opasnostah	120
opasnostam	120
opasnostami	120
opasnosti	120
opasnostij	120
opasnostju	120
servisa	120
servisah	120
servisam	120
servisami	120
servise	120
servisom	120
servisov	120
servisu	120
servisy	120
momentaljno	120
posědanje	120
ozemej	119
ozemjah	119
ozemjam	119
ozemjami	119
ozemje	119
ozemjeju	119
ozemji	119
ozemjo	119
ozemju	119
odpust	119
prositi	119
viza	119
zimny	119
dětinjstvo	119
glavnokomandovač	119
ekonomist	119
obhoditi	119
pokladati	119
rama	119
ramka	119
zaměna	119
garda	119
gvardija	119
kub	119
nahodet	119
nahodeča	119
nahodeče	119
nahodeči	119
nahodi	119
nahodih	119
nahodihmo	119
nahodihu	119
nahodil	119
nahodila	119
nahodili	119
nahodilo	119
nahodim	119
nahodima	119
nahodimo	119
nahodimy	119
nahodiste	119
nahodite	119
nahodivša	119
nahodivše	119
nahodivši	119
nahodiš	119
nahodiše	119
nahodžena	119
nahodženje	119
nahodženo	119
nahodženy	119
nahodžu	119
nastaviti	119
pokupka	119
žaba	119
neoficialjno	119
posada	119
sumněnje	119
vozrastly	119
htěh	119
htěhmo	119
htěhu	119
htěl	119
htěla	119
htěli	119
htělo	119
htěna	119
htěnje	119
htěno	119
htěny	119
htěste	119
htěvša	119
htěvše	119
htěvši	119
htěše	119
hče	119
hčem	119
hčema	119
hčemo	119
hčemy	119
hčete	119
hčeš	119
hči	119
hčimo	119
hčite	119
hču	119
hčut	119
hčuča	119
hčuče	119
hčuči	119
kostah	119
kostam	119
kostami	119
kosti	119
kostij	119
kostju	119
klasna	119
maksimuma	119
maksimumah	119
maksimumam	119
maksimumami	119
maksimume	119
maksimumom	119
maksimumov	119
maksimumu	119
maksimumy	119
učestnika	119
učestnikah	119
učestnikam	119
učestnikami	119
učestniki	119
učestnikom	119
učestnikov	119
učestniku	119
učestniče	119
Amerikanka	119
Držav	119
Nezavisnyh	119
Sodružstvo	119
diko	119
pametnik	119
sedmdeset	119
veličin	119
veličinah	119
veličinam	119
veličinami	119
veličino	119
veličinoju	119
veličinu	119
veličiny	119
veličině	119
prisutny	119
prěznačenje	119
trgova	119
dvanadsetju	119
dětstva	119
dětstvom	119
dětstvu	119
rastlin	119
rastlinah	119
rastlinam	119
rastlinami	119
rastlino	119
rastlinoju	119
rastlinu	119
rastliny	119
rastlině	119
mjuzikl	119
prěnesti	119
slučati	119
ustanovjeny	119
množstv	119
množstva	119
množstvah	119
množstvam	119
množstvami	119
množstvom	119
množstvu	119
lipenj	119
napreženje	119
objektivny	119
sěno	119
kursa	119
kursah	119
kursam	119
kursami	119
kurse	119
kursom	119
kursov	119
kursu	119
kursy	119
dvasto	119
dvěstě	119
kapela	119
služebno	119
vvoz	119
arhiva	119
arhivah	119
arhivam	119
arhivami	119
arhive	119
arhivom	119
arhivov	119
arhivu	119
arhivy	119
figura	119
kapitalizm	119
dvora	119
dvorah	119
dvoram	119
dvorami	119
dvore	119
dvorom	119
dvorov	119
dvoru	119
dvory	119
starost	119
vlažnost	119
volgkost	119
gad	119
nasladiti	119
dělahmo	119
dělahu	119
dělaj	119
dělaje	119
dělajema	119
dělajemo	119
dělajemy	119
dělajete	119
dělaješ	119
dělajmo	119
dělajte	119
dělaju	119
dělajut	119
dělajuča	119
dělajuče	119
dělajuči	119
dělal	119
dělala	119
dělali	119
dělalo	119
dělama	119
dělamo	119
dělamy	119
dělana	119
dělanje	119
dělano	119
dělany	119
dělaste	119
dělate	119
dělavša	119
dělavše	119
dělavši	119
dělaš	119
dělaše	119
dobavjati	119
hladiljnik	119
iskrenost	119
koma	119
len	119
prvonačeljno	119
psevdonim	119
sojuznik	119
udaljenost	119
glasovah	119
glasovahmo	119
glasovahu	119
glasoval	119
glasovala	119
glasovali	119
glasovalo	119
glasovana	119
glasovano	119
glasovany	119
glasovaste	119
glasovavša	119
glasovavše	119
glasovavši	119
glasovaše	119
glasuj	119
glasuje	119
glasujem	119
glasujema	119
glasujemo	119
glasujemy	119
glasujete	119
glasuješ	119
glasujmo	119
glasujte	119
glasuju	119
glasujut	119
glasujuča	119
glasujuče	119
glasujuči	119
motiva	119
motivah	119
motivam	119
motivami	119
motive	119
motivom	119
motivov	119
motivu	119
motivy	119
vnutrišna	119
vnutrišne	119
vnutrišni	119
vnutrišnja	119
vnutrišnje	119
vnutrišnjego	119
vnutrišnjej	119
vnutrišnjeje	119
vnutrišnjeju	119
vnutrišnjejši	119
vnutrišnjem	119
vnutrišnjemu	119
vnutrišnjih	119
vnutrišnjim	119
vnutrišnjimi	119
vnutrišnju	119
vnutrišno	119
vnutrišnogo	119
vnutrišnoj	119
vnutrišnoju	119
vnutrišnom	119
vnutrišnomu	119
vnutrišnu	119
vnutrišnyh	119
vnutrišnym	119
vnutrišnymi	119
vnutrišněje	119
vnutrišnějši	119
Jevrej	119
generator	119
umětny	119
diagnostika	119
diametr	119
magnet	119
potok	119
posěčenij	119
posěčenja	119
posěčenjah	119
posěčenjam	119
posěčenjami	119
posěčenjem	119
posěčenju	119
galaktika	119
izgubiti	119
izjehati	119
lanji	119
postojka	119
poškodženje	119
vaza	119
vojevoda	119
filozofij	119
filozofijah	119
filozofijam	119
filozofijami	119
filozofije	119
filozofijeju	119
filozofiji	119
filozofijo	119
filozofiju	119
kulturny	119
projde	119
projdeh	119
projdehmo	119
projdehu	119
projdem	119
projdemo	119
projdena	119
projdenje	119
projdeno	119
projdeny	119
projdeste	119
projdete	119
projdeš	119
projdeše	119
projdi	119
projdimo	119
projdite	119
projdoma	119
projdomo	119
projdomy	119
projdu	119
projdut	119
projduča	119
projduče	119
projduči	119
prošel	119
proševša	119
proševše	119
proševši	119
prošla	119
prošli	119
prošlo	119
kurva	119
spytati	119
zaustaviti	119
želudok	119
očekyva	119
očekyvah	119
očekyvahmo	119
očekyvahu	119
očekyvaj	119
očekyvaje	119
očekyvajema	119
očekyvajemo	119
očekyvajemy	119
očekyvajete	119
očekyvaješ	119
očekyvajmo	119
očekyvajte	119
očekyvaju	119
očekyvajut	119
očekyvajuča	119
očekyvajuče	119
očekyvajuči	119
očekyval	119
očekyvala	119
očekyvali	119
očekyvalo	119
očekyvam	119
očekyvama	119
očekyvamo	119
očekyvamy	119
očekyvana	119
očekyvano	119
očekyvany	119
očekyvaste	119
očekyvate	119
očekyvavša	119
očekyvavše	119
očekyvavši	119
očekyvaš	119
očekyvaše	119
desnica	119
kazino	119
plata	119
pohvaliti	119
rtut	119
značek	119
rěšena	119
rěšeno	119
rěšeny	119
rěšet	119
rěšeča	119
rěšeče	119
rěšeči	119
rěši	119
rěših	119
rěšihmo	119
rěšihu	119
rěšil	119
rěšila	119
rěšili	119
rěšilo	119
rěšim	119
rěšima	119
rěšimo	119
rěšimy	119
rěšiste	119
rěšite	119
rěšivša	119
rěšivše	119
rěšivši	119
rěšiš	119
rěšiše	119
rěšu	119
Nepal	119
isty	119
osvětljenje	119
upotrěbjenje	119
energetika	119
tragedij	119
tragedijah	119
tragedijam	119
tragedijami	119
tragedije	119
tragedijeju	119
tragediji	119
tragedijo	119
tragediju	119
hemičny	119
oprěděljeno	119
izměnet	119
izměneča	119
izměneče	119
izměneči	119
izměni	119
izměnih	119
izměnihmo	119
izměnihu	119
izměnil	119
izměnila	119
izměnili	119
izměnilo	119
izměnim	119
izměnima	119
izměnimo	119
izměnimy	119
izměniste	119
izměnite	119
izměnivša	119
izměnivše	119
izměnivši	119
izměniš	119
izměniše	119
izměnjena	119
izměnjenje	119
izměnjeno	119
izměnjeny	119
izměnju	119
izstav	119
izstavah	119
izstavam	119
izstavami	119
izstavo	119
izstavoju	119
izstavu	119
izstavy	119
izstavě	119
podhoda	119
podhodah	119
podhodam	119
podhodami	119
podhode	119
podhodom	119
podhodov	119
podhodu	119
podhody	119
izučati	119
zadati	119
dar	119
surabotničstvo	119
dolžna	119
dolžne	119
dolžni	119
dolžno	119
dolžnogo	119
dolžnoj	119
dolžnoju	119
dolžnom	119
dolžnomu	119
dolžnu	119
dolžnyh	119
dolžnym	119
dolžnymi	119
dolžněje	119
dolžnějši	119
torta	119
tortah	119
tortam	119
tortami	119
torte	119
tortom	119
tortov	119
tortu	119
torty	119
nevidimy	119
kompozicija	119
osmdeset	119
poddrživati	119
poněkde	119
věrozakon	119
nezaležnosti	119
nezaležnostju	119
nezavisnostah	119
nezavisnostam	119
nezavisnostami	119
nezavisnosti	119
nezavisnostij	119
nezavisnostju	119
princes	119
princesah	119
princesam	119
princesami	119
princeso	119
princesoju	119
princesu	119
princesy	119
princesě	119
akademik	119
realizacija	119
tvorčji	119
šofersko	119
azot	119
prěduprědženje	119
dizajna	119
dizajnah	119
dizajnam	119
dizajnami	119
dizajne	119
dizajnom	119
dizajnov	119
dizajnu	119
dizajny	119
dušem	119
dušev	119
napoja	119
napojah	119
napojam	119
napojami	119
napoje	119
napojem	119
napojev	119
napoju	119
obran	119
obranah	119
obranam	119
obranami	119
obrano	119
obranoju	119
obranu	119
obrany	119
obraně	119
čed	119
čeda	119
čedah	119
čedam	119
čedami	119
čedom	119
čedu	119
operativny	119
segment	119
čestota	119
iztočna	119
iztočne	119
iztočni	119
iztočno	119
iztočnogo	119
iztočnoj	119
iztočnoju	119
iztočnom	119
iztočnomu	119
iztočnu	119
iztočnyh	119
iztočnym	119
iztočnymi	119
iztočněje	119
iztočnějši	119
maja	119
majem	119
maju	119
povědkah	119
povědkam	119
povědkami	119
povědko	119
povědkoju	119
povědku	119
povědky	119
povědkě	119
povědok	119
vozhodna	119
vozhodne	119
vozhodni	119
vozhodnogo	119
vozhodnoj	119
vozhodnoju	119
vozhodnom	119
vozhodnomu	119
vozhodnu	119
vozhodnyh	119
vozhodnym	119
vozhodnymi	119
vozhodněje	119
vozhodnějši	119
gramatika	119
objaviti	119
postupati	119
sluša	119
slušah	119
slušahmo	119
slušahu	119
slušaj	119
slušaje	119
slušajema	119
slušajemo	119
slušajemy	119
slušajete	119
slušaješ	119
slušajmo	119
slušajte	119
slušaju	119
slušajut	119
slušajuča	119
slušajuče	119
slušajuči	119
slušal	119
slušala	119
slušali	119
slušalo	119
slušam	119
slušama	119
slušamo	119
slušamy	119
slušana	119
slušanje	119
slušano	119
slušany	119
slušaste	119
slušate	119
slušavša	119
slušavše	119
slušavši	119
slušaš	119
slušaše	119
sovětnik	119
ložah	119
ložam	119
ložami	119
loži	119
ložij	119
ložju	119
lž	119
lžah	119
lžam	119
lžami	119
lži	119
lžij	119
lžju	119
palivo	119
posylka	119
leděna	119
pohodka	119
ravnovaga	119
ravnověsje	119
služebny	119
žedža	119
vnutrna	119
vnutrne	119
vnutrni	119
vnutrno	119
vnutrnogo	119
vnutrnoj	119
vnutrnoju	119
vnutrnom	119
vnutrnomu	119
vnutrnu	119
vnutrnyh	119
vnutrnym	119
vnutrnymi	119
vnutrněje	119
vnutrnějši	119
eventualjno	119
napamet	119
obrnuti	119
terorist	119
mašin	119
mašinah	119
mašinam	119
mašinami	119
mašino	119
mašinoju	119
mašinu	119
mašiny	119
mašině	119
inaky	119
sjesti	119
sposobny	119
zaplata	119
zarabotna	119
brzin	119
brzinah	119
brzinam	119
brzinami	119
brzino	119
brzinoju	119
brzinu	119
brziny	119
brzině	119
scen	119
scenah	119
scenam	119
scenami	119
sceno	119
scenoju	119
scenu	119
sceny	119
sceně	119
uměščenij	119
uměščenja	119
uměščenjah	119
uměščenjam	119
uměščenjami	119
uměščenjem	119
uměščenju	119
zapytanij	119
zapytanja	119
zapytanjah	119
zapytanjam	119
zapytanjami	119
zapytanjem	119
zapytanju	119
daljši	119
kriterij	119
odlična	119
odlične	119
odlični	119
odličnogo	119
odličnoj	119
odličnoju	119
odličnom	119
odličnomu	119
odličnu	119
odličnyh	119
odličnym	119
odličnymi	119
odličněje	119
odličnějši	119
obrat	119
jednonočna	119
jednonočne	119
jednonočni	119
jednonočno	119
jednonočnogo	119
jednonočnoj	119
jednonočnoju	119
jednonočnom	119
jednonočnomu	119
jednonočnu	119
jednonočnyh	119
jednonočnym	119
jednonočnymi	119
jednonočněje	119
jednonočnějši	119
jel	119
jela	119
jelah	119
jelam	119
jelami	119
jelom	119
jelu	119
košarka	118
svatbeny	118
masel	118
masla	118
maslah	118
maslam	118
maslami	118
maslom	118
maslu	118
babica	118
igla	118
komentator	118
poldenj	118
pra	118
sovladnuti	118
galerij	118
galerijah	118
galerijam	118
galerijami	118
galerije	118
galerijeju	118
galeriji	118
galerijo	118
galeriju	118
ogona	118
ogonah	118
ogonam	118
ogonami	118
ogone	118
ogonom	118
ogonov	118
ogonu	118
ogony	118
parad	118
paradah	118
paradam	118
paradami	118
parado	118
paradoju	118
paradu	118
parady	118
paradě	118
apostol	118
majstrovsko	118
starějša	118
starějše	118
starějšego	118
starějšej	118
starějšeje	118
starějšeju	118
starějšejši	118
starějšem	118
starějšemu	118
starějših	118
starějšim	118
starějšimi	118
starějšu	118
starša	118
starše	118
staršego	118
staršej	118
staršeje	118
staršeju	118
staršejši	118
staršem	118
staršemu	118
starših	118
staršim	118
staršimi	118
staršu	118
hirurgija	118
stvoriti	118
terasa	118
ubijstvo	118
vag	118
vagah	118
vagam	118
vagami	118
vago	118
vagoju	118
vagu	118
vagy	118
vagě	118
feniks	118
gledišče	118
okupacija	118
dialoga	118
dialogah	118
dialogam	118
dialogami	118
dialogom	118
dialogov	118
dialogu	118
dialogy	118
dialože	118
prividno	118
repertuar	118
želěznična	118
brěga	118
brěgah	118
brěgam	118
brěgami	118
brěgom	118
brěgov	118
brěgu	118
brěgy	118
brěže	118
držah	118
držahmo	118
držahu	118
držal	118
držala	118
držali	118
držalo	118
držana	118
držanje	118
držano	118
držany	118
držaste	118
državša	118
državše	118
državši	118
držaše	118
držet	118
držeča	118
držeče	118
držeči	118
drži	118
držim	118
držima	118
držimo	118
držimy	118
držite	118
držiš	118
držu	118
družb	118
družbah	118
družbam	118
družbami	118
družbi	118
družbo	118
družboju	118
družbov	118
družbu	118
družby	118
družbě	118
Albanija	118
procent	118
kozel	118
odmetenje	118
orěh	118
pocěluvka	118
poživjenij	118
poživjenja	118
poživjenjah	118
poživjenjam	118
poživjenjami	118
poživjenjem	118
poživjenju	118
Malajzija	118
Rimska	118
lovitva	118
zaljubjeny	118
palaca	118
palacah	118
palacam	118
palacami	118
palace	118
palacem	118
palacev	118
palacu	118
sada	118
sadah	118
sadam	118
sadami	118
sade	118
sadom	118
sadov	118
sadu	118
sady	118
svobodne	118
svobodni	118
svobodnogo	118
svobodnoj	118
svobodnoju	118
svobodnom	118
svobodnomu	118
svobodnu	118
svobodnyh	118
svobodnym	118
svobodnymi	118
svobodněje	118
svobodnějši	118
vnesti	118
fajla	118
fajlah	118
fajlam	118
fajlami	118
fajle	118
fajlom	118
fajlov	118
fajlu	118
fajly	118
bavolna	118
gonec	118
izba	118
jezditi	118
slaby	118
strěha	118
velosipedu	118
vuzky	118
odčuva	118
odčuvah	118
odčuvahmo	118
odčuvahu	118
odčuvaj	118
odčuvaje	118
odčuvajema	118
odčuvajemo	118
odčuvajemy	118
odčuvajete	118
odčuvaješ	118
odčuvajmo	118
odčuvajte	118
odčuvaju	118
odčuvajut	118
odčuvajuča	118
odčuvajuče	118
odčuvajuči	118
odčuval	118
odčuvala	118
odčuvali	118
odčuvalo	118
odčuvam	118
odčuvama	118
odčuvamo	118
odčuvamy	118
odčuvana	118
odčuvanje	118
odčuvano	118
odčuvany	118
odčuvaste	118
odčuvate	118
odčuvavša	118
odčuvavše	118
odčuvavši	118
odčuvaš	118
odčuvaše	118
statistik	118
statistikah	118
statistikam	118
statistikami	118
statistiko	118
statistikoju	118
statistiku	118
statistiky	118
statistikě	118
energetičny	118
atmosfer	118
atmosferah	118
atmosferam	118
atmosferami	118
atmosfero	118
atmosferoju	118
atmosferu	118
atmosfery	118
atmosferě	118
junija	118
junijem	118
juniju	118
kvaliteta	118
kvalitetah	118
kvalitetam	118
kvalitetami	118
kvalitete	118
kvalitetom	118
kvalitetov	118
kvalitetu	118
kvalitety	118
trvati	118
gostinic	118
gostinicah	118
gostinicam	118
gostinicami	118
gostinice	118
gostiniceju	118
gostinici	118
gostinico	118
gostinicu	118
hotela	118
hotelah	118
hotelam	118
hotelami	118
hotele	118
hotelom	118
hotelov	118
hotelu	118
hotely	118
pravnika	118
pravnikah	118
pravnikam	118
pravnikami	118
pravniki	118
pravnikom	118
pravnikov	118
pravniku	118
pravniče	118
avstralijsky	118
soobčenje	118
imah	118
imahmo	118
imahu	118
imal	118
imala	118
imali	118
imalo	118
imana	118
imanje	118
imano	118
imany	118
imaste	118
imavša	118
imavše	118
imavši	118
imaše	118
magistr	118
matematičny	118
olimpijsky	118
trojka	118
vstavati	118
prijeh	118
prijehmo	118
prijehu	118
prijel	118
prijela	118
prijeli	118
prijelo	118
prijeste	118
prijeta	118
prijeto	118
prijety	118
prijevša	118
prijevše	118
prijevši	118
priješe	118
prijme	118
prijmem	118
prijmema	118
prijmemo	118
prijmemy	118
prijmete	118
prijmeš	118
prijmi	118
prijmimo	118
prijmite	118
prijmu	118
prijmut	118
prijmuča	118
prijmuče	118
prijmuči	118
programist	118
sjedinjenje	118
těsno	118
vol	118
arsenal	118
egiptsky	118
roj	118
sadok	118
au	118
rekonstrukcija	118
ryža	118
ryžem	118
ryžu	118
raztvor	118
grupovy	118
oblačenje	118
paliti	118
věčny	118
početkah	118
početkam	118
početkami	118
početkom	118
početkov	118
početky	118
početče	118
uživanij	118
uživanja	118
uživanjah	118
uživanjam	118
uživanjami	118
uživanjem	118
uživanju	118
kobra	118
njuh	118
odstraniti	118
snimanje	118
vena	118
kyslin	118
kyslinah	118
kyslinam	118
kyslinami	118
kyslino	118
kyslinoju	118
kyslinu	118
kysliny	118
kyslině	118
mandata	118
mandatah	118
mandatam	118
mandatami	118
mandate	118
mandatom	118
mandatov	118
mandatu	118
mandaty	118
tovarn	118
tovarnah	118
tovarnam	118
tovarnami	118
tovarno	118
tovarnoju	118
tovarnu	118
tovarny	118
tovarně	118
pojedinok	118
popoludnje	118
směšny	118
font	118
farsa	118
pogreb	118
razmah	118
nočna	118
nočne	118
nočni	118
nočno	118
nočnogo	118
nočnoj	118
nočnoju	118
nočnom	118
nočnomu	118
nočnu	118
nočnyh	118
nočnym	118
nočnymi	118
nočněje	118
nočnějši	118
sprotivjenje	118
konflikta	118
konfliktah	118
konfliktam	118
konfliktami	118
konflikte	118
konfliktom	118
konfliktov	118
konfliktu	118
konflikty	118
zajeh	118
zajehmo	118
zajehu	118
zajel	118
zajela	118
zajeli	118
zajelo	118
zajeste	118
zajeta	118
zajeto	118
zajety	118
zajevša	118
zajevše	118
zajevši	118
zaješe	118
zajme	118
zajmem	118
zajmema	118
zajmemo	118
zajmemy	118
zajmete	118
zajmeš	118
zajmi	118
zajmimo	118
zajmite	118
zajmu	118
zajmut	118
zajmuča	118
zajmuče	118
zajmuči	118
groba	118
grobah	118
grobam	118
grobami	118
grobe	118
grobom	118
grobov	118
grobu	118
groby	118
humora	118
humorah	118
humoram	118
humorami	118
humore	118
humorom	118
humorov	118
humoru	118
humory	118
idealjny	118
putujuči	118
soka	118
sokah	118
sokam	118
sokami	118
sokom	118
sokov	118
soku	118
soky	118
soče	118
spadati	118
matematik	118
matematikah	118
matematikam	118
matematikami	118
matematiko	118
matematikoju	118
matematiku	118
matematiky	118
matematikě	118
batalion	118
kokain	118
obrabotati	118
dirigent	118
izslušati	118
glavne	118
glavni	118
glavnogo	118
glavnoj	118
glavnoju	118
glavnom	118
glavnomu	118
glavnu	118
glavnyh	118
glavnym	118
glavnymi	118
glavněje	118
glavnějši	118
partnera	118
partnerah	118
partneram	118
partnerami	118
partnere	118
partneri	118
partnerom	118
partnerov	118
partneru	118
pohybkah	118
pohybkam	118
pohybkami	118
pohybko	118
pohybkoju	118
pohybku	118
pohybky	118
pohybkě	118
pohybok	118
razstojanij	118
razstojanja	118
razstojanjah	118
razstojanjam	118
razstojanjami	118
razstojanjem	118
razstojanju	118
volka	118
volkah	118
volkam	118
volkami	118
volki	118
volkom	118
volkov	118
volku	118
volče	118
blagodarnost	118
shovati	118
vrana	118
šum	118
lěkarka	118
viki	118
jednonoček	118
jednonočkah	118
jednonočkam	118
jednonočkami	118
jednonočko	118
jednonočkoju	118
jednonočku	118
jednonočky	118
jednonočkě	118
senatora	118
senatorah	118
senatoram	118
senatorami	118
senatore	118
senatori	118
senatorom	118
senatorov	118
senatoru	118
suknej	118
suknjah	118
suknjam	118
suknjami	118
suknje	118
suknjeju	118
suknji	118
suknjo	118
suknju	118
biologičny	118
nabyti	118
lěčenij	118
lěčenja	118
lěčenjah	118
lěčenjam	118
lěčenjami	118
lěčenjem	118
lěčenju	118
pozyvati	118
soda	118
lova	118
lovah	118
lovam	118
lovami	118
love	118
lovom	118
lovov	118
lovu	118
lovy	118
srěbra	118
srěbrom	118
srěbru	118
zimova	118
zimove	118
zimovi	118
zimovo	118
zimovogo	118
zimovoj	118
zimovoju	118
zimovom	118
zimovomu	118
zimovu	118
zimovyh	118
zimovym	118
zimovymi	118
zimověje	118
zimovějši	118
kompletno	118
pripomněti	118
prědpis	118
metafor	118
novina	118
zavisěti	118
minulost	118
norvežsky	118
oběd	118
vozstanje	118
srědah	118
srědam	118
srědami	118
srědo	118
srědoju	118
srědu	118
srědy	118
srědě	118
vključenje	118
oblastah	118
oblastam	118
oblastami	118
oblasti	118
oblastij	118
oblastju	118
metre	118
metrov	118
metry	118
svečennika	118
svečennikah	118
svečennikam	118
svečennikami	118
svečenniki	118
svečennikom	118
svečennikov	118
svečenniku	118
svečenniče	118
navědžati	118
orudje	118
prědpokladati	118
prědpolagati	118
založenje	118
maršruta	118
maršrutah	118
maršrutam	118
maršrutami	118
maršrute	118
maršrutom	118
maršrutov	118
maršrutu	118
maršruty	118
uma	118
umah	118
umam	118
umami	118
ume	118
umom	118
umov	118
umy	118
mlyn	118
nogavice	118
iniciativa	118
poslědovateljno	118
arka	118
dodavati	118
prěporuka	118
par	118
parah	118
param	118
parami	118
paro	118
paroju	118
pary	118
parě	118
slědovateljno	118
pomylkah	118
pomylkam	118
pomylkami	118
pomylko	118
pomylkoju	118
pomylku	118
pomylky	118
pomylkě	118
pomylok	118
čutij	118
čutja	118
čutjah	118
čutjam	118
čutjami	118
čutjem	118
čutju	118
duba	118
dubah	118
dubam	118
dubami	118
dube	118
dubom	118
dubov	118
dubu	118
duby	118
farba	118
babušek	117
babuškah	117
babuškam	117
babuškami	117
babuško	117
babuškoju	117
babušku	117
babušky	117
babuškě	117
generacij	117
generacijah	117
generacijam	117
generacijami	117
generacije	117
generacijeju	117
generaciji	117
generacijo	117
generaciju	117
pozdnějši	117
statut	117
žilišče	117
učinka	117
učinkah	117
učinkam	117
učinkami	117
učinkom	117
učinkov	117
učinku	117
učinky	117
učinče	117
izdatelj	117
manifest	117
skulptura	117
fiziko	117
fizikoju	117
fiziku	117
fiziky	117
fizikě	117
mysljenja	117
mysljenjem	117
mysljenju	117
Oka	117
geografija	117
hipoteza	117
hrvatsky	117
kompozitor	117
odgovoriti	117
perioda	117
periodah	117
periodam	117
periodami	117
periode	117
periodom	117
periodov	117
periodu	117
periody	117
funt	117
komponent	117
mebelj	117
naopak	117
trenovati	117
federacij	117
federacijah	117
federacijam	117
federacijami	117
federacije	117
federacijeju	117
federaciji	117
federacijo	117
federaciju	117
fotografij	117
fotografijah	117
fotografijam	117
fotografijami	117
fotografije	117
fotografijeju	117
fotografiji	117
fotografijo	117
fotografiju	117
laboratorij	117
laboratorijah	117
laboratorijam	117
laboratorijami	117
laboratorije	117
laboratorijeju	117
laboratoriji	117
laboratorijo	117
laboratoriju	117
proizhodženij	117
proizhodženja	117
proizhodženjah	117
proizhodženjam	117
proizhodženjami	117
proizhodženjem	117
proizhodženju	117
ulučšiti	117
hlapca	117
hlapcah	117
hlapcam	117
hlapcami	117
hlapcem	117
hlapcev	117
hlapci	117
hlapcu	117
hlapče	117
poljzovah	117
poljzovahmo	117
poljzovahu	117
poljzoval	117
poljzovala	117
poljzovali	117
poljzovalo	117
poljzovana	117
poljzovanje	117
poljzovano	117
poljzovany	117
poljzovaste	117
poljzovavša	117
poljzovavše	117
poljzovavši	117
poljzovaše	117
poljzuj	117
poljzuje	117
poljzujem	117
poljzujema	117
poljzujemo	117
poljzujemy	117
poljzujete	117
poljzuješ	117
poljzujmo	117
poljzujte	117
poljzuju	117
poljzujut	117
poljzujuča	117
poljzujuče	117
poljzujuči	117
Atiny	117
električnost	117
jednoglasno	117
optimizm	117
noset	117
noseča	117
noseče	117
noseči	117
nosi	117
nosih	117
nosihmo	117
nosihu	117
nosil	117
nosila	117
nosili	117
nosilo	117
nosim	117
nosima	117
nosimo	117
nosimy	117
nosiste	117
nosite	117
nosivša	117
nosivše	117
nosivši	117
nosiš	117
nosiše	117
nošena	117
nošeno	117
nošeny	117
nošu	117
pepel	117
hrama	117
hramah	117
hramam	117
hramami	117
hrame	117
hramom	117
hramov	117
hramu	117
hramy	117
bliznec	117
geometrija	117
mnih	117
prědložiti	117
ulěpšenje	117
prědloženij	117
prědloženja	117
prědloženjah	117
prědloženjam	117
prědloženjami	117
prědloženjem	117
prědloženju	117
val	117
valah	117
valam	117
valami	117
valo	117
valoju	117
valu	117
valy	117
valě	117
petina	117
satelit	117
brenda	117
brendah	117
brendam	117
brendami	117
brende	117
brendom	117
brendov	117
brendu	117
brendy	117
divy	117
sekvencija	117
živopisec	117
petdeseti	117
petdesetju	117
dostavati	117
popravka	117
statuja	117
zaležny	117
ktorakoli	117
ktorekoli	117
ktorikoli	117
ktorogokoli	117
ktorojkoli	117
ktorojukoli	117
ktorokoli	117
ktoromkoli	117
ktoromukoli	117
ktorukoli	117
ktoryhkoli	117
ktorymikoli	117
ktorymkoli	117
personala	117
personalah	117
personalam	117
personalami	117
personale	117
personalom	117
personalov	117
personalu	117
personaly	117
ulučiti	117
razgovora	117
razgovorah	117
razgovoram	117
razgovorami	117
razgovore	117
razgovorom	117
razgovorov	117
razgovoru	117
razgovory	117
kalibr	117
pokrytje	117
slati	117
izslušanje	117
sirijsky	117
sirop	117
sirup	117
testament	117
zakryti	117
policijna	117
policijne	117
policijni	117
policijno	117
policijnogo	117
policijnoj	117
policijnoju	117
policijnom	117
policijnomu	117
policijnu	117
policijnyh	117
policijnym	117
policijnymi	117
policijněje	117
policijnějši	117
smotret	117
smotreča	117
smotreče	117
smotreči	117
smotri	117
smotrih	117
smotrihmo	117
smotrihu	117
smotril	117
smotrila	117
smotrili	117
smotrilo	117
smotrim	117
smotrima	117
smotrimo	117
smotrimy	117
smotriste	117
smotrite	117
smotrivša	117
smotrivše	117
smotrivši	117
smotriš	117
smotriše	117
smotrjena	117
smotrjenje	117
smotrjeno	117
smotrjeny	117
smotrju	117
strěte	117
strěteh	117
strětehmo	117
strětehu	117
strětem	117
strětemo	117
strětena	117
strěteno	117
strěteny	117
strěteste	117
strětete	117
strěteš	117
strěteše	117
strěti	117
strětimo	117
strětite	117
strětl	117
strětla	117
strětli	117
strětlo	117
strětoma	117
strětomo	117
strětomy	117
strětu	117
strětut	117
strětuča	117
strětuče	117
strětuči	117
strětša	117
strětše	117
strětši	117
kriva	117
kanclera	117
kanclerah	117
kancleram	117
kanclerami	117
kanclere	117
kancleri	117
kanclerom	117
kanclerov	117
kancleru	117
odpověda	117
odpovědahmo	117
odpovědahu	117
odpovědaj	117
odpovědaje	117
odpovědajema	117
odpovědajemo	117
odpovědajemy	117
odpovědajete	117
odpovědaješ	117
odpovědajmo	117
odpovědajte	117
odpovědaju	117
odpovědajut	117
odpovědajuča	117
odpovědajuče	117
odpovědajuči	117
odpovědal	117
odpovědala	117
odpovědali	117
odpovědalo	117
odpovědama	117
odpovědamo	117
odpovědamy	117
odpovědana	117
odpovědanje	117
odpovědano	117
odpovědany	117
odpovědaste	117
odpovědate	117
odpovědavša	117
odpovědavše	117
odpovědavši	117
odpovědaš	117
odpovědaše	117
bronja	117
končina	117
luč	117
teleskop	117
vann	117
vannah	117
vannam	117
vannami	117
vanno	117
vannoju	117
vannu	117
vanny	117
vanně	117
vezti	117
pěska	117
pěskah	117
pěskam	117
pěskami	117
pěskom	117
pěskov	117
pěsku	117
pěsky	117
pěsče	117
kompas	117
globus	117
perun	117
ček	117
želanij	117
želanja	117
želanjah	117
želanjam	117
želanjami	117
želanjem	117
želanju	117
artista	117
artistah	117
artistam	117
artistami	117
artiste	117
artisti	117
artistom	117
artistov	117
artistu	117
gusty	117
informatika	117
popel	117
revolucijna	117
baleta	117
baletah	117
baletam	117
baletami	117
balete	117
baletom	117
baletov	117
baletu	117
balety	117
kratka	117
kratke	117
kratki	117
kratkogo	117
kratkoj	117
kratkoju	117
kratkom	117
kratkomu	117
kratku	117
kratkyh	117
kratkym	117
kratkymi	117
kratši	117
krače	117
podanka	117
podankah	117
podankam	117
podankami	117
podankom	117
podankov	117
podanku	117
podanky	117
podanče	117
pokuset	117
pokuseča	117
pokuseče	117
pokuseči	117
pokusi	117
pokusih	117
pokusihmo	117
pokusihu	117
pokusil	117
pokusila	117
pokusili	117
pokusilo	117
pokusim	117
pokusima	117
pokusimo	117
pokusimy	117
pokusiste	117
pokusite	117
pokusivša	117
pokusivše	117
pokusivši	117
pokusiš	117
pokusiše	117
pokušena	117
pokušeno	117
pokušeny	117
pokušu	117
koverec	117
nebezpečnost	117
priloga	117
vebsajta	117
vebsajtah	117
vebsajtam	117
vebsajtami	117
vebsajte	117
vebsajtom	117
vebsajtov	117
vebsajtu	117
vebsajty	117
specialista	117
specialistah	117
specialistam	117
specialistami	117
specialiste	117
specialisti	117
specialistom	117
specialistov	117
specialistu	117
těnja	117
těnjah	117
těnjam	117
těnjami	117
těnje	117
těnjem	117
těnjev	117
těnji	117
těnjij	117
těnju	117
faraon	117
podměniti	117
povyši	117
uspěšnica	117
cara	117
carah	117
caram	117
carami	117
carem	117
carev	117
cari	117
caru	117
tabak	117
šampion	117
dorazuměvanja	117
dorazuměvanjem	117
dorazuměvanju	117
sětah	117
sětam	117
sětami	117
sěti	117
sětij	117
sětju	117
boljny	117
fragment	117
frakcija	117
knopka	117
rezerva	117
vodopad	117
portreta	117
portretah	117
portretam	117
portretami	117
portrete	117
portretom	117
portretov	117
portretu	117
portrety	117
zaklada	117
zakladah	117
zakladam	117
zakladami	117
zaklade	117
zakladom	117
zakladov	117
zakladu	117
zaklady	117
fasolje	117
keramika	117
lob	117
črvene	117
fašizm	117
manevr	117
marlivo	117
zavět	117
Missisipi	117
dizelj	117
posvečeny	117
produkovati	117
božja	117
božje	117
božjego	117
božjej	117
božjeje	117
božjeju	117
božjejši	117
božjem	117
božjemu	117
božjih	117
božjim	117
božjimi	117
božju	117
dyha	117
dyhah	117
dyham	117
dyhami	117
dyhom	117
dyhov	117
dyhu	117
dyhy	117
dyše	117
polučati	117
grěha	117
grěhah	117
grěham	117
grěhami	117
grěhom	117
grěhov	117
grěhu	117
grěhy	117
grěše	117
běda	117
duela	117
duelah	117
duelam	117
duelami	117
duele	117
duelom	117
duelov	117
duelu	117
duely	117
durny	117
kupati	117
myti	117
idej	117
idejah	117
idejam	117
idejami	117
ideje	117
idejeju	117
ideji	117
idejo	117
ideju	117
civiljny	117
observovati	117
otrava	117
prědnje	117
arhitekturo	117
arhitekturoju	117
arhitekturu	117
arhitektury	117
arhitekturě	117
konkursa	117
konkursah	117
konkursam	117
konkursami	117
konkurse	117
konkursom	117
konkursov	117
konkursu	117
konkursy	117
razslědovanij	117
razslědovanja	117
razslědovanjah	117
razslědovanjam	117
razslědovanjami	117
razslědovanjem	117
razslědovanju	117
svojnostah	117
svojnostam	117
svojnostami	117
svojnosti	117
svojnostij	117
svojnostju	117
sědet	117
sědeča	117
sědeče	117
sědeči	117
sědi	117
sědim	117
sědima	117
sědimo	117
sědimy	117
sědite	117
sědiš	117
sěděh	117
sěděhmo	117
sěděhu	117
sěděl	117
sěděla	117
sěděli	117
sědělo	117
sěděna	117
sěděnje	117
sěděno	117
sěděny	117
sěděste	117
sěděvša	117
sěděvše	117
sěděvši	117
sěděše	117
sědžu	117
hlapčik	117
inženjera	117
inženjerah	117
inženjeram	117
inženjerami	117
inženjere	117
inženjeri	117
inženjerom	117
inženjerov	117
inženjeru	117
latinjsky	117
pisanij	117
pisanja	117
pisanjah	117
pisanjam	117
pisanjami	117
pisanjem	117
pisanju	117
pšenica	117
rumunjsky	117
rysovati	117
stavjati	117
strategičny	117
avt	117
avta	117
avtah	117
avtam	117
avtami	117
avtom	117
avtu	117
cifra	117
srst	117
poměščenij	117
poměščenja	117
poměščenjah	117
poměščenjam	117
poměščenjami	117
poměščenjem	117
poměščenju	117
poblagodaret	117
poblagodareča	117
poblagodareče	117
poblagodareči	117
poblagodari	117
poblagodarih	117
poblagodarihmo	117
poblagodarihu	117
poblagodaril	117
poblagodarila	117
poblagodarili	117
poblagodarilo	117
poblagodarim	117
poblagodarima	117
poblagodarimo	117
poblagodarimy	117
poblagodariste	117
poblagodarite	117
poblagodarivša	117
poblagodarivše	117
poblagodarivši	117
poblagodariš	117
poblagodariše	117
poblagodarjena	117
poblagodarjenje	117
poblagodarjeno	117
poblagodarjeny	117
poblagodarju	117
diktator	117
imperator	117
odzyv	117
zaključiti	117
dopisa	117
dopisah	117
dopisam	117
dopisami	117
dopise	117
dopisom	117
dopisov	117
dopisu	117
dopisy	117
zaležnosti	117
zaležnostju	117
zavisnostah	117
zavisnostam	117
zavisnostami	117
zavisnosti	117
zavisnostij	117
zavisnostju	117
akvarium	117
jutrišnji	117
jutrišny	117
obranny	117
sociologija	117
sponsor	117
svojstvo	117
věčnost	117
protesta	117
protestah	117
protestam	117
protestami	117
proteste	117
protestom	117
protestov	117
protestu	117
protesty	117
bunker	117
naivny	117
pěnežny	117
tišin	117
tišinah	117
tišinam	117
tišinami	117
tišino	117
tišinoju	117
tišinu	117
tišiny	117
tišině	117
trpěnja	117
trpěnjem	117
trpěnju	117
rěšajuči	117
nevtraljny	117
osnovny	117
plazma	117
smrteljna	117
pism	117
pisma	117
pismah	117
pismam	117
pismami	117
pismom	117
pismu	117
roz	117
rozah	117
rozam	117
rozami	117
rozo	117
rozoju	117
rozu	117
rozy	117
rozě	117
mast	117
prestiž	117
buhta	117
konvencija	117
proizvoditelj	117
hod	117
miliard	117
nit	117
opeka	117
razklad	117
sutstvovati	117
udaliti	117
izojde	117
izojdeh	117
izojdehmo	117
izojdehu	117
izojdem	117
izojdemo	117
izojdena	117
izojdenje	117
izojdeno	117
izojdeny	117
izojdeste	117
izojdete	117
izojdeš	117
izojdeše	117
izojdi	117
izojdimo	117
izojdite	117
izojdoma	117
izojdomo	117
izojdomy	117
izojdu	117
izojdut	117
izojduča	117
izojduče	117
izojduči	117
izšel	117
izševša	117
izševše	117
izševši	117
izšla	117
izšli	117
izšlo	117
maka	117
makah	117
makam	117
makami	117
makom	117
makov	117
maku	117
maky	117
mače	117
ljubovny	117
obstajati	117
kostela	116
kostelah	116
kostelam	116
kostelami	116
kostele	116
kostelom	116
kostelov	116
kostelu	116
kostely	116
stěnja	116
stěnjah	116
stěnjam	116
stěnjami	116
stěnje	116
stěnjem	116
stěnjev	116
stěnju	116
alergija	116
konkurencija	116
praviljny	116
gorska	116
gorske	116
gorski	116
gorsko	116
gorskogo	116
gorskoj	116
gorskoju	116
gorskom	116
gorskomu	116
gorsku	116
gorskyh	116
gorskym	116
gorskymi	116
osnov	116
osnovah	116
osnovam	116
osnovami	116
osnovo	116
osnovoju	116
osnovu	116
osnovy	116
osnově	116
spektra	116
spektrah	116
spektram	116
spektrami	116
spektre	116
spektrom	116
spektrov	116
spektru	116
spektry	116
bankir	116
bystry	116
diky	116
elegantny	116
gramota	116
muskul	116
myšca	116
ohranjati	116
osa	116
pojehati	116
prislati	116
tajnica	116
morska	116
morske	116
morski	116
morskogo	116
morskoj	116
morskoju	116
morskom	116
morskomu	116
morsku	116
morskyh	116
morskym	116
morskymi	116
poslah	116
poslahmo	116
poslahu	116
poslal	116
poslala	116
poslali	116
poslalo	116
poslana	116
poslano	116
poslany	116
poslaste	116
poslavša	116
poslavše	116
poslavši	116
poslaše	116
poslj	116
poslje	116
posljem	116
posljema	116
posljemo	116
posljemy	116
posljete	116
poslješ	116
posljmo	116
posljte	116
poslju	116
posljut	116
posljuča	116
posljuče	116
posljuči	116
pyta	116
pytah	116
pytahmo	116
pytahu	116
pytaj	116
pytaje	116
pytajema	116
pytajemo	116
pytajemy	116
pytajete	116
pytaješ	116
pytajmo	116
pytajte	116
pytaju	116
pytajut	116
pytajuča	116
pytajuče	116
pytajuči	116
pytal	116
pytala	116
pytali	116
pytalo	116
pytam	116
pytama	116
pytamo	116
pytamy	116
pytana	116
pytano	116
pytany	116
pytaste	116
pytate	116
pytavša	116
pytavše	116
pytavši	116
pytaš	116
pytaše	116
rěkl	116
rěkla	116
rěkli	116
rěklo	116
rěkut	116
rěkuča	116
rěkuče	116
rěkuči	116
rěkša	116
rěkše	116
rěkši	116
rěče	116
rěčeh	116
rěčehmo	116
rěčehu	116
rěčem	116
rěčema	116
rěčemo	116
rěčemy	116
rěčena	116
rěčeno	116
rěčeste	116
rěčete	116
rěčeš	116
rěčeše	116
rěčimo	116
rěčite	116
vrača	116
vračah	116
vračahmo	116
vračahu	116
vračaj	116
vračaje	116
vračajema	116
vračajemo	116
vračajemy	116
vračajete	116
vračaješ	116
vračajmo	116
vračajte	116
vračaju	116
vračajut	116
vračajuča	116
vračajuče	116
vračajuči	116
vračal	116
vračala	116
vračali	116
vračalo	116
vračam	116
vračama	116
vračamo	116
vračamy	116
vračana	116
vračanje	116
vračano	116
vračany	116
vračaste	116
vračate	116
vračavša	116
vračavše	116
vračavši	116
vračaš	116
vračaše	116
blago	116
mig	116
manipulacija	116
pohvaly	116
rubin	116
zaključiljnik	116
hotěh	116
hotěhmo	116
hotěhu	116
hotěl	116
hotěla	116
hotěli	116
hotělo	116
hotěna	116
hotěnje	116
hotěno	116
hotěny	116
hotěste	116
hotěvša	116
hotěvše	116
hotěvši	116
hotěše	116
hoče	116
hočem	116
hočema	116
hočemo	116
hočemy	116
hočete	116
hočeš	116
hoči	116
hočimo	116
hočite	116
hoču	116
hočut	116
hočuča	116
hočuče	116
hočuči	116
rěčnika	116
rěčnikah	116
rěčnikam	116
rěčnikami	116
rěčnikom	116
rěčnikov	116
rěčniku	116
rěčniky	116
rěčniče	116
umětnika	116
umětnikah	116
umětnikam	116
umětnikami	116
umětniki	116
umětnikom	116
umětnikov	116
umětniku	116
umětniče	116
astma	116
klasifikacija	116
modernizacija	116
nogavky	116
drage	116
dragi	116
dragogo	116
dragoj	116
dragom	116
dragomu	116
dragyh	116
dragym	116
dragymi	116
dražeje	116
dražějši	116
dolara	116
dolarah	116
dolaram	116
dolarami	116
dolare	116
dolarom	116
dolarov	116
dolaru	116
dolary	116
izvoz	116
podium	116
povrhnej	116
povrhnjah	116
povrhnjam	116
povrhnjami	116
povrhnje	116
povrhnjeju	116
povrhnji	116
povrhnjo	116
povrhnju	116
povrhnostah	116
povrhnostam	116
povrhnostami	116
povrhnosti	116
povrhnostij	116
povrhnostju	116
površin	116
površinah	116
površinam	116
površinami	116
površino	116
površinoju	116
površinu	116
površiny	116
površině	116
skoka	116
skokah	116
skokam	116
skokami	116
skokom	116
skokov	116
skoku	116
skoky	116
skoče	116
soglasje	116
suglasje	116
zastoj	116
čitatelj	116
popularnostah	116
popularnostam	116
popularnostami	116
popularnosti	116
popularnostij	116
popularnostju	116
balans	116
glavnik	116
oseljenje	116
položenje	116
styd	116
terapevt	116
srpenja	116
srpenjem	116
srpenju	116
intensivny	116
jugoiztok	116
jugovozhod	116
orden	116
slomjeny	116
bezpečna	116
bezpečne	116
bezpečni	116
bezpečno	116
bezpečnogo	116
bezpečnoj	116
bezpečnoju	116
bezpečnom	116
bezpečnomu	116
bezpečnu	116
bezpečnyh	116
bezpečnym	116
bezpečnymi	116
bezpečněje	116
bezpečnějši	116
razgled	116
remeslo	116
reputacija	116
zarabotati	116
medsestr	116
medsestrah	116
medsestram	116
medsestrami	116
medsestro	116
medsestroju	116
medsestru	116
medsestry	116
medsestrě	116
slěda	116
slědah	116
slědam	116
slědami	116
slěde	116
slědom	116
slědov	116
slědu	116
slědy	116
anonimny	116
slědovati	116
pokazyva	116
pokazyvah	116
pokazyvahmo	116
pokazyvahu	116
pokazyvaj	116
pokazyvaje	116
pokazyvajema	116
pokazyvajemo	116
pokazyvajemy	116
pokazyvajete	116
pokazyvaješ	116
pokazyvajmo	116
pokazyvajte	116
pokazyvaju	116
pokazyvajut	116
pokazyvajuča	116
pokazyvajuče	116
pokazyvajuči	116
pokazyval	116
pokazyvala	116
pokazyvali	116
pokazyvalo	116
pokazyvam	116
pokazyvama	116
pokazyvamo	116
pokazyvamy	116
pokazyvana	116
pokazyvanje	116
pokazyvano	116
pokazyvany	116
pokazyvaste	116
pokazyvate	116
pokazyvavša	116
pokazyvavše	116
pokazyvavši	116
pokazyvaš	116
pokazyvaše	116
vozgleda	116
vozgledah	116
vozgledam	116
vozgledami	116
vozglede	116
vozgledom	116
vozgledov	116
vozgledu	116
vozgledy	116
kuhati	116
vozpomněnje	116
dokazah	116
dokazahmo	116
dokazahu	116
dokazal	116
dokazala	116
dokazali	116
dokazalo	116
dokazana	116
dokazanje	116
dokazano	116
dokazany	116
dokazaste	116
dokazavša	116
dokazavše	116
dokazavši	116
dokazaše	116
dokaže	116
dokažem	116
dokažema	116
dokažemo	116
dokažemy	116
dokažete	116
dokažeš	116
dokaži	116
dokažimo	116
dokažite	116
dokažu	116
dokažut	116
dokažuča	116
dokažuče	116
dokažuči	116
sklada	116
skladah	116
skladam	116
skladami	116
sklade	116
skladom	116
skladov	116
skladu	116
sklady	116
mudra	116
mudre	116
mudri	116
mudro	116
mudrogo	116
mudroj	116
mudroju	116
mudrom	116
mudromu	116
mudru	116
mudryh	116
mudrym	116
mudrymi	116
mudrěje	116
mudrějši	116
novembra	116
novembre	116
novembrom	116
novembru	116
organizma	116
organizmah	116
organizmam	116
organizmami	116
organizme	116
organizmom	116
organizmov	116
organizmu	116
organizmy	116
gubernator	116
labed	116
link	116
temny	116
zamedliti	116
podpis	116
pojeti	116
pomsta	116
puta	116
putah	116
putam	116
putami	116
pute	116
putem	116
putev	116
puti	116
putij	116
putju	116
putu	116
magija	116
muzikaljny	116
prěrvati	116
soglasiti	116
suglasiti	116
vektor	116
burej	116
burjah	116
burjam	116
burjami	116
burje	116
burjeju	116
burji	116
burjo	116
burju	116
terapij	116
terapijah	116
terapijam	116
terapijami	116
terapije	116
terapijeju	116
terapiji	116
terapijo	116
terapiju	116
izpasti	116
ložka	116
prokuratura	116
protivdějstvo	116
pčela	116
vplyvti	116
pridělanij	116
pridělanja	116
pridělanjah	116
pridělanjam	116
pridělanjami	116
pridělanjem	116
pridělanju	116
avtomatičny	116
izdaleka	116
neobyčny	116
prolom	116
grěšek	116
grěškah	116
grěškam	116
grěškami	116
grěško	116
grěškoju	116
grěšku	116
grěšky	116
grěškě	116
ogromna	116
ogromne	116
ogromni	116
ogromno	116
ogromnogo	116
ogromnoj	116
ogromnoju	116
ogromnom	116
ogromnomu	116
ogromnu	116
ogromnyh	116
ogromnym	116
ogromnymi	116
ogromněje	116
ogromnějši	116
smutno	116
stabiljny	116
obmedženij	116
obmedženja	116
obmedženjah	116
obmedženjam	116
obmedženjami	116
obmedženjem	116
obmedženju	116
praks	116
praksah	116
praksam	116
praksami	116
prakso	116
praksoju	116
praksu	116
praksy	116
praksě	116
blagodarny	116
komik	116
krah	116
naučny	116
grečska	116
grečske	116
grečski	116
grečsko	116
grečskogo	116
grečskoj	116
grečskoju	116
grečskom	116
grečskomu	116
grečsku	116
grečskyh	116
grečskym	116
grečskymi	116
zrěnjem	116
zrěnju	116
diktatura	116
hepa	116
hemij	116
hemijah	116
hemijam	116
hemijami	116
hemije	116
hemijeju	116
hemiji	116
hemijo	116
hemiju	116
producenta	116
producentah	116
producentam	116
producentami	116
producente	116
producenti	116
producentom	116
producentov	116
producentu	116
Grek	116
barona	116
baronah	116
baronam	116
baronami	116
barone	116
baroni	116
baronom	116
baronov	116
baronu	116
prizvanij	116
prizvanja	116
prizvanjah	116
prizvanjam	116
prizvanjami	116
prizvanjem	116
prizvanju	116
prědprijemstv	116
prědprijemstva	116
prědprijemstvah	116
prědprijemstvam	116
prědprijemstvami	116
prědprijemstvom	116
prědprijemstvu	116
sum	116
sumah	116
sumam	116
sumami	116
sumo	116
sumoju	116
sumu	116
sumy	116
ananas	116
apartament	116
kradža	116
ložica	116
gradžanjsky	116
heroin	116
nebsky	116
rybak	116
životinjsky	116
ritma	116
ritmah	116
ritmam	116
ritmami	116
ritme	116
ritmom	116
ritmov	116
ritmu	116
ritmy	116
nemožlivy	116
prokuror	116
racionaljno	116
skelet	116
logik	116
logikah	116
logikam	116
logikami	116
logiko	116
logikoju	116
logiku	116
logiky	116
logikě	116
kal	116
klen	116
postavjenij	116
postavjenja	116
postavjenjah	116
postavjenjam	116
postavjenjami	116
postavjenjem	116
postavjenju	116
bejsbol	116
kafe	116
mekko	116
radostny	116
žrl	116
žrla	116
žrlah	116
žrlam	116
žrlami	116
žrlom	116
žrlu	116
atomna	116
gong	116
pogon	116
slučiti	116
raka	116
rakah	116
rakam	116
rakami	116
raki	116
rakom	116
rakov	116
raku	116
raky	116
rače	116
bjust	116
hotelovy	116
izvinjenje	116
obratno	116
zapisati	116
avtomobila	116
avtomobilah	116
avtomobilam	116
avtomobilami	116
avtomobile	116
avtomobilom	116
avtomobilov	116
avtomobilu	116
avtomobily	116
slona	116
slonah	116
slonam	116
slonami	116
slone	116
sloni	116
slonom	116
slonov	116
slonu	116
uděla	116
udělah	116
udělam	116
udělami	116
uděle	116
udělom	116
udělov	116
udělu	116
uděly	116
svila	116
vrh	116
prodolža	116
prodolžah	116
prodolžahmo	116
prodolžahu	116
prodolžaj	116
prodolžaje	116
prodolžajema	116
prodolžajemo	116
prodolžajemy	116
prodolžajete	116
prodolžaješ	116
prodolžajmo	116
prodolžajte	116
prodolžaju	116
prodolžajut	116
prodolžajuča	116
prodolžajuče	116
prodolžajuči	116
prodolžal	116
prodolžala	116
prodolžali	116
prodolžalo	116
prodolžam	116
prodolžama	116
prodolžamo	116
prodolžamy	116
prodolžana	116
prodolžanje	116
prodolžano	116
prodolžany	116
prodolžaste	116
prodolžate	116
prodolžavša	116
prodolžavše	116
prodolžavši	116
prodolžaš	116
prodolžaše	116
prězimen	116
prězimena	116
prězimenah	116
prězimenam	116
prězimenami	116
prězimene	116
prězimenem	116
prězimeni	116
prězimenom	116
prězimenu	116
gonkah	116
gonkam	116
gonkami	116
gonko	116
gonkoju	116
gonku	116
gonky	116
gonkě	116
gonok	116
udač	116
udačah	116
udačam	116
udačami	116
udače	116
udačeju	116
udači	116
udačo	116
udaču	116
prědati	116
prijemna	116
prijemne	116
prijemni	116
prijemno	116
prijemnogo	116
prijemnoj	116
prijemnoju	116
prijemnom	116
prijemnomu	116
prijemnu	116
prijemnyh	116
prijemnym	116
prijemnymi	116
prijemněje	116
prijemnějši	116
dilema	116
msta	116
posluživati	116
žele	116
buket	116
hodba	116
iranjsky	116
mladčica	116
sekretny	116
zapisyvati	116
izslědka	116
izslědkah	116
izslědkam	116
izslědkami	116
izslědkom	116
izslědkov	116
izslědku	116
izslědky	116
izslědče	116
polka	116
polkah	116
polkam	116
polkami	116
polkom	116
polkov	116
polku	116
polky	116
polče	116
operacij	116
operacijah	116
operacijam	116
operacijami	116
operacije	116
operacijeju	116
operaciji	116
operacijo	116
operaciju	116
sovětska	116
sovětske	116
sovětski	116
sovětsko	116
sovětskogo	116
sovětskoj	116
sovětskoju	116
sovětskom	116
sovětskomu	116
sovětsku	116
sovětskyh	116
sovětskym	116
sovětskymi	116
glubje	116
gluboka	116
gluboke	116
gluboki	116
glubokogo	116
glubokoj	116
glubokoju	116
glubokom	116
glubokomu	116
gluboku	116
glubokyh	116
glubokym	116
glubokymi	116
zasad	116
zasadah	116
zasadam	116
zasadami	116
zasado	116
zasadoju	116
zasadu	116
zasady	116
zasadě	116
Osoba	116
Važna	116
Veljmi	116
velikost	116
znanec	116
onolika	116
onolike	116
onoliki	116
onolikogo	116
onolikoj	116
onolikoju	116
onolikom	116
onolikomu	116
onoliku	116
onolikyh	116
onolikym	116
onolikymi	116
onoličeje	116
onoličějši	116
Bosnija	116
gospodin	116
zemja	116
prěživanij	116
prěživanja	116
prěživanjah	116
prěživanjam	116
prěživanjami	116
prěživanjem	116
prěživanju	116
reda	116
redah	116
redam	116
redami	116
rede	116
redom	116
redov	116
redu	116
redy	116
danjsky	116
negativny	116
suprugi	116
děvkah	116
děvkam	116
děvkami	116
děvko	116
děvkoju	116
děvku	116
děvky	116
děvkě	116
děvok	116
kolora	116
kolorah	116
koloram	116
kolorami	116
kolore	116
kolorom	116
kolorov	116
koloru	116
kolory	116
krivy	116
kyt	116
masovy	116
parfum	116
poznanec	116
obuv	116
oruženij	116
oruženja	116
oruženjah	116
oruženjam	116
oruženjami	116
oruženjem	116
oruženju	116
otvoret	116
otvoreča	116
otvoreče	116
otvoreči	116
otvori	116
otvorih	116
otvorihmo	116
otvorihu	116
otvoril	116
otvorila	116
otvorili	116
otvorilo	116
otvorim	116
otvorima	116
otvorimo	116
otvorimy	116
otvoriste	116
otvorite	116
otvorivša	116
otvorivše	116
otvorivši	116
otvoriš	116
otvoriše	116
otvorjena	116
otvorjenje	116
otvorjeno	116
otvorju	116
parodija	116
relief	116
velosiped	116
črvena	116
črveni	116
črveno	116
črvenogo	116
črvenoj	116
črvenoju	116
črvenom	116
črvenomu	116
črvenu	116
črvenyh	116
črvenym	116
črvenymi	116
črveněje	116
črvenějši	116
softvera	116
softvere	116
softverom	116
softveru	116
tridesetju	116
nazvana	116
nazvane	116
nazvani	116
nazvano	116
nazvanogo	116
nazvanoj	116
nazvanoju	116
nazvanom	116
nazvanomu	116
nazvanu	116
nazvanyh	116
nazvanym	116
nazvanymi	116
nazvaněje	116
nazvanějši	116
onogo	116
onoju	116
onom	116
onomu	116
onu	116
onyh	116
onym	116
onymi	116
bridko	116
izgoda	116
kontrast	116
ritual	116
sěra	116
ugovor	116
vodny	116
zapis	116
cegla	116
odpravjati	116
nastrojenij	116
nastrojenja	116
nastrojenjah	116
nastrojenjam	116
nastrojenjami	116
nastrojenjem	116
nastrojenju	116
avtoritetnost	116
upotrěbjati	116
uspravědlivjenje	116
nazv	116
nazvah	116
nazvam	116
nazvami	116
nazvo	116
nazvoju	116
nazvu	116
nazvy	116
nazvě	116
dovoditi	115
trend	115
žedati	115
jablka	115
jablkah	115
jablkam	115
jablkami	115
jablkom	115
jablku	115
jablok	115
jedami	115
jedo	115
jedoju	115
jedy	115
jedě	115
spoločny	115
tvorjenje	115
večerny	115
minusa	115
minusah	115
minusam	115
minusami	115
minuse	115
minusom	115
minusov	115
minusu	115
minusy	115
prěsta	115
prěstah	115
prěstahmo	115
prěstahu	115
prěstaj	115
prěstaje	115
prěstajema	115
prěstajemo	115
prěstajemy	115
prěstajete	115
prěstaješ	115
prěstajmo	115
prěstajte	115
prěstaju	115
prěstajut	115
prěstajuča	115
prěstajuče	115
prěstajuči	115
prěstal	115
prěstala	115
prěstali	115
prěstalo	115
prěstam	115
prěstama	115
prěstamo	115
prěstamy	115
prěstana	115
prěstanje	115
prěstano	115
prěstany	115
prěstaste	115
prěstate	115
prěstavša	115
prěstavše	115
prěstavši	115
prěstaš	115
prěstaše	115
Minsk	115
prěhoditi	115
starěnje	115
zabrati	115
basketbola	115
basketbole	115
basketbolom	115
basketbolu	115
izdava	115
izdavah	115
izdavahmo	115
izdavahu	115
izdavaj	115
izdavaje	115
izdavajema	115
izdavajemo	115
izdavajemy	115
izdavajete	115
izdavaješ	115
izdavajmo	115
izdavajte	115
izdavaju	115
izdavajut	115
izdavajuča	115
izdavajuče	115
izdavajuči	115
izdaval	115
izdavala	115
izdavali	115
izdavalo	115
izdavam	115
izdavama	115
izdavamo	115
izdavamy	115
izdavana	115
izdavanje	115
izdavano	115
izdavany	115
izdavaste	115
izdavate	115
izdavavša	115
izdavavše	115
izdavavši	115
izdavaš	115
izdavaše	115
ročnic	115
ročnicah	115
ročnicam	115
ročnicami	115
ročnice	115
ročniceju	115
ročnici	115
ročnico	115
ročnicu	115
nagy	115
nevěsta	115
observacija	115
orla	115
orlah	115
orlam	115
orlami	115
orle	115
orli	115
orlom	115
orlov	115
orlu	115
iznenada	115
kabina	115
snesti	115
oj	115
krasiva	115
krasive	115
krasivi	115
krasivo	115
krasivogo	115
krasivoj	115
krasivoju	115
krasivom	115
krasivomu	115
krasivu	115
krasivyh	115
krasivym	115
krasivymi	115
krasivěje	115
krasivějši	115
odpora	115
odporah	115
odporam	115
odporami	115
odpore	115
odporom	115
odporov	115
odporu	115
odpory	115
prezentacij	115
prezentacijah	115
prezentacijam	115
prezentacijami	115
prezentacije	115
prezentacijeju	115
prezentaciji	115
prezentacijo	115
prezentaciju	115
razumě	115
razuměh	115
razuměhmo	115
razuměhu	115
razuměj	115
razumějema	115
razumějemo	115
razumějemy	115
razumějete	115
razuměješ	115
razumějmo	115
razumějte	115
razuměju	115
razumějut	115
razumějuča	115
razumějuče	115
razumějuči	115
razuměl	115
razuměla	115
razuměli	115
razumělo	115
razuměm	115
razuměma	115
razuměmo	115
razuměmy	115
razuměna	115
razuměno	115
razuměny	115
razuměste	115
razuměte	115
razuměvša	115
razuměvše	115
razuměvši	115
razuměš	115
razuměše	115
reakcij	115
reakcijah	115
reakcijam	115
reakcijami	115
reakcije	115
reakcijeju	115
reakciji	115
reakcijo	115
reakciju	115
sbirkah	115
sbirkam	115
sbirkami	115
sbirko	115
sbirkoju	115
sbirku	115
sbirky	115
sbirkě	115
sbirok	115
gusto	115
lisica	115
ostro	115
patriot	115
porter	115
posol	115
rabin	115
těšiti	115
procedur	115
procedurah	115
proceduram	115
procedurami	115
proceduro	115
proceduroju	115
proceduru	115
procedury	115
procedurě	115
izslati	115
lama	115
kilogram	115
objava	115
umožniti	115
byka	115
bykah	115
bykam	115
bykami	115
byki	115
bykom	115
bykov	115
byku	115
byče	115
garaža	115
garažah	115
garažam	115
garažami	115
garaže	115
garažem	115
garažev	115
garažu	115
trga	115
trgah	115
trgam	115
trgami	115
trgom	115
trgov	115
trgu	115
trgy	115
trže	115
novost	115
seriala	115
serialah	115
serialam	115
serialami	115
seriale	115
serialom	115
serialov	115
serialu	115
serialy	115
koron	115
koronah	115
koronam	115
koronami	115
korono	115
koronoju	115
koronu	115
korony	115
koroně	115
kuta	115
kutah	115
kutam	115
kutami	115
kute	115
kutom	115
kutov	115
kutu	115
kuty	115
močna	115
močne	115
močni	115
močno	115
močnogo	115
močnoj	115
močnoju	115
močnom	115
močnomu	115
močnu	115
močnyh	115
močnym	115
močnymi	115
močněje	115
močnějši	115
vdov	115
vdovah	115
vdovam	115
vdovami	115
vdovo	115
vdovoju	115
vdovu	115
vdovy	115
vdově	115
čina	115
činah	115
činam	115
činami	115
čine	115
činom	115
činov	115
činu	115
činy	115
naslědnik	115
strěčati	115
domova	115
domove	115
domovi	115
domovo	115
domovogo	115
domovoj	115
domovoju	115
domovom	115
domovomu	115
domovu	115
domovyh	115
domovym	115
domovymi	115
domověje	115
domovějši	115
dostati	115
intensivnost	115
izraženij	115
izraženja	115
izraženjah	115
izraženjam	115
izraženjami	115
izraženjem	115
izraženju	115
najnizši	115
parkovišče	115
rěšiteljno	115
zebra	115
historika	115
historikah	115
historikam	115
historikami	115
historiki	115
historikom	115
historikov	115
historiku	115
historiče	115
kniževnostah	115
kniževnostam	115
kniževnostami	115
kniževnosti	115
kniževnostij	115
kniževnostju	115
koalicij	115
koalicijah	115
koalicijam	115
koalicijami	115
koalicije	115
koalicijeju	115
koaliciji	115
koalicijo	115
koaliciju	115
temp	115
tempa	115
tempah	115
tempam	115
tempami	115
tempom	115
tempu	115
posylati	115
zrělišče	115
gordost	115
krěslo	115
oženiti	115
prědsta	115
prědstah	115
prědstahmo	115
prědstahu	115
prědstaj	115
prědstaje	115
prědstajema	115
prědstajemo	115
prědstajemy	115
prědstajete	115
prědstaješ	115
prědstajmo	115
prědstajte	115
prědstaju	115
prědstajut	115
prědstajuča	115
prědstajuče	115
prědstajuči	115
prědstal	115
prědstala	115
prědstali	115
prědstalo	115
prědstam	115
prědstama	115
prědstamo	115
prědstamy	115
prědstana	115
prědstanje	115
prědstano	115
prědstany	115
prědstaste	115
prědstate	115
prědstavša	115
prědstavše	115
prědstavši	115
prědstaš	115
prědstaše	115
Velikdnja	115
biografija	115
odobrjenje	115
osud	115
pasmo	115
posmotriti	115
prěduprěditi	115
urodžaj	115
ignorovati	115
prědhodnik	115
soglašati	115
suglašati	115
dovede	115
dovedeh	115
dovedehmo	115
dovedehu	115
dovedem	115
dovedemo	115
dovedena	115
dovedenje	115
dovedeno	115
dovedeny	115
dovedeste	115
dovedete	115
dovedeš	115
dovedeše	115
dovedi	115
dovedimo	115
dovedite	115
dovedl	115
dovedla	115
dovedli	115
dovedlo	115
dovedoma	115
dovedomo	115
dovedomy	115
dovedu	115
dovedut	115
doveduča	115
doveduče	115
doveduči	115
dovedša	115
dovedše	115
dovedši	115
ostrje	115
puščati	115
boka	115
bokah	115
bokam	115
bokami	115
bokom	115
bokov	115
boku	115
boky	115
boče	115
punkta	115
punktah	115
punktam	115
punktami	115
punkte	115
punktom	115
punktov	115
punktu	115
punkty	115
skončena	115
skončenje	115
skončeno	115
skončeny	115
skončet	115
skončeča	115
skončeče	115
skončeči	115
skonči	115
skončih	115
skončihmo	115
skončihu	115
skončil	115
skončila	115
skončili	115
skončilo	115
skončim	115
skončima	115
skončimo	115
skončimy	115
skončiste	115
skončite	115
skončivša	115
skončivše	115
skončivši	115
skončiš	115
skončiše	115
skonču	115
platb	115
platbah	115
platbam	115
platbami	115
Monako	115
dvigati	115
orkestra	115
orkestrah	115
orkestram	115
orkestrami	115
orkestre	115
orkestrom	115
orkestrov	115
orkestru	115
orkestry	115
kometa	115
tolpa	115
vygodny	115
obměna	115
obměnah	115
obměnam	115
obměnami	115
obměne	115
obměnom	115
obměnov	115
obměnu	115
obměny	115
uspěšna	115
uspěšne	115
uspěšni	115
uspěšnogo	115
uspěšnoj	115
uspěšnoju	115
uspěšnom	115
uspěšnomu	115
uspěšnu	115
uspěšnyh	115
uspěšnym	115
uspěšnymi	115
uspěšněje	115
uspěšnějši	115
centraljna	115
nervna	115
ograničenje	115
kombinacij	115
kombinacijah	115
kombinacijam	115
kombinacijami	115
kombinacije	115
kombinacijeju	115
kombinaciji	115
kombinacijo	115
kombinaciju	115
jaguar	115
pi	115
razvědka	115
dnešna	115
dnešne	115
dnešni	115
dnešnja	115
dnešnjego	115
dnešnjej	115
dnešnjeje	115
dnešnjeju	115
dnešnjejši	115
dnešnjem	115
dnešnjemu	115
dnešnjih	115
dnešnjim	115
dnešnjimi	115
dnešnju	115
dnešno	115
dnešnogo	115
dnešnoj	115
dnešnoju	115
dnešnom	115
dnešnomu	115
dnešnu	115
dnešnyh	115
dnešnym	115
dnešnymi	115
dnešněje	115
dnešnějši	115
dověrja	115
dověrjem	115
dověrju	115
rasta	115
rastah	115
rastam	115
rastami	115
raste	115
rastom	115
rastov	115
rastu	115
rasty	115
uslug	115
uslugah	115
uslugam	115
uslugami	115
uslugo	115
uslugoju	115
uslugu	115
uslugy	115
uslugě	115
hladženje	115
pogorno	115
elektronične	115
elektronični	115
elektronično	115
elektroničnogo	115
elektroničnoj	115
elektroničnoju	115
elektroničnom	115
elektroničnomu	115
elektroničnu	115
elektroničnyh	115
elektroničnym	115
elektroničnymi	115
elektroničněje	115
elektroničnějši	115
katolik	115
bileta	115
biletah	115
biletam	115
biletami	115
bilete	115
biletom	115
biletov	115
biletu	115
bilety	115
zaslug	115
zaslugah	115
zaslugam	115
zaslugami	115
zaslugo	115
zaslugoju	115
zaslugu	115
zaslugy	115
zaslugě	115
heroja	115
herojah	115
herojam	115
herojami	115
herojem	115
herojev	115
heroji	115
heroju	115
antena	115
iztvor	115
klobuk	115
mraz	115
treninga	115
treningah	115
treningam	115
treningami	115
treningom	115
treningov	115
treningu	115
treningy	115
treninže	115
bojec	115
dopustiti	115
odgovarjajuči	115
raditi	115
rybka	115
betona	115
betone	115
betonom	115
betonu	115
dědka	115
dědkah	115
dědkam	115
dědkami	115
dědki	115
dědkom	115
dědkov	115
dědku	115
dědče	115
er	115
erah	115
eram	115
erami	115
ero	115
eroju	115
eru	115
ery	115
erě	115
komunikacij	115
komunikacijah	115
komunikacijam	115
komunikacijami	115
komunikacije	115
komunikacijeju	115
komunikaciji	115
komunikacijo	115
komunikaciju	115
pokera	115
pokere	115
pokerom	115
pokeru	115
grafičny	115
hora	115
horah	115
horam	115
horami	115
hore	115
horom	115
horov	115
horu	115
hory	115
izlězti	115
izvěstoglašenje	115
kupja	115
odnesti	115
izgub	115
izgubah	115
izgubam	115
izgubami	115
izgubo	115
izguboju	115
izgubu	115
izguby	115
izgubě	115
učestja	115
učestjem	115
učestju	115
glupost	115
kopje	115
lěpo	115
odbor	115
opisati	115
opozicij	115
opozicijah	115
opozicijam	115
opozicijami	115
opozicije	115
opozicijeju	115
opoziciji	115
opozicijo	115
opoziciju	115
propagand	115
propagandah	115
propagandam	115
propagandami	115
propagando	115
propagandoju	115
propagandu	115
propagandy	115
propagandě	115
rezultata	115
rezultatah	115
rezultatam	115
rezultatami	115
rezultate	115
rezultatom	115
rezultatov	115
rezultatu	115
rezultaty	115
kolekcij	115
kolekcijah	115
kolekcijam	115
kolekcijami	115
kolekcije	115
kolekcijeju	115
kolekciji	115
kolekcijo	115
kolekciju	115
mladežah	115
mladežam	115
mladežami	115
mladeži	115
mladežij	115
mladežju	115
biskupa	115
biskupah	115
biskupam	115
biskupami	115
biskupe	115
biskupi	115
biskupom	115
biskupov	115
biskupu	115
priměniti	115
rukav	115
dolgočasje	115
naslada	115
opakovanje	115
pisaljny	115
niv	115
nivah	115
nivam	115
nivami	115
nivo	115
nivoju	115
nivu	115
nivy	115
nivě	115
obadvoh	115
obadvom	115
obadvoma	115
obadvě	115
pasporta	115
pasportah	115
pasportam	115
pasportami	115
pasporte	115
pasportom	115
pasportov	115
pasportu	115
pasporty	115
pojas	115
stresa	115
stresah	115
stresam	115
stresami	115
strese	115
stresom	115
stresov	115
stresu	115
stresy	115
bitka	115
nacionaljny	115
nedorazuměnje	115
povinen	115
spomaliti	115
stojišče	115
tragičny	115
južna	115
južne	115
južni	115
južnogo	115
južnoj	115
južnoju	115
južnom	115
južnomu	115
južnu	115
južnyh	115
južnym	115
južnymi	115
južněje	115
južnějši	115
marca	115
marcem	115
marcu	115
marče	115
myšah	115
myšam	115
myšami	115
myši	115
myšij	115
myšju	115
turečska	115
turečske	115
turečski	115
turečsko	115
turečskogo	115
turečskoj	115
turečskoju	115
turečskom	115
turečskomu	115
turečsku	115
turečskyh	115
turečskym	115
turečskymi	115
vrhovna	115
vrhovne	115
vrhovni	115
vrhovno	115
vrhovnogo	115
vrhovnoj	115
vrhovnoju	115
vrhovnom	115
vrhovnomu	115
vrhovnu	115
vrhovnyh	115
vrhovnym	115
vrhovnymi	115
vrhovněje	115
vrhovnějši	115
stroja	115
strojah	115
strojam	115
strojami	115
stroje	115
strojem	115
strojev	115
stroju	115
Latvija	115
obmedženy	115
prohod	115
razprava	115
spokojny	115
izdanij	115
izdanja	115
izdanjah	115
izdanjam	115
izdanjami	115
izdanjem	115
izdanju	115
molitv	115
molitvah	115
molitvam	115
molitvami	115
molitvo	115
molitvoju	115
molitvu	115
molitvy	115
molitvě	115
sekcij	115
sekcijah	115
sekcijam	115
sekcijami	115
sekcije	115
sekcijeju	115
sekciji	115
sekcijo	115
sekciju	115
asteroid	115
izstrěl	115
gorša	115
goršego	115
goršej	115
goršeje	115
goršeju	115
goršejši	115
goršem	115
goršemu	115
gorših	115
goršim	115
goršimi	115
goršu	115
dinastija	115
islama	115
islame	115
islamom	115
islamu	115
grib	115
nerv	115
gradska	115
gradske	115
gradski	115
gradsko	115
gradskogo	115
gradskoj	115
gradskoju	115
gradskom	115
gradskomu	115
gradsku	115
gradskyh	115
gradskym	115
gradskymi	115
remenj	115
šah	115
aspekta	115
aspektah	115
aspektam	115
aspektami	115
aspekte	115
aspektom	115
aspektov	115
aspektu	115
aspekty	115
borbo	115
borboju	115
borbu	115
borby	115
borbě	115
gerba	115
gerbah	115
gerbam	115
gerbami	115
gerbe	115
gerbom	115
gerbov	115
gerbu	115
gerby	115
šampionata	115
šampionatah	115
šampionatam	115
šampionatami	115
šampionate	115
šampionatom	115
šampionatov	115
šampionatu	115
šampionaty	115
enzim	115
lětalo	115
neobyčno	115
zapisanje	115
gorda	115
gorde	115
gordi	115
gordo	115
gordogo	115
gordoj	115
gordoju	115
gordom	115
gordomu	115
gordu	115
gordyh	115
gordym	115
gordymi	115
gorděje	115
gordějši	115
ros	115
rosah	115
rosam	115
rosami	115
roso	115
rosoju	115
rosu	115
rosy	115
rosě	115
interesovati	115
lětati	115
nebesno	115
sfera	115
vizija	115
izměn	115
izměnah	115
izměnam	115
izměnami	115
izměno	115
izměnoju	115
izměnu	115
izměně	115
uha	115
uhom	115
uhu	115
ušes	115
ušesa	115
ušesah	115
ušesam	115
ušesami	115
ušese	115
ušesem	115
ušesi	115
baraban	115
udačny	115
zamysl	115
izprobovati	114
lihva	114
sinteza	114
užasno	114
medicin	114
medicinah	114
medicinam	114
medicinami	114
medicino	114
medicinoju	114
medicinu	114
mediciny	114
medicině	114
močnostah	114
močnostam	114
močnostami	114
močnosti	114
močnostij	114
močnostju	114
spasenje	114
cělkovita	114
cělkovite	114
cělkoviti	114
cělkovitogo	114
cělkovitoj	114
cělkovitoju	114
cělkovitom	114
cělkovitomu	114
cělkovitu	114
cělkovityh	114
cělkovitym	114
cělkovitymi	114
cělkovitěje	114
cělkovitějši	114
psihologije	114
psihologijeju	114
psihologiji	114
psihologijo	114
psihologiju	114
samita	114
samitah	114
samitam	114
samitami	114
samite	114
samitom	114
samitov	114
samitu	114
samity	114
suha	114
suhe	114
suhi	114
suho	114
suhogo	114
suhoj	114
suhoju	114
suhom	114
suhomu	114
suhu	114
suhyh	114
suhym	114
suhymi	114
sušeje	114
sušějši	114
aviacija	114
bezposrědnji	114
bezposrědny	114
sovět	114
ran	114
ranah	114
ranam	114
ranami	114
ranoju	114
ranu	114
rany	114
raně	114
izsloviti	114
slovnika	114
slovnikah	114
slovnikam	114
slovnikami	114
slovnikom	114
slovnikov	114
slovniku	114
slovniky	114
slovniče	114
vklad	114
taže	114
teže	114
tiže	114
togože	114
tojuže	114
tomuže	114
tomže	114
tože	114
tuže	114
tyhže	114
tymiže	114
tymže	114
ust	114
ustah	114
ustam	114
ustami	114
hranet	114
hraneča	114
hraneče	114
hraneči	114
hrani	114
hranih	114
hranihmo	114
hranihu	114
hranil	114
hranila	114
hranili	114
hranilo	114
hranim	114
hranima	114
hranimo	114
hranimy	114
hraniste	114
hranite	114
hranivša	114
hranivše	114
hranivši	114
hraniš	114
hraniše	114
hranjena	114
hranjenje	114
hranjeno	114
hranjeny	114
hranju	114
čislet	114
čisleča	114
čisleče	114
čisleči	114
čisli	114
čislih	114
čislihmo	114
čislihu	114
čislil	114
čislila	114
čislili	114
čislilo	114
čislim	114
čislima	114
čislimo	114
čislimy	114
čisliste	114
čislite	114
čislivša	114
čislivše	114
čislivši	114
čisliš	114
čisliše	114
čisljena	114
čisljenje	114
čisljeno	114
čisljeny	114
čislju	114
oblegčenje	114
duža	114
dužego	114
dužej	114
dužeje	114
dužeju	114
dužejši	114
dužem	114
dužemu	114
dužih	114
dužim	114
dužimi	114
dužu	114
suprugom	114
suprugov	114
supruže	114
departamenta	114
departamentah	114
departamentam	114
departamentami	114
departamente	114
departamentom	114
departamentov	114
departamentu	114
departamenty	114
skal	114
skalah	114
skalam	114
skalami	114
skalo	114
skaloju	114
skalu	114
skaly	114
skalě	114
škal	114
škalah	114
škalam	114
škalami	114
škalo	114
škaloju	114
škalu	114
škaly	114
škalě	114
doktrina	114
odkudykoli	114
sodržanij	114
sodržanja	114
sodržanjah	114
sodržanjam	114
sodržanjami	114
sodržanjem	114
sodržanju	114
bělok	114
bezopasna	114
bezopasne	114
bezopasni	114
bezopasno	114
bezopasnogo	114
bezopasnoj	114
bezopasnoju	114
bezopasnom	114
bezopasnomu	114
bezopasnu	114
bezopasnyh	114
bezopasnym	114
bezopasnymi	114
bezopasněje	114
bezopasnějši	114
dola	114
dolah	114
dolam	114
dolami	114
dole	114
dolom	114
dolov	114
doly	114
godišnic	114
godišnicah	114
godišnicam	114
godišnicami	114
godišnice	114
godišniceju	114
godišnici	114
godišnico	114
godišnicu	114
klasične	114
klasični	114
klasično	114
klasičnogo	114
klasičnoj	114
klasičnoju	114
klasičnom	114
klasičnomu	114
klasičnu	114
klasičnyh	114
klasičnym	114
klasičnymi	114
klasičněje	114
klasičnějši	114
pistoleta	114
pistoletah	114
pistoletam	114
pistoletami	114
pistolete	114
pistoletom	114
pistoletov	114
pistoletu	114
pistolety	114
robota	114
robotah	114
robotam	114
robotami	114
robote	114
robotom	114
robotov	114
robotu	114
roboty	114
Vysočstvo	114
požarna	114
prěvesti	114
rěčenij	114
rěčenja	114
rěčenjah	114
rěčenjam	114
rěčenjami	114
rěčenjem	114
rěčenju	114
tehnična	114
tehnične	114
tehnični	114
tehnično	114
tehničnogo	114
tehničnoj	114
tehničnoju	114
tehničnom	114
tehničnomu	114
tehničnu	114
tehničnyh	114
tehničnym	114
tehničnymi	114
tehničněje	114
tehničnějši	114
kovčeg	114
koncepcij	114
koncepcijah	114
koncepcijam	114
koncepcijami	114
koncepcije	114
koncepcijeju	114
koncepciji	114
koncepcijo	114
koncepciju	114
lukah	114
lukam	114
lukami	114
lukom	114
lukov	114
luku	114
luky	114
luče	114
podkrěpiti	114
Džordžija	114
uživati	114
prědstavjenij	114
prědstavjenja	114
prědstavjenjah	114
prědstavjenjam	114
prědstavjenjami	114
prědstavjenjem	114
prědstavjenju	114
pracovnika	114
pracovnikah	114
pracovnikam	114
pracovnikami	114
pracovniki	114
pracovnikom	114
pracovnikov	114
pracovniku	114
pracovniče	114
Daleky	114
kupa	114
peprec	114
sedlo	114
depresij	114
depresijah	114
depresijam	114
depresijami	114
depresije	114
depresijeju	114
depresiji	114
depresijo	114
depresiju	114
brzy	114
gitarist	114
monarhija	114
posětitelj	114
regionaljny	114
skaržiti	114
sveza	114
svezah	114
svezam	114
svezami	114
sveze	114
svezem	114
svezev	114
svezij	114
svezju	114
svezu	114
Jupiter	114
izviniti	114
klin	114
narušenje	114
pozdrav	114
bala	114
balah	114
balam	114
balami	114
bale	114
balom	114
balov	114
balu	114
baly	114
měn	114
měnah	114
měnam	114
měnami	114
měno	114
měnoju	114
měnu	114
měny	114
měně	114
novostah	114
novostam	114
novostami	114
novostij	114
podava	114
podavah	114
podavahmo	114
podavahu	114
podavaj	114
podavaje	114
podavajema	114
podavajemo	114
podavajemy	114
podavajete	114
podavaješ	114
podavajmo	114
podavajte	114
podavaju	114
podavajut	114
podavajuča	114
podavajuče	114
podavajuči	114
podaval	114
podavala	114
podavali	114
podavalo	114
podavam	114
podavama	114
podavamo	114
podavamy	114
podavana	114
podavanje	114
podavano	114
podavany	114
podavaste	114
podavate	114
podavavša	114
podavavše	114
podavavši	114
podavaš	114
podavaše	114
tenisa	114
tenise	114
tenisom	114
tenisu	114
dinamo	114
legendarny	114
nasos	114
oprěděljeny	114
zadnji	114
rukovodstv	114
rukovodstva	114
rukovodstvah	114
rukovodstvam	114
rukovodstvami	114
rukovodstvom	114
rukovodstvu	114
Tunizija	114
apteka	114
uvažati	114
zadržnik	114
infrastruktur	114
infrastrukturah	114
infrastrukturam	114
infrastrukturami	114
infrastrukturo	114
infrastrukturoju	114
infrastrukturu	114
infrastruktury	114
infrastrukturě	114
oblastny	114
obnova	114
dočerkah	114
dočerkam	114
dočerkami	114
dočerko	114
dočerkoju	114
dočerku	114
dočerky	114
dočerkě	114
dočerok	114
mladic	114
mladicah	114
mladicam	114
mladicami	114
mladice	114
mladiceju	114
mladici	114
mladico	114
mladicu	114
znamenij	114
znamenja	114
znamenjah	114
znamenjam	114
znamenjami	114
znamenjem	114
znamenju	114
božstvo	114
dožiti	114
gimnastika	114
izključiti	114
aplikacij	114
aplikacijah	114
aplikacijam	114
aplikacijami	114
aplikacije	114
aplikacijeju	114
aplikaciji	114
aplikacijo	114
aplikaciju	114
intervencija	114
konsola	114
sniženje	114
materijah	114
materijam	114
materijami	114
materije	114
materijeju	114
materiji	114
materijo	114
materiju	114
ostah	114
ostahmo	114
ostahu	114
ostal	114
ostala	114
ostali	114
ostalo	114
ostana	114
ostane	114
ostanem	114
ostanema	114
ostanemo	114
ostanemy	114
ostanete	114
ostaneš	114
ostani	114
ostanimo	114
ostanite	114
ostanje	114
ostano	114
ostanu	114
ostanut	114
ostanuča	114
ostanuče	114
ostanuči	114
ostany	114
ostaste	114
ostavša	114
ostavše	114
ostavši	114
ostaše	114
balon	114
fotka	114
glednuti	114
imennik	114
pljuča	114
uměnje	114
umětnica	114
naklada	114
nakladah	114
nakladam	114
nakladami	114
naklade	114
nakladom	114
nakladov	114
nakladu	114
naklady	114
děvica	114
privlěkateljny	114
safari	114
seksualjno	114
činitelj	114
běgl	114
běgla	114
běgli	114
běglo	114
běgša	114
běgše	114
běgši	114
běžeh	114
běžehmo	114
běžehu	114
běžena	114
běženo	114
běženy	114
běžeste	114
běžet	114
běžeča	114
běžeče	114
běžeči	114
běžeše	114
běži	114
běžim	114
běžima	114
běžimo	114
běžimy	114
běžite	114
běžiš	114
běžu	114
flot	114
flotah	114
flotam	114
flotami	114
floto	114
flotoju	114
flotu	114
floty	114
flotě	114
postupkah	114
postupkam	114
postupkami	114
postupko	114
postupkoju	114
postupku	114
postupky	114
postupkě	114
postupok	114
unij	114
unijah	114
unijam	114
unijami	114
unije	114
unijeju	114
uniji	114
unijo	114
uniju	114
povtoret	114
povtoreča	114
povtoreče	114
povtoreči	114
povtori	114
povtorih	114
povtorihmo	114
povtorihu	114
povtoril	114
povtorila	114
povtorili	114
povtorilo	114
povtorim	114
povtorima	114
povtorimo	114
povtorimy	114
povtoriste	114
povtorite	114
povtorivša	114
povtorivše	114
povtorivši	114
povtoriš	114
povtoriše	114
povtorjena	114
povtorjenje	114
povtorjeno	114
povtorjeny	114
povtorju	114
izkus	114
lavka	114
travnik	114
čary	114
mrazin	114
mrazinah	114
mrazinam	114
mrazinami	114
mrazino	114
mrazinoju	114
mrazinu	114
mraziny	114
mrazině	114
petnadseti	114
petnadsetju	114
potrěb	114
potrěbah	114
potrěbam	114
potrěbami	114
potrěbo	114
potrěboju	114
potrěbu	114
potrěby	114
potrěbě	114
poz	114
pozah	114
pozam	114
pozami	114
pozo	114
pozoju	114
pozu	114
pozy	114
pozě	114
sladoleda	114
sladolede	114
sladoledom	114
sladoledu	114
služebnika	114
služebnikah	114
služebnikam	114
služebnikami	114
služebniki	114
služebnikom	114
služebnikov	114
služebniku	114
služebniče	114
iskreny	114
rolej	114
roljah	114
roljam	114
roljami	114
rolje	114
roljeju	114
rolji	114
roljo	114
sovršeny	114
statističny	114
devetdeset	114
holandsky	114
krajny	114
ostatny	114
staly	114
grozb	114
grozbah	114
grozbam	114
grozbami	114
grozbo	114
grozboju	114
grozbu	114
grozby	114
grozbě	114
tepla	114
teple	114
tepli	114
teplo	114
teplogo	114
teploj	114
teploju	114
teplom	114
teplomu	114
teplu	114
teplyh	114
teplym	114
teplymi	114
teplěje	114
teplějši	114
Angličan	114
Angličanin	114
privět	114
prěslušivanje	114
škod	114
škodah	114
škodam	114
škodami	114
škodo	114
škodoju	114
škodu	114
škody	114
škodě	114
jubilej	114
kvartira	114
povratna	114
soočiti	114
suočiti	114
tkanina	114
rimska	114
rimske	114
rimski	114
rimsko	114
rimskogo	114
rimskoj	114
rimskoju	114
rimskom	114
rimskomu	114
rimsku	114
rimskyh	114
rimskym	114
rimskymi	114
idiota	114
idiotah	114
idiotam	114
idiotami	114
idiote	114
idioti	114
idiotom	114
idiotov	114
idiotu	114
kulta	114
kultah	114
kultam	114
kultami	114
kulte	114
kultom	114
kultov	114
kultu	114
kulty	114
mša	114
neočekyvano	114
subjekt	114
higiena	114
prěložiti	114
doka	114
dokah	114
dokam	114
dokami	114
dokom	114
dokov	114
doku	114
doky	114
doče	114
kolěn	114
kolěna	114
kolěnah	114
kolěnam	114
kolěnami	114
kolěnom	114
kolěnu	114
mata	114
matah	114
matam	114
matami	114
mate	114
matom	114
matov	114
matu	114
maty	114
učeta	114
učetah	114
učetam	114
učetami	114
učete	114
učetom	114
učetov	114
učetu	114
učety	114
braziljsky	114
grez	114
strah	114
svod	114
čuvati	114
zaměnet	114
zaměneča	114
zaměneče	114
zaměneči	114
zaměni	114
zaměnih	114
zaměnihmo	114
zaměnihu	114
zaměnil	114
zaměnila	114
zaměnili	114
zaměnilo	114
zaměnim	114
zaměnima	114
zaměnimo	114
zaměnimy	114
zaměniste	114
zaměnite	114
zaměnivša	114
zaměnivše	114
zaměnivši	114
zaměniš	114
zaměniše	114
zaměnjena	114
zaměnjenje	114
zaměnjeno	114
zaměnjeny	114
zaměnju	114
čija	114
čije	114
čijego	114
čijej	114
čijeju	114
čijem	114
čijemu	114
čiji	114
čijih	114
čijim	114
čijimi	114
čiju	114
demokratičny	114
razměščenje	114
opasna	114
opasne	114
opasni	114
opasnogo	114
opasnoj	114
opasnoju	114
opasnom	114
opasnomu	114
opasnu	114
opasnyh	114
opasnym	114
opasnymi	114
opasněje	114
opasnějši	114
livada	114
razbira	114
razbirah	114
razbirahmo	114
razbirahu	114
razbiraj	114
razbiraje	114
razbirajema	114
razbirajemo	114
razbirajemy	114
razbirajete	114
razbiraješ	114
razbirajmo	114
razbirajte	114
razbiraju	114
razbirajut	114
razbirajuča	114
razbirajuče	114
razbirajuči	114
razbiral	114
razbirala	114
razbirali	114
razbiralo	114
razbiram	114
razbirama	114
razbiramo	114
razbiramy	114
razbirana	114
razbiranje	114
razbirano	114
razbirany	114
razbiraste	114
razbirate	114
razbiravša	114
razbiravše	114
razbiravši	114
razbiraš	114
razbiraše	114
izključenij	114
izključenja	114
izključenjah	114
izključenjam	114
izključenjami	114
izključenju	114
stupnja	114
stupnjah	114
stupnjam	114
stupnjami	114
stupnje	114
stupnjem	114
stupnjev	114
stupnju	114
definiovati	114
igraček	114
igračkah	114
igračkam	114
igračkami	114
igračko	114
igračkoju	114
igračku	114
igračky	114
igračkě	114
prvěstka	114
prvěstkah	114
prvěstkam	114
prvěstkami	114
prvěstkom	114
prvěstkov	114
prvěstku	114
prvěstky	114
prvěstče	114
referenduma	114
referendumah	114
referendumam	114
referendumami	114
referendume	114
referendumom	114
referendumov	114
referendumu	114
referendumy	114
astronavt	114
dokazyvati	114
kupec	114
kydnuti	114
snositi	114
četvrtina	114
šator	114
poema	114
slyšah	114
slyšahmo	114
slyšahu	114
slyšal	114
slyšala	114
slyšali	114
slyšalo	114
slyšana	114
slyšanje	114
slyšano	114
slyšany	114
slyšaste	114
slyšavša	114
slyšavše	114
slyšavši	114
slyšaše	114
slyšet	114
slyšeča	114
slyšeče	114
slyšeči	114
slyši	114
slyšim	114
slyšima	114
slyšimo	114
slyšimy	114
slyšite	114
slyšiš	114
slyšu	114
rezervat	114
nagrad	114
nagradah	114
nagradam	114
nagradami	114
nagrado	114
nagradoju	114
nagradu	114
nagrady	114
nagradě	114
neščestna	114
neščestne	114
neščestni	114
neščestno	114
neščestnogo	114
neščestnoj	114
neščestnoju	114
neščestnom	114
neščestnomu	114
neščestnu	114
neščestnyh	114
neščestnym	114
neščestnymi	114
neščestněje	114
neščestnějši	114
pres	114
presah	114
presam	114
presami	114
preso	114
presoju	114
presu	114
presy	114
presě	114
opora	114
vakcina	114
izda	114
izdadoma	114
izdadomo	114
izdadomy	114
izdadut	114
izdaduča	114
izdaduče	114
izdaduči	114
izdah	114
izdahmo	114
izdahu	114
izdaj	114
izdajmo	114
izdajte	114
izdal	114
izdala	114
izdali	114
izdalo	114
izdam	114
izdamo	114
izdana	114
izdano	114
izdany	114
izdaste	114
izdate	114
izdavša	114
izdavše	114
izdavši	114
izdaš	114
izdaše	114
izvoljna	114
izvoljne	114
izvoljni	114
izvoljno	114
izvoljnogo	114
izvoljnoj	114
izvoljnoju	114
izvoljnom	114
izvoljnomu	114
izvoljnu	114
izvoljnyh	114
izvoljnym	114
izvoljnymi	114
izvoljněje	114
izvoljnějši	114
mudrostah	114
mudrostam	114
mudrostami	114
mudrosti	114
mudrostij	114
mudrostju	114
sup	114
supah	114
supam	114
supami	114
supo	114
supoju	114
supu	114
supy	114
supě	114
vojenna	114
vojenni	114
vojennogo	114
vojennoj	114
vojennoju	114
vojennom	114
vojennomu	114
vojennu	114
vojennyh	114
vojennym	114
vojennymi	114
vojenněje	114
vojennějši	114
duhovny	114
dir	114
dirah	114
diram	114
dirami	114
diro	114
diroju	114
diru	114
diry	114
dirě	114
masaža	114
masažah	114
masažam	114
masažami	114
masaže	114
masažem	114
masažev	114
masažu	114
mita	114
mitah	114
mitam	114
mitami	114
mite	114
mitom	114
mitov	114
mitu	114
mity	114
nebeska	114
nebeske	114
nebeski	114
nebesko	114
nebeskogo	114
nebeskoj	114
nebeskoju	114
nebeskom	114
nebeskomu	114
nebesku	114
nebeskyh	114
nebeskym	114
nebeskymi	114
opcij	114
opcijah	114
opcijam	114
opcijami	114
opcije	114
opcijeju	114
opciji	114
opcijo	114
opciju	114
adrenalin	114
bytost	114
knigarnja	114
odpornost	114
upasti	114
virtualjny	114
šifr	114
počutij	114
počutja	114
počutjah	114
počutjam	114
počutjami	114
počutjem	114
počutju	114
vela	114
vele	114
veli	114
velo	114
velogo	114
veloj	114
veloju	114
velom	114
velomu	114
velu	114
velyh	114
velym	114
velymi	114
velěje	114
velějši	114
javjenij	114
javjenja	114
javjenjah	114
javjenjam	114
javjenjami	114
javjenjem	114
javjenju	114
daunlodovanje	114
povědati	114
razvod	114
penis	113
podzemna	113
razbor	113
fevruara	113
fevruarem	113
fevruaru	113
grobišč	113
grobišča	113
grobiščah	113
grobiščam	113
grobiščami	113
grobiščem	113
grobišču	113
načinati	113
korista	113
koristah	113
koristahmo	113
koristahu	113
koristaj	113
koristaje	113
koristajema	113
koristajemo	113
koristajemy	113
koristajete	113
koristaješ	113
koristajmo	113
koristajte	113
koristaju	113
koristajut	113
koristajuča	113
koristajuče	113
koristajuči	113
koristal	113
koristala	113
koristali	113
koristalo	113
koristam	113
koristama	113
koristamo	113
koristamy	113
koristana	113
koristanje	113
koristano	113
koristany	113
koristaste	113
koristate	113
koristavša	113
koristavše	113
koristavši	113
koristaš	113
koristaše	113
vlastničstv	113
vlastničstva	113
vlastničstvah	113
vlastničstvam	113
vlastničstvami	113
vlastničstvom	113
vlastničstvu	113
kakostah	113
kakostam	113
kakostami	113
kakosti	113
kakostij	113
kakostju	113
provodnika	113
provodnikah	113
provodnikam	113
provodnikami	113
provodniki	113
provodnikom	113
provodnikov	113
provodniku	113
provodniky	113
provodniče	113
tovariša	113
tovarišah	113
tovarišam	113
tovarišami	113
tovarišem	113
tovarišev	113
tovariši	113
tovarišu	113
zakaznika	113
zakaznikah	113
zakaznikam	113
zakaznikami	113
zakazniki	113
zakaznikom	113
zakaznikov	113
zakazniku	113
zakazniče	113
dosyta	113
dějanje	113
vzor	113
akul	113
akulah	113
akulam	113
akulami	113
akulo	113
akuloju	113
akulu	113
akuly	113
akulě	113
učebnika	113
učebnikah	113
učebnikam	113
učebnikami	113
učebnikom	113
učebnikov	113
učebniku	113
učebniky	113
učebniče	113
učiteljek	113
učiteljkah	113
učiteljkam	113
učiteljkami	113
učiteljko	113
učiteljkoju	113
učiteljku	113
učiteljky	113
učiteljkě	113
jasenj	113
povstanje	113
četverka	113
Armenija	113
pomysl	113
zastupati	113
čat	113
krav	113
kravah	113
kravam	113
kravami	113
kravo	113
kravoju	113
kravu	113
kravy	113
kravě	113
zavoda	113
zavodah	113
zavodam	113
zavodami	113
zavode	113
zavodom	113
zavodov	113
zavodu	113
zavody	113
biti	113
odjeti	113
izběgl	113
izběgla	113
izběgli	113
izběglo	113
izběgša	113
izběgše	113
izběgši	113
izběžeh	113
izběžehmo	113
izběžehu	113
izběžena	113
izběženje	113
izběženo	113
izběženy	113
izběžeste	113
izběžet	113
izběžeča	113
izběžeče	113
izběžeči	113
izběžeše	113
izběži	113
izběžim	113
izběžima	113
izběžimo	113
izběžimy	113
izběžite	113
izběžiš	113
izběžu	113
izrazet	113
izrazeča	113
izrazeče	113
izrazeči	113
izrazi	113
izrazih	113
izrazihmo	113
izrazihu	113
izrazil	113
izrazila	113
izrazili	113
izrazilo	113
izrazim	113
izrazima	113
izrazimo	113
izrazimy	113
izraziste	113
izrazite	113
izrazivša	113
izrazivše	113
izrazivši	113
izraziš	113
izraziše	113
izražena	113
izraženo	113
izraženy	113
izražu	113
čokolad	113
čokoladah	113
čokoladam	113
čokoladami	113
čokolado	113
čokoladoju	113
čokoladu	113
čokolady	113
čokoladě	113
žolta	113
žolte	113
žolti	113
žolto	113
žoltogo	113
žoltoj	113
žoltoju	113
žoltom	113
žoltomu	113
žoltu	113
žoltyh	113
žoltym	113
žoltymi	113
žoltěje	113
žoltějši	113
vrtolet	113
komisara	113
komisarah	113
komisaram	113
komisarami	113
komisarem	113
komisarev	113
komisari	113
komisaru	113
kož	113
kožah	113
kožam	113
kožami	113
kože	113
kožeju	113
koži	113
kožo	113
kožu	113
poslanij	113
poslanja	113
poslanjah	113
poslanjam	113
poslanjami	113
poslanjem	113
poslanju	113
Merkurij	113
jedinnadsetju	113
parna	113
ansambl	113
hronika	113
ogroženje	113
ohotnost	113
platno	113
pozitivny	113
veto	113
věrnik	113
kelner	113
kuretina	113
srdečny	113
stihija	113
aprilja	113
apriljem	113
aprilju	113
godnostah	113
godnostam	113
godnostami	113
godnosti	113
godnostij	113
godnostju	113
ohota	113
indeksa	113
indeksah	113
indeksam	113
indeksami	113
indekse	113
indeksom	113
indeksov	113
indeksu	113
indeksy	113
krivditi	113
obvezny	113
voditeljstvom	113
vrěmenny	113
podekovah	113
podekovahmo	113
podekovahu	113
podekoval	113
podekovala	113
podekovali	113
podekovalo	113
podekovana	113
podekovanje	113
podekovano	113
podekovany	113
podekovaste	113
podekovavša	113
podekovavše	113
podekovavši	113
podekovaše	113
podekuj	113
podekuje	113
podekujem	113
podekujema	113
podekujemo	113
podekujemy	113
podekujete	113
podekuješ	113
podekujmo	113
podekujte	113
podekuju	113
podekujut	113
podekujuča	113
podekujuče	113
podekujuči	113
hrebet	113
izzov	113
personaljny	113
svečeny	113
syrovina	113
tyl	113
vsamo	113
faktora	113
faktorah	113
faktoram	113
faktorami	113
faktore	113
faktorom	113
faktorov	113
faktoru	113
faktory	113
někoja	113
někoje	113
někojego	113
někojej	113
někojeju	113
někojem	113
někojemu	113
někoji	113
někojih	113
někojim	113
někojimi	113
někoju	113
pově	113
pověd	113
povědmo	113
povědoma	113
povědomo	113
povědomy	113
povědte	113
povědut	113
pověduča	113
pověduče	113
pověduči	113
pověděh	113
pověděhmo	113
pověděhu	113
pověděl	113
pověděla	113
pověděli	113
povědělo	113
pověděna	113
pověděnje	113
pověděno	113
pověděny	113
pověděste	113
pověděvša	113
pověděvše	113
pověděvši	113
pověděše	113
pověm	113
pověmo	113
pověte	113
pověš	113
alternativ	113
alternativah	113
alternativam	113
alternativami	113
alternativo	113
alternativoju	113
alternativu	113
alternativy	113
alternativě	113
oda	113
razbity	113
dogovora	113
dogovorah	113
dogovoram	113
dogovorami	113
dogovore	113
dogovorom	113
dogovorov	113
dogovoru	113
dogovory	113
brěza	113
izjezd	113
magičny	113
dolin	113
dolinah	113
dolinam	113
dolinami	113
dolino	113
dolinoju	113
dolinu	113
doliny	113
dolině	113
měšek	113
nyněšnji	113
nyněšny	113
sovršenost	113
zaščitnik	113
polnočah	113
polnočam	113
polnočami	113
polnoči	113
polnočij	113
polnočju	113
imenovati	113
jedinka	113
masivny	113
odtekti	113
pedagogika	113
skazka	113
zakončiti	113
apokalipsa	113
dinamičny	113
dějajuči	113
malina	113
nudny	113
objektiv	113
fizičny	113
genocid	113
investicija	113
běgahmo	113
běgahu	113
běgaj	113
běgaje	113
běgajema	113
běgajemo	113
běgajemy	113
běgajete	113
běgaješ	113
běgajmo	113
běgajte	113
běgaju	113
běgajut	113
běgajuča	113
běgajuče	113
běgajuči	113
běgal	113
běgala	113
běgali	113
běgalo	113
běgama	113
běgamo	113
běgamy	113
běgana	113
běganje	113
běgano	113
běgany	113
běgaste	113
běgate	113
běgavša	113
běgavše	113
běgavši	113
běgaš	113
běgaše	113
oběčanij	113
oběčanja	113
oběčanjah	113
oběčanjam	113
oběčanjami	113
oběčanjem	113
oběčanju	113
pismen	113
pismena	113
pismenah	113
pismenam	113
pismenami	113
pismene	113
pismenem	113
pismeni	113
pismenom	113
pismenu	113
pravosudij	113
pravosudja	113
pravosudjah	113
pravosudjam	113
pravosudjami	113
pravosudjem	113
pravosudju	113
stolkah	113
stolkam	113
stolkami	113
stolko	113
stolkoju	113
stolku	113
stolky	113
stolkě	113
stolok	113
dověděti	113
flejta	113
glagol	113
izolacija	113
oceljevy	113
počekati	113
prijateljska	113
kuhenny	113
izigra	113
izigrah	113
izigrahmo	113
izigrahu	113
izigraj	113
izigraje	113
izigrajema	113
izigrajemo	113
izigrajemy	113
izigrajete	113
izigraješ	113
izigrajmo	113
izigrajte	113
izigraju	113
izigrajut	113
izigrajuča	113
izigrajuče	113
izigrajuči	113
izigral	113
izigrala	113
izigrali	113
izigralo	113
izigram	113
izigrama	113
izigramo	113
izigramy	113
izigrana	113
izigrano	113
izigrany	113
izigraste	113
izigrate	113
izigravša	113
izigravše	113
izigravši	113
izigraš	113
izigraše	113
pokoja	113
pokojem	113
pokoju	113
kompeticija	113
kolača	113
kolačah	113
kolačam	113
kolačami	113
kolače	113
kolačem	113
kolačev	113
kolaču	113
moderna	113
moderne	113
moderni	113
moderno	113
modernogo	113
modernoj	113
modernoju	113
modernom	113
modernomu	113
modernu	113
modernyh	113
modernym	113
modernymi	113
moderněje	113
modernějši	113
Vikipedija	113
etika	113
federaljny	113
krvavy	113
vslědny	113
osrědka	113
osrědkah	113
osrědkam	113
osrědkami	113
osrědkom	113
osrědkov	113
osrědku	113
osrědky	113
osrědče	113
vojde	113
vojdeh	113
vojdehmo	113
vojdehu	113
vojdem	113
vojdemo	113
vojdena	113
vojdenje	113
vojdeno	113
vojdeny	113
vojdeste	113
vojdete	113
vojdeš	113
vojdeše	113
vojdi	113
vojdimo	113
vojdite	113
vojdoma	113
vojdomo	113
vojdomy	113
vojdu	113
vojdut	113
vojduča	113
vojduče	113
vojduči	113
vošla	113
vošli	113
vošlo	113
všel	113
vševša	113
vševše	113
vševši	113
snižka	113
najblizša	113
najblizše	113
najblizšego	113
najblizšej	113
najblizšeje	113
najblizšeju	113
najblizšejši	113
najblizšem	113
najblizšemu	113
najblizših	113
najblizšim	113
najblizšimi	113
najblizšu	113
prěžitij	113
prěžitja	113
prěžitjah	113
prěžitjam	113
prěžitjami	113
prěžitjem	113
prěžitju	113
upita	113
upite	113
upiti	113
upito	113
upitogo	113
upitoj	113
upitoju	113
upitom	113
upitomu	113
upitu	113
upityh	113
upitym	113
upitymi	113
upitěje	113
upitějši	113
neščestlivo	113
redakcij	113
redakcijah	113
redakcijam	113
redakcijami	113
redakcije	113
redakcijeju	113
redakciji	113
redakcijo	113
redakciju	113
iznenadsko	113
podtrimyvati	113
pristup	113
straža	113
gospodarstv	113
gospodarstva	113
gospodarstvah	113
gospodarstvam	113
gospodarstvami	113
gospodarstvom	113
gospodarstvu	113
kurorta	113
kurortah	113
kurortam	113
kurortami	113
kurorte	113
kurortom	113
kurortov	113
kurortu	113
kurorty	113
obrazca	113
obrazcah	113
obrazcam	113
obrazcami	113
obrazce	113
obrazcem	113
obrazcev	113
obrazcu	113
obrazče	113
tjurm	113
tjurmah	113
tjurmam	113
tjurmami	113
tjurmo	113
tjurmoju	113
tjurmu	113
tjurmy	113
tjurmě	113
četyridesetju	113
neprěstanno	113
arhitekta	113
arhitektah	113
arhitektam	113
arhitektami	113
arhitekte	113
arhitekti	113
arhitektom	113
arhitektov	113
arhitektu	113
papah	113
papam	113
papami	113
papi	113
papo	113
papoju	113
papov	113
papu	113
papy	113
papě	113
časopisa	113
časopisah	113
časopisam	113
časopisami	113
časopise	113
časopisom	113
časopisov	113
časopisu	113
časopisy	113
avtonomija	113
nizanje	113
vugrsky	113
zatmjenje	113
kuhara	113
kuharah	113
kuharam	113
kuharami	113
kuharem	113
kuharev	113
kuhari	113
kuharu	113
ukazatelj	113
lěsna	113
lěsne	113
lěsni	113
lěsno	113
lěsnogo	113
lěsnoj	113
lěsnoju	113
lěsnom	113
lěsnomu	113
lěsnu	113
lěsnyh	113
lěsnym	113
lěsnymi	113
lěsněje	113
lěsnějši	113
slugah	113
slugam	113
slugami	113
slugi	113
slugo	113
slugoju	113
slugov	113
slugu	113
slugy	113
slugě	113
doždnik	113
romantičny	113
Nobelova	113
objasniti	113
pljama	113
poiskyvati	113
česty	113
ureda	113
uredah	113
uredam	113
uredami	113
urede	113
uredom	113
uredov	113
uredu	113
uredy	113
oddohnuti	113
ozdravjenje	113
parny	113
balkona	113
balkonah	113
balkonam	113
balkonami	113
balkone	113
balkonom	113
balkonov	113
balkonu	113
balkony	113
opustet	113
opusteča	113
opusteče	113
opusteči	113
opusti	113
opustih	113
opustihmo	113
opustihu	113
opustil	113
opustila	113
opustili	113
opustilo	113
opustim	113
opustima	113
opustimo	113
opustimy	113
opustiste	113
opustite	113
opustivša	113
opustivše	113
opustivši	113
opustiš	113
opustiše	113
opuščena	113
opuščenje	113
opuščeno	113
opuščeny	113
opušču	113
tla	113
tlah	113
tlam	113
tlami	113
tlom	113
tlu	113
tol	113
blěskavica	113
gostiljnja	113
skaner	113
tolerancija	113
uj	113
ujec	113
zapaljenje	113
črěvo	113
avtoriteta	113
avtoritete	113
avtoritetom	113
avtoritetu	113
izbavet	113
izbaveča	113
izbaveče	113
izbaveči	113
izbavi	113
izbavih	113
izbavihmo	113
izbavihu	113
izbavil	113
izbavila	113
izbavili	113
izbavilo	113
izbavim	113
izbavima	113
izbavimo	113
izbavimy	113
izbaviste	113
izbavite	113
izbavivša	113
izbavivše	113
izbavivši	113
izbaviš	113
izbaviše	113
izbavjena	113
izbavjenje	113
izbavjeno	113
izbavjeny	113
izbavju	113
raznic	113
raznicah	113
raznicam	113
raznicami	113
raznice	113
razniceju	113
raznici	113
raznico	113
raznicu	113
realizovati	113
substancija	113
učestnica	113
diploma	113
diplomah	113
diplomam	113
diplomami	113
diplome	113
diplomom	113
diplomov	113
diplomu	113
diplomy	113
prějde	113
prějdeh	113
prějdehmo	113
prějdehu	113
prějdem	113
prějdemo	113
prějdena	113
prějdenje	113
prějdeno	113
prějdeny	113
prějdeste	113
prějdete	113
prějdeš	113
prějdeše	113
prějdi	113
prějdimo	113
prějdite	113
prějdoma	113
prějdomo	113
prějdomy	113
prějdu	113
prějdut	113
prějduča	113
prějduče	113
prějduči	113
prěvoda	113
prěvodah	113
prěvodam	113
prěvodami	113
prěvode	113
prěvodom	113
prěvodov	113
prěvodu	113
prěvody	113
prěšel	113
prěševša	113
prěševše	113
prěševši	113
prěšla	113
prěšli	113
prěšlo	113
ruma	113
rumah	113
rumam	113
rumami	113
rume	113
rumom	113
rumov	113
rumu	113
rumy	113
avgusta	113
avguste	113
avgustom	113
avgustu	113
gospodž	113
gospodžah	113
gospodžam	113
gospodžami	113
gospodžo	113
gospodžoju	113
gospodžu	113
gospodžy	113
gospodžě	113
radara	113
radarah	113
radaram	113
radarami	113
radare	113
radarom	113
radarov	113
radaru	113
radary	113
Skopje	113
nemožlivost	113
Ilinojs	113
prědstava	113
barana	113
baranah	113
baranam	113
baranami	113
barane	113
barani	113
baranom	113
baranov	113
baranu	113
občežitij	113
občežitja	113
občežitjah	113
občežitjam	113
občežitjami	113
občežitjem	113
občežitju	113
dalj	113
limon	113
modry	113
nominacija	113
slovačsky	113
utvrdženje	113
tamta	113
tamte	113
tamti	113
tamtogo	113
tamtoju	113
tamtom	113
tamtomu	113
tamtu	113
tamtyh	113
tamtym	113
tamtymi	113
usměha	113
usměhah	113
usměham	113
usměhami	113
usměhom	113
usměhov	113
usměhu	113
usměhy	113
usměše	113
tvrda	113
tvrde	113
tvrdogo	113
tvrdoj	113
tvrdoju	113
tvrdom	113
tvrdomu	113
tvrdu	113
tvrdyh	113
tvrdym	113
tvrdymi	113
tvrděje	113
tvrdějši	113
futro	113
hokeja	113
hokejem	113
hokeju	113
člověčstvo	113
estetika	113
kupanje	113
ostaviti	113
pravka	113
sort	113
krasna	113
krasne	113
krasni	113
krasno	113
krasnogo	113
krasnoj	113
krasnoju	113
krasnom	113
krasnomu	113
krasnu	113
krasnyh	113
krasnym	113
krasnymi	113
krasněje	113
krasnějši	113
orudovanij	113
orudovanja	113
orudovanjah	113
orudovanjam	113
orudovanjami	113
orudovanjem	113
orudovanju	113
televizijna	113
televizijne	113
televizijni	113
televizijno	113
televizijnogo	113
televizijnoj	113
televizijnoju	113
televizijnom	113
televizijnomu	113
televizijnu	113
televizijnyh	113
televizijnym	113
televizijnymi	113
televizijněje	113
televizijnějši	113
ekzemplar	113
crkv	112
crkvah	112
crkvam	112
crkvami	112
crkvo	112
crkvoju	112
crkvu	112
crkvy	112
crkvě	112
sjema	112
sjemah	112
sjemam	112
sjemami	112
sjeme	112
sjemom	112
sjemov	112
sjemu	112
sjemy	112
mlěčny	112
soja	112
kabineta	112
kabinetah	112
kabinetam	112
kabinetami	112
kabinete	112
kabinetom	112
kabinetov	112
kabinetu	112
kabinety	112
surabot	112
surabotah	112
surabotam	112
surabotami	112
suraboto	112
surabotoju	112
surabotu	112
suraboty	112
surabotě	112
turizma	112
turizme	112
turizmom	112
turizmu	112
spoznati	112
žaloba	112
dnevna	112
dnevne	112
dnevni	112
dnevno	112
dnevnogo	112
dnevnoj	112
dnevnoju	112
dnevnom	112
dnevnomu	112
dnevnu	112
dnevnyh	112
dnevnym	112
dnevnymi	112
dnevněje	112
dnevnějši	112
nesgod	112
nesgodah	112
nesgodam	112
nesgodami	112
nesgodo	112
nesgodoju	112
nesgodu	112
nesgody	112
nesgodě	112
plavanij	112
plavanja	112
plavanjah	112
plavanjam	112
plavanjami	112
plavanjem	112
plavanju	112
poljska	112
poljske	112
poljski	112
poljsko	112
poljskogo	112
poljskoj	112
poljskoju	112
poljskom	112
poljskomu	112
poljsku	112
poljskyh	112
poljskym	112
poljskymi	112
finansova	112
finansove	112
finansovi	112
finansovo	112
finansovogo	112
finansovoj	112
finansovoju	112
finansovom	112
finansovomu	112
finansovu	112
finansovyh	112
finansovym	112
finansovymi	112
finansověje	112
finansovějši	112
profesij	112
profesijah	112
profesijam	112
profesijami	112
profesije	112
profesijeju	112
profesiji	112
profesijo	112
profesiju	112
vozvratet	112
vozvrateča	112
vozvrateče	112
vozvrateči	112
vozvrati	112
vozvratih	112
vozvratihmo	112
vozvratihu	112
vozvratil	112
vozvratila	112
vozvratili	112
vozvratilo	112
vozvratim	112
vozvratima	112
vozvratimo	112
vozvratimy	112
vozvratiste	112
vozvratite	112
vozvrativša	112
vozvrativše	112
vozvrativši	112
vozvratiš	112
vozvratiše	112
vozvračena	112
vozvračenje	112
vozvračeno	112
vozvračeny	112
vozvraču	112
efektivnost	112
izslědovatelj	112
povyšenij	112
povyšenja	112
povyšenjah	112
povyšenjam	112
povyšenjami	112
povyšenjem	112
povyšenju	112
prsten	112
prstenah	112
prstenam	112
prstenami	112
prstene	112
prstenem	112
prstenev	112
prsteni	112
prstenja	112
prstenjah	112
prstenjam	112
prstenjami	112
prstenje	112
prstenjem	112
prstenjev	112
prstenju	112
obměniti	112
ustava	112
ustavah	112
ustavam	112
ustavami	112
ustave	112
ustavom	112
ustavov	112
ustavu	112
ustavy	112
bočny	112
kuljemet	112
odsutstva	112
odsutstvom	112
odsutstvu	112
podtrimyvanij	112
podtrimyvanja	112
podtrimyvanjah	112
podtrimyvanjam	112
podtrimyvanjami	112
podtrimyvanjem	112
podtrimyvanju	112
pogleda	112
pogledah	112
pogledam	112
pogledami	112
poglede	112
pogledom	112
pogledov	112
pogledu	112
pogledy	112
priručnika	112
priručnikah	112
priručnikam	112
priručnikami	112
priručnikom	112
priručnikov	112
priručniku	112
priručniky	112
priručniče	112
nog	112
nogah	112
nogam	112
nogami	112
nogo	112
nogoju	112
nogu	112
nogy	112
nogě	112
paradoksa	112
paradoksah	112
paradoksam	112
paradoksami	112
paradokse	112
paradoksom	112
paradoksov	112
paradoksu	112
paradoksy	112
pomyslet	112
pomysleča	112
pomysleče	112
pomysleči	112
pomysli	112
pomyslih	112
pomyslihmo	112
pomyslihu	112
pomyslil	112
pomyslila	112
pomyslili	112
pomyslilo	112
pomyslim	112
pomyslima	112
pomyslimo	112
pomyslimy	112
pomysliste	112
pomyslite	112
pomyslivša	112
pomyslivše	112
pomyslivši	112
pomysliš	112
pomysliše	112
pomysljena	112
pomysljenje	112
pomysljeno	112
pomysljeny	112
pomyslju	112
odčajano	112
prětok	112
okazah	112
okazahmo	112
okazahu	112
okazal	112
okazala	112
okazali	112
okazana	112
okazanje	112
okazano	112
okazany	112
okazaste	112
okazavša	112
okazavše	112
okazavši	112
okazaše	112
okaže	112
okažem	112
okažema	112
okažemo	112
okažemy	112
okažete	112
okažeš	112
okaži	112
okažimo	112
okažite	112
okažu	112
okažut	112
okažuča	112
okažuče	112
okažuči	112
vlastnet	112
vlastneča	112
vlastneče	112
vlastneči	112
vlastnih	112
vlastnihmo	112
vlastnihu	112
vlastnil	112
vlastnila	112
vlastnili	112
vlastnilo	112
vlastnim	112
vlastnima	112
vlastnimo	112
vlastnimy	112
vlastniste	112
vlastnite	112
vlastnivša	112
vlastnivše	112
vlastnivši	112
vlastniš	112
vlastniše	112
vlastnjena	112
vlastnjenje	112
vlastnjeno	112
vlastnjeny	112
vlastnju	112
Arab	112
aerodrom	112
agresija	112
dokonati	112
čeljust	112
jedr	112
jedra	112
jedrah	112
jedram	112
jedrami	112
jedrom	112
jedru	112
napravet	112
napraveča	112
napraveče	112
napraveči	112
napravi	112
napravih	112
napravihmo	112
napravihu	112
napravil	112
napravila	112
napravili	112
napravilo	112
napravim	112
napravima	112
napravimo	112
napravimy	112
napraviste	112
napravite	112
napravivša	112
napravivše	112
napravivši	112
napraviš	112
napraviše	112
napravjena	112
napravjenje	112
napravjeno	112
napravjeny	112
napravju	112
čempiona	112
čempionah	112
čempionam	112
čempionami	112
čempione	112
čempioni	112
čempionom	112
čempionov	112
čempionu	112
reform	112
reformah	112
reformam	112
reformami	112
reformo	112
reformoju	112
reformu	112
reformy	112
reformě	112
svědomja	112
svědomjem	112
svědomju	112
analizovati	112
izprobovanje	112
tablička	112
lična	112
lične	112
lični	112
ličnogo	112
ličnoj	112
ličnoju	112
ličnom	112
ličnomu	112
ličnu	112
ličnyh	112
ličnym	112
ličnymi	112
ličněje	112
ličnějši	112
lakot	112
oboravny	112
privatny	112
revizija	112
pomnet	112
pomneča	112
pomneče	112
pomneči	112
pomni	112
pomnim	112
pomnima	112
pomnimo	112
pomnimy	112
pomnite	112
pomniš	112
pomnju	112
pomněh	112
pomněhmo	112
pomněhu	112
pomněl	112
pomněla	112
pomněli	112
pomnělo	112
pomněna	112
pomněnje	112
pomněno	112
pomněny	112
pomněste	112
pomněvša	112
pomněvše	112
pomněvši	112
pomněše	112
voditelja	112
voditeljah	112
voditeljam	112
voditeljami	112
voditeljem	112
voditeljev	112
voditelji	112
voditelju	112
zajeca	112
zajecah	112
zajecam	112
zajecami	112
zajecem	112
zajecev	112
zajeci	112
zajecu	112
diplomacija	112
diplomatija	112
neveliky	112
rang	112
tajenjstvo	112
zabolěvanje	112
gotoviti	112
navigacija	112
trgovanje	112
pozadij	112
pozadja	112
pozadjah	112
pozadjam	112
pozadjami	112
pozadjem	112
pozadju	112
pravil	112
pravila	112
pravilah	112
pravilam	112
pravilami	112
pravilom	112
pravilu	112
rědka	112
rědke	112
rědki	112
rědkogo	112
rědkoj	112
rědkoju	112
rědkom	112
rědkomu	112
rědku	112
rědkyh	112
rědkym	112
rědkymi	112
rědši	112
rědže	112
izgledati	112
soglasny	112
tydnjevo	112
zatvorjeny	112
lěpot	112
lěpotah	112
lěpotam	112
lěpotami	112
lěpoto	112
lěpotoju	112
lěpotu	112
lěpoty	112
lěpotě	112
bogatyr	112
funkcionovati	112
helma	112
izpraviti	112
prědanje	112
talija	112
posěda	112
posědah	112
posědahmo	112
posědahu	112
posědaj	112
posědaje	112
posědajema	112
posědajemo	112
posědajemy	112
posědajete	112
posědaješ	112
posědajmo	112
posědajte	112
posědaju	112
posědajut	112
posědajuča	112
posědajuče	112
posědajuči	112
posědal	112
posědala	112
posědali	112
posědalo	112
posědam	112
posědama	112
posědamo	112
posědamy	112
posědana	112
posědano	112
posědany	112
posědaste	112
posědate	112
posědavša	112
posědavše	112
posědavši	112
posědaš	112
posědaše	112
radiova	112
radiove	112
radiovi	112
radiovo	112
radiovogo	112
radiovoj	112
radiovoju	112
radiovom	112
radiovomu	112
radiovu	112
radiovyh	112
radiovym	112
radiovymi	112
radiověje	112
radiovějši	112
osvobodženij	112
osvobodženja	112
osvobodženjah	112
osvobodženjam	112
osvobodženjami	112
osvobodženjem	112
osvobodženju	112
hudožny	112
krot	112
pozov	112
zablokovati	112
naseljenij	112
naseljenjah	112
naseljenjam	112
naseljenjami	112
naseljenjem	112
naseljenju	112
prědna	112
prědne	112
prědni	112
prědnja	112
prědnjego	112
prědnjej	112
prědnjeje	112
prědnjeju	112
prědnjejši	112
prědnjem	112
prědnjemu	112
prědnjih	112
prědnjim	112
prědnjimi	112
prědnju	112
prědno	112
prědnogo	112
prědnoj	112
prědnoju	112
prědnom	112
prědnomu	112
prědnu	112
prědnyh	112
prědnym	112
prědnymi	112
prědněje	112
prědnějši	112
sustrěte	112
sustrěteh	112
sustrětehmo	112
sustrětehu	112
sustrětem	112
sustrětemo	112
sustrětena	112
sustrětenje	112
sustrěteno	112
sustrěteny	112
sustrěteste	112
sustrětete	112
sustrěteš	112
sustrěteše	112
sustrěti	112
sustrětimo	112
sustrětite	112
sustrětl	112
sustrětla	112
sustrětli	112
sustrětlo	112
sustrětoma	112
sustrětomo	112
sustrětomy	112
sustrětu	112
sustrětut	112
sustrětuča	112
sustrětuče	112
sustrětuči	112
sustrětša	112
sustrětše	112
sustrětši	112
balada	112
organičny	112
pristupiti	112
prěnositi	112
večerej	112
večerjah	112
večerjam	112
večerjami	112
večerje	112
večerjeju	112
večerji	112
večerjo	112
večerju	112
fajny	112
gospodynja	112
izkušeny	112
kulja	112
haosa	112
haosah	112
haosam	112
haosami	112
haose	112
haosom	112
haosov	112
haosu	112
haosy	112
pedagoga	112
pedagogah	112
pedagogam	112
pedagogami	112
pedagogi	112
pedagogom	112
pedagogov	112
pedagogu	112
pedagože	112
povtarja	112
povtarjah	112
povtarjahmo	112
povtarjahu	112
povtarjaj	112
povtarjaje	112
povtarjajema	112
povtarjajemo	112
povtarjajemy	112
povtarjajete	112
povtarjaješ	112
povtarjajmo	112
povtarjajte	112
povtarjaju	112
povtarjajut	112
povtarjajuča	112
povtarjajuče	112
povtarjajuči	112
povtarjal	112
povtarjala	112
povtarjali	112
povtarjalo	112
povtarjam	112
povtarjama	112
povtarjamo	112
povtarjamy	112
povtarjana	112
povtarjanje	112
povtarjano	112
povtarjany	112
povtarjaste	112
povtarjate	112
povtarjavša	112
povtarjavše	112
povtarjavši	112
povtarjaš	112
povtarjaše	112
progresa	112
progresah	112
progresam	112
progresami	112
progrese	112
progresom	112
progresov	112
progresu	112
progresy	112
svobod	112
svobodah	112
svobodam	112
svobodami	112
svobodo	112
svobodoju	112
svobodu	112
svobody	112
svobodě	112
zdravotničstva	112
zdravotničstvom	112
zdravotničstvu	112
dobavet	112
dobaveča	112
dobaveče	112
dobaveči	112
dobavi	112
dobavih	112
dobavihmo	112
dobavihu	112
dobavil	112
dobavila	112
dobavili	112
dobavilo	112
dobavim	112
dobavima	112
dobavimo	112
dobavimy	112
dobaviste	112
dobavite	112
dobavivša	112
dobavivše	112
dobavivši	112
dobaviš	112
dobaviše	112
dobavjena	112
dobavjenje	112
dobavjeno	112
dobavjeny	112
dobavju	112
spada	112
spadah	112
spadam	112
spadami	112
spade	112
spadom	112
spadov	112
spadu	112
spady	112
administrativny	112
napis	112
postanovjenij	112
postanovjenja	112
postanovjenjah	112
postanovjenjam	112
postanovjenjami	112
postanovjenjem	112
postanovjenju	112
sozdava	112
sozdavah	112
sozdavahmo	112
sozdavahu	112
sozdavaj	112
sozdavaje	112
sozdavajema	112
sozdavajemo	112
sozdavajemy	112
sozdavajete	112
sozdavaješ	112
sozdavajmo	112
sozdavajte	112
sozdavaju	112
sozdavajut	112
sozdavajuča	112
sozdavajuče	112
sozdavajuči	112
sozdaval	112
sozdavala	112
sozdavali	112
sozdavalo	112
sozdavam	112
sozdavama	112
sozdavamo	112
sozdavamy	112
sozdavana	112
sozdavanje	112
sozdavano	112
sozdavany	112
sozdavaste	112
sozdavate	112
sozdavavša	112
sozdavavše	112
sozdavavši	112
sozdavaš	112
sozdavaše	112
naklonnost	112
pravica	112
sovršiti	112
zajmlivy	112
napada	112
napadah	112
napadam	112
napadami	112
napade	112
napadom	112
napadov	112
napadu	112
napady	112
razvoja	112
razvojah	112
razvojam	112
razvojami	112
razvoje	112
razvojem	112
razvojev	112
razvoju	112
banja	112
muha	112
vozdati	112
sědališč	112
sědališča	112
sědališčah	112
sědališčam	112
sědališčami	112
sědališčem	112
sědališču	112
poprsje	112
škotsky	112
iztegnuti	112
odstaviti	112
svatba	112
gnězd	112
gnězda	112
gnězdah	112
gnězdam	112
gnězdami	112
gnězdom	112
gnězdu	112
stropa	112
stropah	112
stropam	112
stropami	112
strope	112
stropom	112
stropov	112
stropu	112
stropy	112
bariera	112
hladny	112
kuriti	112
shodkah	112
shodkam	112
shodkami	112
shodko	112
shodkoju	112
shodku	112
shodky	112
shodkě	112
shodok	112
bljudo	112
dogoditi	112
děvče	112
metnuti	112
napolniti	112
Jordanija	112
najkrasivši	112
najkrasnějši	112
odkryvanje	112
pioner	112
simfonija	112
trpěti	112
někudy	112
poškoditi	112
ljubovno	112
pensija	112
světljny	112
laka	112
lakah	112
lakam	112
lakami	112
lakom	112
lakov	112
laku	112
laky	112
lače	112
fontana	112
izvesti	112
jajc	112
jajca	112
jajcah	112
jajcam	112
jajcami	112
jajcem	112
jajcu	112
jasny	112
odigrati	112
pravna	112
pravne	112
pravni	112
pravno	112
pravnogo	112
pravnoj	112
pravnoju	112
pravnom	112
pravnomu	112
pravnu	112
pravnyh	112
pravnym	112
pravnymi	112
pravněje	112
pravnějši	112
propozicija	112
vonjah	112
vonjam	112
vonjami	112
vonji	112
vonjij	112
vonju	112
špion	112
praktik	112
praktikah	112
praktikam	112
praktikami	112
praktiko	112
praktikoju	112
praktiku	112
praktiky	112
praktikě	112
ravna	112
ravne	112
ravni	112
ravnogo	112
ravnoj	112
ravnoju	112
ravnom	112
ravnomu	112
ravnu	112
ravnyh	112
ravnym	112
ravnymi	112
ravněje	112
ravnějši	112
prostitutka	112
januara	112
januarem	112
januaru	112
pojde	112
pojdeh	112
pojdehmo	112
pojdehu	112
pojdem	112
pojdemo	112
pojdena	112
pojdenje	112
pojdeno	112
pojdeny	112
pojdeste	112
pojdete	112
pojdeš	112
pojdeše	112
pojdi	112
pojdimo	112
pojdite	112
pojdoma	112
pojdomo	112
pojdomy	112
pojdu	112
pojdut	112
pojduča	112
pojduče	112
pojduči	112
pošel	112
poševša	112
poševše	112
poševši	112
pošla	112
pošli	112
pošlo	112
seriozna	112
seriozne	112
seriozni	112
serioznogo	112
serioznoj	112
serioznoju	112
serioznom	112
serioznomu	112
serioznu	112
serioznyh	112
serioznym	112
serioznymi	112
seriozněje	112
serioznějši	112
Vels	112
avans	112
cink	112
izstupiti	112
jednost	112
odstupiti	112
ostaly	112
pěna	112
srědnjevěčny	112
ukrasti	112
krugle	112
krugli	112
kruglogo	112
krugloj	112
kruglom	112
kruglomu	112
kruglyh	112
kruglym	112
kruglymi	112
kruglěje	112
kruglějši	112
nezla	112
nezle	112
nezli	112
nezlo	112
nezlogo	112
nezloj	112
nezloju	112
nezlom	112
nezlomu	112
nezlu	112
nezlyh	112
nezlym	112
nezlymi	112
nezlěje	112
nezlějši	112
odtiska	112
odtiskah	112
odtiskam	112
odtiskami	112
odtiskom	112
odtiskov	112
odtisku	112
odtisky	112
odtisče	112
organizovah	112
organizovahmo	112
organizovahu	112
organizoval	112
organizovala	112
organizovali	112
organizovalo	112
organizovana	112
organizovanje	112
organizovano	112
organizovany	112
organizovaste	112
organizovavša	112
organizovavše	112
organizovavši	112
organizovaše	112
organizuj	112
organizuje	112
organizujem	112
organizujema	112
organizujemo	112
organizujemy	112
organizujete	112
organizuješ	112
organizujmo	112
organizujte	112
organizuju	112
organizujut	112
organizujuča	112
organizujuče	112
organizujuči	112
krzno	112
razviti	112
čud	112
čuda	112
čudah	112
čudam	112
čudami	112
čudes	112
čudesa	112
čudesah	112
čudesam	112
čudesami	112
čudese	112
čudesem	112
čudesi	112
čudu	112
odnositi	112
sěverozapad	112
ljaljek	112
ljaljkah	112
ljaljkam	112
ljaljkami	112
ljaljko	112
ljaljkoju	112
ljaljku	112
ljaljky	112
ljaljkě	112
sěčenja	112
sěčenjem	112
sěčenju	112
zla	112
zlah	112
zlam	112
zlami	112
zlom	112
zlu	112
zol	112
prsta	112
prstah	112
prstam	112
prstami	112
prste	112
prstom	112
prstov	112
prstu	112
prsty	112
mladec	112
pěhota	112
slama	112
želěznica	112
židovsky	112
vals	112
signala	112
signalah	112
signalam	112
signalami	112
signale	112
signalom	112
signalov	112
signalu	112
signaly	112
strětenij	112
strětenja	112
strětenjah	112
strětenjam	112
strětenjami	112
strětenjem	112
strětenju	112
zasědanij	112
zasědanja	112
zasědanjah	112
zasědanjam	112
zasědanjami	112
zasědanjem	112
zasědanju	112
animacija	112
eksplozij	112
eksplozijah	112
eksplozijam	112
eksplozijami	112
eksplozije	112
eksplozijeju	112
eksploziji	112
eksplozijo	112
eksploziju	112
geto	112
hovati	112
losos	112
podvodna	112
podvodnica	112
trik	112
izvoljene	112
izvoljeni	112
izvoljenogo	112
izvoljenoj	112
izvoljenoju	112
izvoljenom	112
izvoljenomu	112
izvoljenu	112
izvoljenyh	112
izvoljenym	112
izvoljenymi	112
izvoljeněje	112
izvoljenějši	112
naučnika	112
naučnikah	112
naučnikam	112
naučnikami	112
naučniki	112
naučnikom	112
naučnikov	112
naučniku	112
naučniče	112
kompjuterna	112
udobnost	112
institucij	112
institucijah	112
institucijam	112
institucijami	112
institucije	112
institucijeju	112
instituciji	112
institucijo	112
instituciju	112
osobne	112
osobni	112
osobnogo	112
osobnoj	112
osobnoju	112
osobnom	112
osobnomu	112
osobnu	112
osobnyh	112
osobnym	112
osobnymi	112
osobněje	112
osobnějši	112
rodne	112
rodni	112
rodno	112
rodnogo	112
rodnoj	112
rodnoju	112
rodnom	112
rodnomu	112
rodnu	112
rodnyh	112
rodnym	112
rodnymi	112
rodněje	112
rodnějši	112
upotrěbitelja	112
upotrěbiteljah	112
upotrěbiteljam	112
upotrěbiteljami	112
upotrěbiteljem	112
upotrěbiteljev	112
upotrěbitelji	112
upotrěbitelju	112
zajetij	112
zajetja	112
zajetjah	112
zajetjam	112
zajetjami	112
zajetjem	112
zajetju	112
interesna	112
interesne	112
interesni	112
interesnogo	112
interesnoj	112
interesnoju	112
interesnom	112
interesnomu	112
interesnu	112
interesnyh	112
interesnym	112
interesnymi	112
interesněje	112
interesnějši	112
zvěra	112
zvěrah	112
zvěram	112
zvěrami	112
zvěrem	112
zvěrev	112
zvěri	112
zvěru	112
integracija	112
subtitry	112
podobna	112
podobne	112
podobni	112
podobnogo	112
podobnoj	112
podobnoju	112
podobnom	112
podobnomu	112
podobnu	112
podobnyh	112
podobnym	112
podobnymi	112
podobněje	112
podobnějši	112
vizita	112
objedinjenja	112
objedinjenjem	112
objedinjenju	112
blokada	111
daljnji	111
daljny	111
dostupny	111
gněv	111
jestestvo	111
mravka	111
slovjanjsky	111
Holandija	111
fasolja	111
koridor	111
otečstvo	111
ceglina	111
metabolizm	111
ostražno	111
premija	111
zapytati	111
nazyva	111
nazyvah	111
nazyvahmo	111
nazyvahu	111
nazyvaj	111
nazyvaje	111
nazyvajema	111
nazyvajemo	111
nazyvajemy	111
nazyvajete	111
nazyvaješ	111
nazyvajmo	111
nazyvajte	111
nazyvaju	111
nazyvajut	111
nazyvajuča	111
nazyvajuče	111
nazyvajuči	111
nazyval	111
nazyvala	111
nazyvali	111
nazyvalo	111
nazyvam	111
nazyvama	111
nazyvamo	111
nazyvamy	111
nazyvana	111
nazyvanje	111
nazyvano	111
nazyvany	111
nazyvaste	111
nazyvate	111
nazyvavša	111
nazyvavše	111
nazyvavši	111
nazyvaš	111
nazyvaše	111
tretin	111
tretinah	111
tretinam	111
tretinami	111
tretinoju	111
tretinu	111
tretině	111
Sparta	111
konsultant	111
igrača	111
igračah	111
igračam	111
igračami	111
igračem	111
igračev	111
igrači	111
igraču	111
dokaza	111
dokazam	111
dokazami	111
dokaze	111
dokazom	111
dokazov	111
dokazu	111
dokazy	111
dvoboja	111
dvobojah	111
dvobojam	111
dvobojami	111
dvoboje	111
dvobojem	111
dvobojev	111
dvoboju	111
katastrof	111
katastrofah	111
katastrofam	111
katastrofami	111
katastrofo	111
katastrofoju	111
katastrofu	111
katastrofy	111
katastrofě	111
kl	111
kla	111
klah	111
klam	111
klami	111
kle	111
klom	111
klov	111
klu	111
kly	111
kole	111
kolov	111
koly	111
ranša	111
ranše	111
ranšego	111
ranšej	111
ranšeje	111
ranšeju	111
ranšejši	111
ranšem	111
ranšemu	111
ranših	111
ranšim	111
ranšimi	111
ranšu	111
spotrěbjenja	111
spotrěbjenjem	111
spotrěbjenju	111
genetika	111
incident	111
java	111
pojavjenje	111
povoljno	111
zasnuti	111
srědnjego	111
srědnjem	111
srědnjemu	111
srědnjih	111
srědnjim	111
srědnjimi	111
obstanavjati	111
pogledati	111
supružstvo	111
dějah	111
dějahmo	111
dějahu	111
dějal	111
dějala	111
dějali	111
dějalo	111
dějana	111
dějano	111
dějany	111
dějaste	111
dějavša	111
dějavše	111
dějavši	111
dějaše	111
prioriteta	111
prioritetah	111
prioritetam	111
prioritetami	111
prioritete	111
prioritetom	111
prioritetov	111
prioritetu	111
prioritety	111
finjsky	111
prěznačeny	111
sudb	111
sudbah	111
sudbam	111
sudbami	111
sudbo	111
sudboju	111
sudbu	111
sudby	111
sudbě	111
Japonec	111
hierarhija	111
odhod	111
oplačeny	111
pozna	111
poznah	111
poznahmo	111
poznahu	111
poznaj	111
poznaje	111
poznajema	111
poznajemo	111
poznajemy	111
poznajete	111
poznaješ	111
poznajmo	111
poznajte	111
poznaju	111
poznajut	111
poznajuča	111
poznajuče	111
poznajuči	111
poznal	111
poznala	111
poznali	111
poznalo	111
poznam	111
poznama	111
poznamo	111
poznamy	111
poznana	111
poznanje	111
poznano	111
poznany	111
poznaste	111
poznate	111
poznavša	111
poznavše	111
poznavši	111
poznaš	111
poznaše	111
tunela	111
tunelah	111
tunelam	111
tunelami	111
tunele	111
tunelom	111
tunelov	111
tunelu	111
tunely	111
pirat	111
ukazati	111
variacija	111
detektiva	111
detektivah	111
detektivam	111
detektivami	111
detektive	111
detektivi	111
detektivom	111
detektivov	111
detektivu	111
obslug	111
obslugah	111
obslugam	111
obslugami	111
obslugo	111
obslugoju	111
obslugu	111
obslugy	111
obslugě	111
inudy	111
kot	111
krokodil	111
prědměstje	111
slučajny	111
lasera	111
laserah	111
laseram	111
laserami	111
lasere	111
laserom	111
laserov	111
laseru	111
lasery	111
plamen	111
plamenah	111
plamenam	111
plamenami	111
plamene	111
plamenem	111
plamenev	111
plameni	111
plamenja	111
plamenjah	111
plamenjam	111
plamenjami	111
plamenje	111
plamenjem	111
plamenjev	111
plamenju	111
pogod	111
pogodah	111
pogodam	111
pogodami	111
pogodo	111
pogodoju	111
pogodu	111
pogody	111
pogodě	111
bronzova	111
užih	111
užihmo	111
užihu	111
užil	111
užila	111
užili	111
užilo	111
užiste	111
užita	111
užitje	111
užito	111
užity	111
užive	111
uživem	111
uživema	111
uživemo	111
uživemy	111
uživete	111
uživeš	111
uživi	111
uživimo	111
uživite	111
uživu	111
uživut	111
uživuča	111
uživuče	111
uživuči	111
uživša	111
uživše	111
uživši	111
užiše	111
širša	111
širše	111
širšego	111
širšej	111
širšeje	111
širšeju	111
širšejši	111
širšem	111
širšemu	111
širših	111
širšim	111
širšimi	111
širšu	111
Blizneci	111
najeti	111
odgovarjati	111
slučajnost	111
uvěrjenost	111
vključati	111
zajem	111
zaliv	111
episkop	111
oběčati	111
pot	111
razkaz	111
spodnica	111
prihodet	111
prihodeča	111
prihodeče	111
prihodeči	111
prihodi	111
prihodih	111
prihodihmo	111
prihodihu	111
prihodil	111
prihodila	111
prihodili	111
prihodilo	111
prihodim	111
prihodima	111
prihodimo	111
prihodimy	111
prihodiste	111
prihodite	111
prihodivša	111
prihodivše	111
prihodivši	111
prihodiš	111
prihodiše	111
prihodžena	111
prihodženje	111
prihodženo	111
prihodženy	111
prihodžu	111
publikacij	111
publikacijah	111
publikacijam	111
publikacijami	111
publikacije	111
publikacijeju	111
publikaciji	111
publikacijo	111
publikaciju	111
utrača	111
utračah	111
utračahmo	111
utračahu	111
utračaj	111
utračaje	111
utračajema	111
utračajemo	111
utračajemy	111
utračajete	111
utračaješ	111
utračajmo	111
utračajte	111
utračaju	111
utračajut	111
utračajuča	111
utračajuče	111
utračajuči	111
utračal	111
utračala	111
utračali	111
utračalo	111
utračam	111
utračama	111
utračamo	111
utračamy	111
utračana	111
utračanje	111
utračano	111
utračany	111
utračaste	111
utračate	111
utračavša	111
utračavše	111
utračavši	111
utračaš	111
utračaše	111
košulja	111
sovladyvati	111
češska	111
češske	111
češski	111
češsko	111
češskogo	111
češskoj	111
češskoju	111
češskom	111
češskomu	111
češsku	111
češskyh	111
češskym	111
češskymi	111
literaturna	111
literaturne	111
literaturni	111
literaturno	111
literaturnogo	111
literaturnoj	111
literaturnoju	111
literaturnom	111
literaturnomu	111
literaturnu	111
literaturnyh	111
literaturnym	111
literaturnymi	111
literaturněje	111
literaturnějši	111
obučenij	111
obučenja	111
obučenjah	111
obučenjam	111
obučenjami	111
obučenjem	111
obučenju	111
posluša	111
poslušah	111
poslušahmo	111
poslušahu	111
poslušaj	111
poslušaje	111
poslušajema	111
poslušajemo	111
poslušajemy	111
poslušajete	111
poslušaješ	111
poslušajmo	111
poslušajte	111
poslušaju	111
poslušajut	111
poslušajuča	111
poslušajuče	111
poslušajuči	111
poslušal	111
poslušala	111
poslušali	111
poslušalo	111
poslušam	111
poslušama	111
poslušamo	111
poslušamy	111
poslušana	111
poslušanje	111
poslušano	111
poslušany	111
poslušaste	111
poslušate	111
poslušavša	111
poslušavše	111
poslušavši	111
poslušaš	111
poslušaše	111
standardna	111
standardne	111
standardni	111
standardno	111
standardnogo	111
standardnoj	111
standardnoju	111
standardnom	111
standardnomu	111
standardnu	111
standardnyh	111
standardnym	111
standardnymi	111
standardněje	111
standardnějši	111
vozpitanja	111
vozpitanjem	111
vozpitanju	111
daleky	111
heker	111
kufer	111
kuljtury	111
ludy	111
lěpilo	111
motocikl	111
vozet	111
vozeča	111
vozeče	111
vozeči	111
vozi	111
vozih	111
vozihmo	111
vozihu	111
vozil	111
vozila	111
vozili	111
vozim	111
vozima	111
vozimo	111
vozimy	111
voziste	111
vozite	111
vozivša	111
vozivše	111
vozivši	111
voziš	111
voziše	111
vožena	111
voženje	111
voženo	111
voženy	111
vožu	111
zadržah	111
zadržahmo	111
zadržahu	111
zadržal	111
zadržala	111
zadržali	111
zadržalo	111
zadržana	111
zadržanje	111
zadržano	111
zadržany	111
zadržaste	111
zadržavša	111
zadržavše	111
zadržavši	111
zadržaše	111
zadržet	111
zadržeča	111
zadržeče	111
zadržeči	111
zadrži	111
zadržim	111
zadržima	111
zadržimo	111
zadržimy	111
zadržite	111
zadržiš	111
zadržu	111
znamen	111
znamena	111
znamenah	111
znamenam	111
znamenami	111
znamene	111
znamenem	111
znameni	111
znamenom	111
znamenu	111
obred	111
počv	111
počvah	111
počvam	111
počvami	111
počvo	111
počvoju	111
počvu	111
počvy	111
počvě	111
meduza	111
ograničeny	111
radiacija	111
dohoda	111
dohodah	111
dohodam	111
dohodami	111
dohode	111
dohodom	111
dohodov	111
dohodu	111
dohody	111
fronta	111
frontah	111
frontam	111
frontami	111
fronte	111
frontom	111
frontov	111
frontu	111
fronty	111
goreča	111
gorečego	111
gorečej	111
gorečeje	111
gorečeju	111
gorečejši	111
gorečem	111
gorečemu	111
gorečih	111
gorečim	111
gorečimi	111
goreču	111
turista	111
turistah	111
turistam	111
turistami	111
turiste	111
turisti	111
turistom	111
turistov	111
turistu	111
realizm	111
opyta	111
opytah	111
opytam	111
opytami	111
opyte	111
opytom	111
opytov	111
opytu	111
opyty	111
bezkonečno	111
jednogodišnji	111
jednogodišny	111
jednoročny	111
mily	111
samoubijstvo	111
sputnika	111
sputnikah	111
sputnikam	111
sputnikami	111
sputnikom	111
sputnikov	111
sputniku	111
sputniky	111
sputniče	111
stanovišče	111
szadu	111
věst	111
najgorša	111
najgoršego	111
najgoršej	111
najgoršeje	111
najgoršeju	111
najgoršejši	111
najgoršem	111
najgoršemu	111
najgorših	111
najgoršim	111
najgoršimi	111
najgoršu	111
pěva	111
pěvah	111
pěvahmo	111
pěvahu	111
pěvaj	111
pěvaje	111
pěvajema	111
pěvajemo	111
pěvajemy	111
pěvajete	111
pěvaješ	111
pěvajmo	111
pěvajte	111
pěvaju	111
pěvajut	111
pěvajuča	111
pěvajuče	111
pěvajuči	111
pěval	111
pěvala	111
pěvali	111
pěvalo	111
pěvam	111
pěvama	111
pěvamo	111
pěvamy	111
pěvana	111
pěvano	111
pěvany	111
pěvaste	111
pěvate	111
pěvavša	111
pěvavše	111
pěvavši	111
pěvaš	111
pěvaše	111
brutaljny	111
domena	111
domenah	111
domenam	111
domenami	111
domene	111
domenom	111
domenov	111
domenu	111
domeny	111
radah	111
radam	111
radami	111
radě	111
loterija	111
prikaz	111
probna	111
čaša	111
čelja	111
dyhahmo	111
dyhahu	111
dyhaj	111
dyhaje	111
dyhajema	111
dyhajemo	111
dyhajemy	111
dyhajete	111
dyhaješ	111
dyhajmo	111
dyhajte	111
dyhaju	111
dyhajut	111
dyhajuča	111
dyhajuče	111
dyhajuči	111
dyhal	111
dyhala	111
dyhali	111
dyhalo	111
dyhama	111
dyhamo	111
dyhamy	111
dyhana	111
dyhano	111
dyhany	111
dyhaste	111
dyhate	111
dyhavša	111
dyhavše	111
dyhavši	111
dyhaš	111
dyhaše	111
dyša	111
dyšah	111
dyšahmo	111
dyšahu	111
dyšaj	111
dyšaje	111
dyšajema	111
dyšajemo	111
dyšajemy	111
dyšajete	111
dyšaješ	111
dyšajmo	111
dyšajte	111
dyšaju	111
dyšajut	111
dyšajuča	111
dyšajuče	111
dyšajuči	111
dyšal	111
dyšala	111
dyšali	111
dyšalo	111
dyšam	111
dyšama	111
dyšamo	111
dyšamy	111
dyšana	111
dyšanje	111
dyšano	111
dyšany	111
dyšaste	111
dyšate	111
dyšavša	111
dyšavše	111
dyšavši	111
dyšaš	111
dyšaše	111
izvoljniti	111
milicija	111
nulovy	111
postelj	111
ustje	111
oktobra	111
oktobre	111
oktobrom	111
oktobru	111
sikvela	111
sikvelah	111
sikvelam	111
sikvelami	111
sikvele	111
sikvelom	111
sikvelov	111
sikvelu	111
sikvely	111
meditacija	111
moraljny	111
sniti	111
dviženij	111
dviženja	111
dviženjah	111
dviženjam	111
dviženjami	111
dviženjem	111
dviženju	111
napora	111
naporah	111
naporam	111
naporami	111
napore	111
naporom	111
naporov	111
naporu	111
napory	111
vključena	111
vključeno	111
vključeny	111
vključet	111
vključeča	111
vključeče	111
vključeči	111
vključi	111
vključih	111
vključihmo	111
vključihu	111
vključil	111
vključila	111
vključili	111
vključilo	111
vključim	111
vključima	111
vključimo	111
vključimy	111
vključiste	111
vključite	111
vključivša	111
vključivše	111
vključivši	111
vključiš	111
vključiše	111
vključu	111
dramatičny	111
džudo	111
olovka	111
nadpisa	111
nadpisah	111
nadpisam	111
nadpisami	111
nadpise	111
nadpisom	111
nadpisov	111
nadpisu	111
nadpisy	111
nizša	111
nizše	111
nizšego	111
nizšej	111
nizšeje	111
nizšeju	111
nizšejši	111
nizšem	111
nizšemu	111
nizših	111
nizšim	111
nizšimi	111
nizšu	111
pověstah	111
pověstam	111
pověstami	111
pověsti	111
pověstij	111
pověstju	111
eksperimenta	111
eksperimentah	111
eksperimentam	111
eksperimentami	111
eksperimente	111
eksperimentom	111
eksperimentov	111
eksperimentu	111
eksperimenty	111
okruga	111
okrugah	111
okrugam	111
okrugami	111
okrugom	111
okrugov	111
okrugu	111
okrugy	111
okruže	111
prirodny	111
osah	111
osam	111
osami	111
osi	111
osij	111
osju	111
razvivati	111
Čeh	111
psihologa	111
psihologah	111
psihologam	111
psihologami	111
psihologi	111
psihologom	111
psihologov	111
psihologu	111
psiholože	111
samoleta	111
samoletah	111
samoletam	111
samoletami	111
samolete	111
samoletom	111
samoletov	111
samoletu	111
samolety	111
obnovjenje	111
svědok	111
terorističny	111
tykva	111
debjuta	111
debjutah	111
debjutam	111
debjutami	111
debjute	111
debjutom	111
debjutov	111
debjutu	111
debjuty	111
diagnoz	111
diagnozah	111
diagnozam	111
diagnozami	111
diagnozo	111
diagnozoju	111
diagnozu	111
diagnozy	111
diagnozě	111
optika	111
pastyr	111
poluostrov	111
pozrěti	111
prodolžena	111
prodolženo	111
prodolženy	111
prodolžet	111
prodolžeča	111
prodolžeče	111
prodolžeči	111
prodolži	111
prodolžih	111
prodolžihmo	111
prodolžihu	111
prodolžil	111
prodolžila	111
prodolžili	111
prodolžilo	111
prodolžim	111
prodolžima	111
prodolžimo	111
prodolžimy	111
prodolžiste	111
prodolžite	111
prodolživša	111
prodolživše	111
prodolživši	111
prodolžiš	111
prodolžiše	111
prodolžu	111
koverta	111
mehanika	111
šablon	111
odděljenij	111
odděljenja	111
odděljenjah	111
odděljenjam	111
odděljenjami	111
odděljenjem	111
odděljenju	111
vodža	111
vodžah	111
vodžam	111
vodžami	111
vodže	111
vodži	111
vodžom	111
vodžov	111
vodžu	111
vrhna	111
vrhne	111
vrhni	111
vrhno	111
vrhnogo	111
vrhnoj	111
vrhnoju	111
vrhnom	111
vrhnomu	111
vrhnu	111
vrhnyh	111
vrhnym	111
vrhnymi	111
vrhněje	111
vrhnějši	111
partnerka	111
doložena	111
doloženje	111
doloženo	111
doloženy	111
doložet	111
doložeča	111
doložeče	111
doložeči	111
doloži	111
doložih	111
doložihmo	111
doložihu	111
doložil	111
doložila	111
doložili	111
doložilo	111
doložim	111
doložima	111
doložimo	111
doložimy	111
doložiste	111
doložite	111
doloživša	111
doloživše	111
doloživši	111
doložiš	111
doložiše	111
doložu	111
lektor	111
naručka	111
nasiljno	111
svatbena	111
cirka	111
cirkah	111
cirkam	111
cirkami	111
cirkom	111
cirkov	111
cirku	111
cirky	111
cirče	111
granat	111
granatah	111
granatam	111
granatami	111
granato	111
granatoju	111
granatu	111
granaty	111
granatě	111
alkoholik	111
mučenik	111
dverah	111
dveram	111
dverami	111
dverij	111
otvora	111
otvorah	111
otvoram	111
otvorami	111
otvore	111
otvorom	111
otvorov	111
otvoru	111
otvory	111
blagostanje	111
bunt	111
inteligentny	111
izkoristiti	111
obrazka	111
obrazkah	111
obrazkam	111
obrazkami	111
obrazkom	111
obrazkov	111
obrazku	111
obrazky	111
Kupa	111
avtobusna	111
stavati	111
nebezpečna	111
nebezpečne	111
nebezpečni	111
nebezpečno	111
nebezpečnogo	111
nebezpečnoj	111
nebezpečnoju	111
nebezpečnom	111
nebezpečnomu	111
nebezpečnu	111
nebezpečnyh	111
nebezpečnym	111
nebezpečnymi	111
nebezpečněje	111
nebezpečnějši	111
prědkah	111
prědkam	111
prědkami	111
prědkov	111
věrojetnostah	111
věrojetnostam	111
věrojetnostami	111
věrojetnosti	111
věrojetnostij	111
věrojetnostju	111
poludnij	111
poludnja	111
poludnjah	111
poludnjam	111
poludnjami	111
poludnjem	111
poludnju	111
step	111
odpustet	111
odpusteča	111
odpusteče	111
odpusteči	111
odpusti	111
odpustih	111
odpustihmo	111
odpustihu	111
odpustil	111
odpustila	111
odpustili	111
odpustilo	111
odpustim	111
odpustima	111
odpustimo	111
odpustimy	111
odpustiste	111
odpustite	111
odpustivša	111
odpustivše	111
odpustivši	111
odpustiš	111
odpustiše	111
odpuščena	111
odpuščeno	111
odpuščeny	111
odpušču	111
pavuka	111
pavukah	111
pavukam	111
pavukami	111
pavuki	111
pavukom	111
pavukov	111
pavuku	111
pavuče	111
solidarnostah	111
solidarnostam	111
solidarnostami	111
solidarnosti	111
solidarnostij	111
solidarnostju	111
interier	111
interval	111
obojdti	111
ratuš	111
rezolucija	111
korupcij	111
korupcijah	111
korupcijam	111
korupcijami	111
korupcije	111
korupcijeju	111
korupciji	111
korupcijo	111
korupciju	111
iziskati	111
projektovanje	111
putnik	111
vlakno	111
izvoda	111
izvodah	111
izvodam	111
izvodami	111
izvode	111
izvodom	111
izvodov	111
izvodu	111
izvody	111
prověret	111
prověreča	111
prověreče	111
prověreči	111
prověri	111
prověrih	111
prověrihmo	111
prověrihu	111
prověril	111
prověrila	111
prověrili	111
prověrilo	111
prověrim	111
prověrima	111
prověrimo	111
prověrimy	111
prověriste	111
prověrite	111
prověrivša	111
prověrivše	111
prověrivši	111
prověriš	111
prověriše	111
prověrjena	111
prověrjenje	111
prověrjeno	111
prověrjeny	111
prověrju	111
najzla	111
najzle	111
najzli	111
najzlo	111
najzlogo	111
najzloj	111
najzloju	111
najzlom	111
najzlomu	111
najzlu	111
najzlyh	111
najzlym	111
najzlymi	111
najzlěje	111
najzlějši	111
astronomija	111
korabnik	111
samostojny	111
poljna	111
poljne	111
poljni	111
poljno	111
poljnogo	111
poljnoj	111
poljnoju	111
poljnom	111
poljnomu	111
poljnu	111
poljnyh	111
poljnym	111
poljnymi	111
poljněje	111
poljnějši	111
zrcal	111
zrcala	111
zrcalah	111
zrcalam	111
zrcalami	111
zrcalom	111
zrcalu	111
prěvodženij	111
prěvodženja	111
prěvodženjah	111
prěvodženjam	111
prěvodženjami	111
prěvodženjem	111
prěvodženju	111
mězga	111
radostno	111
fenomena	111
fenomenah	111
fenomenam	111
fenomenami	111
fenomene	111
fenomenom	111
fenomenov	111
fenomenu	111
fenomeny	111
poeta	111
poetah	111
poetam	111
poetami	111
poete	111
poeti	111
poetom	111
poetov	111
poetu	111
poražek	111
poražkah	111
poražkam	111
poražkami	111
poražko	111
poražkoju	111
poražku	111
poražky	111
poražkě	111
bratstvo	111
krem	111
morala	110
moralah	110
moralam	110
moralami	110
morale	110
moralom	110
moralov	110
moralu	110
moraly	110
obyčaj	110
osudženje	110
prototip	110
kraljevska	110
kraljevske	110
kraljevski	110
kraljevsko	110
kraljevskogo	110
kraljevskoj	110
kraljevskoju	110
kraljevskom	110
kraljevskomu	110
kraljevsku	110
kraljevskyh	110
kraljevskym	110
kraljevskymi	110
poddrža	110
poddržah	110
poddržahmo	110
poddržahu	110
poddržaj	110
poddržaje	110
poddržajema	110
poddržajemo	110
poddržajemy	110
poddržajete	110
poddržaješ	110
poddržajmo	110
poddržajte	110
poddržaju	110
poddržajut	110
poddržajuča	110
poddržajuče	110
poddržajuči	110
poddržal	110
poddržala	110
poddržali	110
poddržalo	110
poddržam	110
poddržama	110
poddržamo	110
poddržamy	110
poddržana	110
poddržanje	110
poddržano	110
poddržany	110
poddržaste	110
poddržate	110
poddržavša	110
poddržavše	110
poddržavši	110
poddržaš	110
poddržaše	110
zdravoohranjenja	110
zdravoohranjenjem	110
zdravoohranjenju	110
motto	110
plastik	110
ručny	110
skarga	110
vozdržati	110
ekip	110
ekipah	110
ekipam	110
ekipami	110
ekipo	110
ekipoju	110
ekipu	110
ekipy	110
ekipě	110
izniščenij	110
izniščenja	110
izniščenjah	110
izniščenjam	110
izniščenjami	110
izniščenjem	110
izniščenju	110
najmenša	110
najmenše	110
najmenšego	110
najmenšej	110
najmenšeje	110
najmenšeju	110
najmenšejši	110
najmenšem	110
najmenšemu	110
najmenših	110
najmenšim	110
najmenšimi	110
najmenšu	110
tradicijna	110
tradicijne	110
tradicijni	110
tradicijno	110
tradicijnogo	110
tradicijnoj	110
tradicijnoju	110
tradicijnom	110
tradicijnomu	110
tradicijnu	110
tradicijnyh	110
tradicijnym	110
tradicijnymi	110
tradicijněje	110
tradicijnějši	110
kuharka	110
parafija	110
biologije	110
biologijeju	110
biologiji	110
biologijo	110
biologiju	110
basa	110
basah	110
basam	110
basami	110
base	110
basom	110
basov	110
basu	110
basy	110
agresivny	110
studnja	110
bukv	110
bukvah	110
bukvam	110
bukvami	110
bukvo	110
bukvoju	110
bukvu	110
bukvy	110
bukvě	110
životin	110
životinah	110
životinam	110
životinami	110
životino	110
životinoju	110
životinu	110
životiny	110
životině	110
provodet	110
provodeča	110
provodeče	110
provodeči	110
provodi	110
provodih	110
provodihmo	110
provodihu	110
provodil	110
provodila	110
provodili	110
provodilo	110
provodim	110
provodima	110
provodimo	110
provodimy	110
provodiste	110
provodite	110
provodivša	110
provodivše	110
provodivši	110
provodiš	110
provodiše	110
provodžena	110
provodženo	110
provodženy	110
provodžu	110
dolžny	110
komercialjny	110
lokalitet	110
čao	110
julija	110
julijem	110
juliju	110
mladostah	110
mladostam	110
mladostami	110
mladosti	110
mladostij	110
mladostju	110
partnerstv	110
partnerstva	110
partnerstvah	110
partnerstvam	110
partnerstvami	110
partnerstvom	110
partnerstvu	110
rěša	110
rěšah	110
rěšahmo	110
rěšahu	110
rěšaj	110
rěšaje	110
rěšajema	110
rěšajemo	110
rěšajemy	110
rěšajete	110
rěšaješ	110
rěšajmo	110
rěšajte	110
rěšaju	110
rěšajut	110
rěšajuča	110
rěšajuče	110
rěšal	110
rěšala	110
rěšali	110
rěšalo	110
rěšam	110
rěšama	110
rěšamo	110
rěšamy	110
rěšana	110
rěšanje	110
rěšano	110
rěšany	110
rěšaste	110
rěšate	110
rěšavša	110
rěšavše	110
rěšavši	110
rěšaš	110
rěšaše	110
tehniki	110
tehnikom	110
tehnikov	110
tehniče	110
dolžina	110
tajemny	110
uslyšati	110
kakakoli	110
kakekoli	110
kakikoli	110
kakogokoli	110
kakojkoli	110
kakojukoli	110
kakomkoli	110
kakomukoli	110
kakukoli	110
kakyhkoli	110
kakymikoli	110
kakymkoli	110
kaznjah	110
kaznjam	110
kaznjami	110
kaznji	110
kaznjij	110
kaznju	110
koz	110
kozah	110
kozam	110
kozami	110
kozo	110
kozoju	110
kozu	110
kozy	110
kozě	110
sbora	110
sborah	110
sboram	110
sborami	110
sbore	110
sborom	110
sborov	110
sboru	110
sbory	110
hvilej	110
hviljah	110
hviljam	110
hviljami	110
hvilje	110
hvilji	110
hviljo	110
hvilju	110
korejsky	110
odbočiti	110
proigryvati	110
srědstv	110
srědstva	110
srědstvah	110
srědstvam	110
srědstvami	110
srědstvom	110
srědstvu	110
tunec	110
vat	110
ekrana	110
ekranah	110
ekranam	110
ekranami	110
ekrane	110
ekranom	110
ekranov	110
ekranu	110
ekrany	110
sinja	110
sinje	110
sinjego	110
sinjej	110
sinjeje	110
sinjeju	110
sinjejši	110
sinjem	110
sinjemu	110
sinjih	110
sinjim	110
sinjimi	110
sinju	110
gitar	110
gitarah	110
gitaram	110
gitarami	110
gitaro	110
gitaroju	110
gitaru	110
gitary	110
gitarě	110
sněženja	110
sněženjem	110
sněženju	110
stupnic	110
stupnicah	110
stupnicam	110
stupnicami	110
stupnice	110
stupniceju	110
stupnici	110
stupnico	110
stupnicu	110
tigra	110
tigrah	110
tigram	110
tigrami	110
tigre	110
tigri	110
tigrom	110
tigrov	110
tigru	110
guslje	110
izkonavči	110
niščitelj	110
podobnost	110
tihy	110
vuglerod	110
škaf	110
recepta	110
receptah	110
receptam	110
receptami	110
recepte	110
receptom	110
receptov	110
receptu	110
recepty	110
tabel	110
tabelah	110
tabelam	110
tabelami	110
tabelo	110
tabeloju	110
tabelu	110
tabely	110
tabelě	110
neravnost	110
obseg	110
vojevati	110
svěža	110
svěže	110
svěžego	110
svěžej	110
svěžeje	110
svěžeju	110
svěžejši	110
svěžem	110
svěžemu	110
svěžih	110
svěžim	110
svěžimi	110
svěžu	110
jedivo	110
podpor	110
avtopromysl	110
izstaviti	110
tolmačenje	110
hirurga	110
hirurgah	110
hirurgam	110
hirurgami	110
hirurgi	110
hirurgom	110
hirurgov	110
hirurgu	110
hirurže	110
pritiska	110
pritiskom	110
pritisku	110
pritisče	110
vědah	110
vědam	110
vědami	110
vědo	110
vědoju	110
vědu	110
vědy	110
vědě	110
lanec	110
nikoliko	110
peticija	110
koncentracij	110
koncentracijah	110
koncentracijam	110
koncentracijami	110
koncentracije	110
koncentracijeju	110
koncentraciji	110
koncentracijo	110
koncentraciju	110
nudž	110
nudžah	110
nudžam	110
nudžami	110
nudžo	110
nudžoju	110
nudžu	110
nudžy	110
nudžě	110
planovah	110
planovahmo	110
planovahu	110
planoval	110
planovala	110
planovali	110
planovalo	110
planovana	110
planovanje	110
planovano	110
planovany	110
planovaste	110
planovavša	110
planovavše	110
planovavši	110
planovaše	110
planuj	110
planuje	110
planujem	110
planujema	110
planujemo	110
planujemy	110
planujete	110
planuješ	110
planujmo	110
planujte	110
planuju	110
planujut	110
planujuča	110
planujuče	110
planujuči	110
sěverno	110
zastupnik	110
najstarějša	110
najstarějše	110
najstarějšego	110
najstarějšej	110
najstarějšeje	110
najstarějšeju	110
najstarějšejši	110
najstarějšem	110
najstarějšemu	110
najstarějših	110
najstarějšim	110
najstarějšimi	110
najstarějšu	110
najstarša	110
najstarše	110
najstaršego	110
najstaršej	110
najstaršeje	110
najstaršeju	110
najstaršejši	110
najstaršem	110
najstaršemu	110
najstarših	110
najstaršim	110
najstaršimi	110
najstaršu	110
digitaljny	110
dostojnost	110
mineraljna	110
objem	110
odstava	110
fasad	110
fasadah	110
fasadam	110
fasadami	110
fasado	110
fasadoju	110
fasadu	110
fasady	110
fasadě	110
trofeja	110
trofejah	110
trofejam	110
trofejami	110
trofeje	110
trofejem	110
trofejev	110
trofeju	110
věděnja	110
věděnjem	110
věděnju	110
dohoditi	110
grn	110
stvor	110
měr	110
měrah	110
měram	110
měrami	110
měro	110
měroju	110
měru	110
měry	110
měrě	110
prědstavitelja	110
prědstaviteljah	110
prědstaviteljam	110
prědstaviteljami	110
prědstaviteljem	110
prědstaviteljev	110
prědstavitelji	110
prědstavitelju	110
vědomostah	110
vědomostam	110
vědomostami	110
vědomosti	110
vědomostij	110
vědomostju	110
koryto	110
prědvečer	110
kogokoli	110
komkoli	110
komukoli	110
kymkoli	110
avtomatizacija	110
hamburger	110
mozgovy	110
slovosbor	110
vozrasti	110
faks	110
krvavjenje	110
lampa	110
banana	110
bananah	110
bananam	110
bananami	110
banane	110
bananom	110
bananov	110
bananu	110
banany	110
Bordo	110
Nil	110
distribucija	110
ostavka	110
prěslědovanje	110
roditi	110
bakterija	110
dekovati	110
prědpoklada	110
prědpokladah	110
prědpokladam	110
prědpokladami	110
prědpoklade	110
prědpokladom	110
prědpokladov	110
prědpokladu	110
prědpoklady	110
bojka	110
grb	110
kydati	110
odtěkati	110
vlastnik	110
čudži	110
šantaž	110
městopoloženij	110
městopoloženja	110
městopoloženjah	110
městopoloženjam	110
městopoloženjami	110
městopoloženjem	110
městopoloženju	110
praha	110
prahah	110
praham	110
prahami	110
prahom	110
prahov	110
prahu	110
prahy	110
praše	110
vesen	110
vesnah	110
vesnam	110
vesnami	110
vesno	110
vesnoju	110
vesnu	110
vesny	110
vesně	110
solidny	110
živopis	110
asa	110
asah	110
asam	110
asami	110
ase	110
asom	110
asov	110
asu	110
asy	110
diagram	110
domče	110
nemožnost	110
maner	110
manerah	110
maneram	110
manerami	110
manero	110
maneroju	110
maneru	110
manery	110
manerě	110
gama	110
administracij	110
administracijah	110
administracijam	110
administracijami	110
administracije	110
administracijeju	110
administraciji	110
administracijo	110
administraciju	110
zabran	110
zabranah	110
zabranam	110
zabranami	110
zabrano	110
zabranoju	110
zabranu	110
zabrany	110
zabraně	110
igrašna	110
iluzija	110
oranževy	110
ovoč	110
podjeti	110
vodorod	110
vyšina	110
admirala	110
admiralah	110
admiralam	110
admiralami	110
admirale	110
admirali	110
admiralom	110
admiralov	110
admiralu	110
minula	110
minule	110
minuli	110
minulo	110
minulogo	110
minuloj	110
minuloju	110
minulom	110
minulomu	110
minulu	110
minulyh	110
minulym	110
minulymi	110
minulěje	110
minulějši	110
odbere	110
odberem	110
odberema	110
odberemo	110
odberemy	110
odberete	110
odbereš	110
odberi	110
odberimo	110
odberite	110
odberu	110
odberut	110
odberuča	110
odberuče	110
odberuči	110
odbrah	110
odbrahmo	110
odbrahu	110
odbral	110
odbrala	110
odbrali	110
odbralo	110
odbrana	110
odbranje	110
odbrano	110
odbrany	110
odbraste	110
odbravša	110
odbravše	110
odbravši	110
odbraše	110
narysovati	110
prěžiti	110
zadny	110
čip	110
detalja	110
detaljah	110
detaljam	110
detaljami	110
detalje	110
detaljem	110
detaljev	110
detalju	110
vysokoskoka	110
vysokoskokah	110
vysokoskokam	110
vysokoskokami	110
vysokoskokom	110
vysokoskokov	110
vysokoskoku	110
vysokoskoky	110
vysokoskoče	110
eksperta	110
ekspertah	110
ekspertam	110
ekspertami	110
eksperte	110
eksperti	110
ekspertom	110
ekspertov	110
ekspertu	110
filozofa	110
filozofah	110
filozofam	110
filozofami	110
filozofe	110
filozofi	110
filozofom	110
filozofov	110
filozofu	110
vněšna	110
vněšne	110
vněšni	110
vněšnja	110
vněšnje	110
vněšnjego	110
vněšnjej	110
vněšnjeje	110
vněšnjeju	110
vněšnjejši	110
vněšnjem	110
vněšnjemu	110
vněšnjih	110
vněšnjim	110
vněšnjimi	110
vněšnju	110
vněšno	110
vněšnogo	110
vněšnoj	110
vněšnoju	110
vněšnom	110
vněšnomu	110
vněšnu	110
vněšnyh	110
vněšnym	110
vněšnymi	110
vněšněje	110
vněšnějši	110
ščita	110
ščitah	110
ščitam	110
ščitami	110
ščite	110
ščitom	110
ščitov	110
ščitu	110
ščity	110
jedrny	110
vladati	110
vladěti	110
zapoznati	110
dostigne	110
dostignem	110
dostignema	110
dostignemo	110
dostignemy	110
dostignete	110
dostigneš	110
dostigni	110
dostignimo	110
dostignite	110
dostignu	110
dostignuh	110
dostignuhmo	110
dostignuhu	110
dostignul	110
dostignula	110
dostignuli	110
dostignulo	110
dostignuste	110
dostignut	110
dostignuta	110
dostignutje	110
dostignuto	110
dostignuty	110
dostignuvša	110
dostignuvše	110
dostignuvši	110
dostignuča	110
dostignuče	110
dostignuči	110
dostignuše	110
korpus	110
nastěž	110
velžnost	110
kavarnja	110
potencialjny	110
struja	110
odpravet	110
odpraveča	110
odpraveče	110
odpraveči	110
odpravi	110
odpravih	110
odpravihmo	110
odpravihu	110
odpravil	110
odpravila	110
odpravili	110
odpravilo	110
odpravim	110
odpravima	110
odpravimo	110
odpravimy	110
odpraviste	110
odpravite	110
odpravivša	110
odpravivše	110
odpravivši	110
odpraviš	110
odpraviše	110
odpravjena	110
odpravjenje	110
odpravjeno	110
odpravjeny	110
odpravju	110
legion	110
moh	110
gladna	110
gladne	110
gladni	110
gladno	110
gladnogo	110
gladnoj	110
gladnoju	110
gladnom	110
gladnomu	110
gladnu	110
gladnyh	110
gladnym	110
gladnymi	110
gladněje	110
gladnějši	110
tekuča	110
tekuče	110
tekučego	110
tekučej	110
tekučeje	110
tekučeju	110
tekučejši	110
tekučem	110
tekučemu	110
tekučih	110
tekučim	110
tekučimi	110
tekuču	110
toka	110
tokah	110
tokam	110
tokami	110
tokom	110
tokov	110
toku	110
toky	110
toče	110
dožda	110
doždah	110
doždam	110
doždami	110
dožde	110
doždem	110
doždev	110
doždu	110
osobnostah	110
osobnostam	110
osobnostami	110
osobnosti	110
osobnostij	110
osobnostju	110
blondinka	110
instrukcija	110
memorandum	110
mladčik	110
papugaj	110
prijmajuča	110
uskorjenje	110
vlažny	110
volgky	110
benzina	110
benzinah	110
benzinam	110
benzinami	110
benzine	110
benzinom	110
benzinov	110
benzinu	110
benziny	110
reklam	110
reklamah	110
reklamam	110
reklamami	110
reklamo	110
reklamoju	110
reklamu	110
reklamy	110
reklamě	110
smsa	110
smsah	110
smsam	110
smsami	110
smse	110
smsom	110
smsov	110
smsu	110
smsy	110
vnuka	110
vnukah	110
vnukam	110
vnukami	110
vnuki	110
vnukom	110
vnukov	110
vnuku	110
vnuče	110
koledža	110
koledžah	110
koledžam	110
koledžami	110
koledže	110
koledžem	110
koledžev	110
koledžu	110
turistična	110
turistične	110
turistični	110
turistično	110
turističnogo	110
turističnoj	110
turističnoju	110
turističnom	110
turističnomu	110
turističnu	110
turističnyh	110
turističnym	110
turističnymi	110
turističněje	110
turističnějši	110
dolgočasny	110
izvinjati	110
medža	110
plač	110
postojanno	110
priteglivy	110
ravnoměrno	110
zator	110
diskusij	110
diskusijah	110
diskusijam	110
diskusijami	110
diskusije	110
diskusijeju	110
diskusiji	110
diskusijo	110
diskusiju	110
tvor	110
veteran	110
koristami	110
koristi	110
koristij	110
koristju	110
nošenja	110
nošenjem	110
nošenju	110
redaktora	110
redaktorah	110
redaktoram	110
redaktorami	110
redaktore	110
redaktori	110
redaktorom	110
redaktorov	110
redaktoru	110
registracij	110
registracijah	110
registracijam	110
registracijami	110
registracije	110
registracijeju	110
registraciji	110
registracijo	110
registraciju	110
skandala	110
skandalah	110
skandalam	110
skandalami	110
skandale	110
skandalom	110
skandalov	110
skandalu	110
skandaly	110
tvorb	110
tvorbah	110
tvorbam	110
tvorbami	110
tvorbo	110
tvorboju	110
tvorbu	110
tvorby	110
tvorbě	110
holivudsky	110
jestvovati	110
gorje	110
pocělunka	110
pocělunkah	110
pocělunkam	110
pocělunkami	110
pocělunkom	110
pocělunkov	110
pocělunku	110
pocělunky	110
pocělunče	110
zle	110
zli	110
zlogo	110
zloj	110
zloju	110
zlomu	110
zlyh	110
zlym	110
zlymi	110
Zagreb	110
arheolog	110
ideologij	110
ideologijah	110
ideologijam	110
ideologijami	110
ideologije	110
ideologijeju	110
ideologiji	110
ideologijo	110
ideologiju	110
poručnika	110
poručnikah	110
poručnikam	110
poručnikami	110
poručniki	110
poručnikom	110
poručnikov	110
poručniku	110
poručniče	110
postojanny	110
sokola	110
sokolah	110
sokolam	110
sokolami	110
sokole	110
sokoli	110
sokolom	110
sokolov	110
sokolu	110
čudna	110
čudne	110
čudni	110
čudnogo	110
čudnoj	110
čudnoju	110
čudnom	110
čudnomu	110
čudnu	110
čudnyh	110
čudnym	110
čudnymi	110
čudněje	110
čudnějši	110
pripravet	110
pripraveča	110
pripraveče	110
pripraveči	110
pripravi	110
pripravih	110
pripravihmo	110
pripravihu	110
pripravil	110
pripravila	110
pripravili	110
pripravilo	110
pripravim	110
pripravima	110
pripravimo	110
pripravimy	110
pripraviste	110
pripravite	110
pripravivša	110
pripravivše	110
pripravivši	110
pripraviš	110
pripraviše	110
pripravjena	110
pripravjenje	110
pripravjeno	110
pripravjeny	110
pripravju	110
alkoholizm	110
nalet	110
pojaviti	110
uskoriti	110
gesta	109
gestah	109
gestam	109
gestami	109
geste	109
gestom	109
gestov	109
gestu	109
gesty	109
značna	109
značne	109
značni	109
značnogo	109
značnoj	109
značnoju	109
značnom	109
značnomu	109
značnu	109
značnyh	109
značnym	109
značnymi	109
značněje	109
značnějši	109
izglasiti	109
lipa	109
restoran	109
zamok	109
zavisny	109
kuhnej	109
kuhnjah	109
kuhnjam	109
kuhnjami	109
kuhnje	109
kuhnjeju	109
kuhnji	109
kuhnjo	109
kuhnju	109
sodrža	109
sodržah	109
sodržahmo	109
sodržahu	109
sodržaj	109
sodržaje	109
sodržajema	109
sodržajemo	109
sodržajemy	109
sodržajete	109
sodržaješ	109
sodržajmo	109
sodržajte	109
sodržaju	109
sodržajut	109
sodržajuča	109
sodržajuče	109
sodržajuči	109
sodržal	109
sodržala	109
sodržali	109
sodržalo	109
sodržam	109
sodržama	109
sodržamo	109
sodržamy	109
sodržana	109
sodržano	109
sodržany	109
sodržaste	109
sodržate	109
sodržavša	109
sodržavše	109
sodržavši	109
sodržaš	109
sodržaše	109
karton	109
uroditi	109
žolv	109
motivacij	109
motivacijah	109
motivacijam	109
motivacijami	109
motivacije	109
motivacijeju	109
motivaciji	109
motivacijo	109
motivaciju	109
demografičny	109
obručka	109
odkryti	109
razigrati	109
religiozny	109
vpad	109
majstra	109
majstrah	109
majstram	109
majstrami	109
majstre	109
majstri	109
majstrom	109
majstrov	109
majstru	109
čolna	109
čolnah	109
čolnam	109
čolnami	109
čolne	109
čolnom	109
čolnov	109
čolnu	109
čolny	109
niderlandsky	109
oddanost	109
odpuska	109
odpuskah	109
odpuskam	109
odpuskami	109
odpuskom	109
odpuskov	109
odpusku	109
odpusky	109
odpusče	109
podtiskanje	109
podvig	109
propustiti	109
carstv	109
carstva	109
carstvah	109
carstvam	109
carstvami	109
carstvom	109
carstvu	109
civilizacij	109
civilizacijah	109
civilizacijam	109
civilizacijami	109
civilizacije	109
civilizacijeju	109
civilizaciji	109
civilizacijo	109
civilizaciju	109
naočil	109
naočilah	109
naočilam	109
naočilami	109
okuljarah	109
okuljaram	109
okuljarami	109
okuljarov	109
probovah	109
probovahmo	109
probovahu	109
proboval	109
probovala	109
probovali	109
probovalo	109
probovana	109
probovanje	109
probovano	109
probovany	109
probovaste	109
probovavša	109
probovavše	109
probovavši	109
probovaše	109
probuj	109
probuje	109
probujem	109
probujema	109
probujemo	109
probujemy	109
probujete	109
probuješ	109
probujmo	109
probujte	109
probuju	109
probujut	109
probujuča	109
probujuče	109
probujuči	109
motylik	109
motylj	109
navezyvati	109
pojedinny	109
privilegija	109
umno	109
dozvolet	109
dozvoleča	109
dozvoleče	109
dozvoleči	109
dozvoli	109
dozvolih	109
dozvolihmo	109
dozvolihu	109
dozvolil	109
dozvolila	109
dozvolili	109
dozvolilo	109
dozvolim	109
dozvolima	109
dozvolimo	109
dozvolimy	109
dozvoliste	109
dozvolite	109
dozvolivša	109
dozvolivše	109
dozvolivši	109
dozvoliš	109
dozvoliše	109
dozvoljena	109
dozvoljeno	109
dozvoljeny	109
dozvolju	109
proryva	109
proryvah	109
proryvam	109
proryvami	109
proryve	109
proryvom	109
proryvov	109
proryvu	109
proryvy	109
lěkarsky	109
evolucije	109
evolucijeju	109
evoluciji	109
evolucijo	109
evoluciju	109
lejtenanta	109
lejtenantah	109
lejtenantam	109
lejtenantami	109
lejtenante	109
lejtenanti	109
lejtenantom	109
lejtenantov	109
lejtenantu	109
grah	109
individualjny	109
měšati	109
obiljno	109
obyčajny	109
samec	109
memoriala	109
memorialah	109
memorialam	109
memorialami	109
memoriale	109
memorialom	109
memorialov	109
memorialu	109
memorialy	109
městnostah	109
městnostam	109
městnostami	109
městnosti	109
městnostij	109
městnostju	109
zadanij	109
zadanja	109
zadanjah	109
zadanjam	109
zadanjami	109
zadanjem	109
zadanju	109
nazove	109
nazovem	109
nazovema	109
nazovemo	109
nazovemy	109
nazovete	109
nazoveš	109
nazovi	109
nazovimo	109
nazovite	109
nazovu	109
nazovut	109
nazovuča	109
nazovuče	109
nazovuči	109
nazvahmo	109
nazvahu	109
nazval	109
nazvala	109
nazvali	109
nazvalo	109
nazvaste	109
nazvavša	109
nazvavše	109
nazvavši	109
nazvaše	109
indijska	109
indijske	109
indijski	109
indijsko	109
indijskogo	109
indijskoj	109
indijskoju	109
indijskom	109
indijskomu	109
indijsku	109
indijskyh	109
indijskym	109
indijskymi	109
obrazovateljna	109
obrazovateljne	109
obrazovateljni	109
obrazovateljno	109
obrazovateljnogo	109
obrazovateljnoj	109
obrazovateljnoju	109
obrazovateljnom	109
obrazovateljnomu	109
obrazovateljnu	109
obrazovateljnyh	109
obrazovateljnym	109
obrazovateljnymi	109
obrazovateljněje	109
obrazovateljnějši	109
težje	109
težka	109
težke	109
težki	109
težkogo	109
težkoj	109
težkoju	109
težkom	109
težkomu	109
težku	109
težkyh	109
težkym	109
težkymi	109
težši	109
Dakota	109
jednoznačno	109
prědstavjati	109
specifikacija	109
šampanjsko	109
avtostrahovka	109
nedostatočnost	109
polica	109
raport	109
tematičny	109
deševa	109
deševe	109
deševi	109
deševo	109
deševogo	109
deševoj	109
deševoju	109
deševom	109
deševomu	109
deševu	109
deševyh	109
deševym	109
deševymi	109
deševěje	109
deševějši	109
edukacije	109
edukacijeju	109
edukaciji	109
edukacijo	109
edukaciju	109
lagera	109
lagerah	109
lageram	109
lagerami	109
lagere	109
lagerem	109
lagerev	109
lageru	109
uniščenij	109
uniščenja	109
uniščenjah	109
uniščenjam	109
uniščenjami	109
uniščenjem	109
uniščenju	109
kosmos	109
skory	109
barviv	109
barviva	109
barvivah	109
barvivam	109
barvivami	109
barvivom	109
barvivu	109
akumulator	109
osoblivo	109
trilogija	109
žrtvovati	109
diet	109
dietah	109
dietam	109
dietami	109
dieto	109
dietoju	109
dietu	109
diety	109
dietě	109
oblěčenij	109
oblěčenja	109
oblěčenjah	109
oblěčenjam	109
oblěčenjami	109
oblěčenjem	109
oblěčenju	109
vrgati	109
izpih	109
izpihmo	109
izpihu	109
izpij	109
izpije	109
izpijem	109
izpijema	109
izpijemo	109
izpijemy	109
izpijete	109
izpiješ	109
izpijmo	109
izpijte	109
izpiju	109
izpijut	109
izpijuča	109
izpijuče	109
izpijuči	109
izpil	109
izpila	109
izpili	109
izpilo	109
izpiste	109
izpita	109
izpitje	109
izpito	109
izpity	109
izpivša	109
izpivše	109
izpivši	109
izpiše	109
konsula	109
konsulah	109
konsulam	109
konsulami	109
konsule	109
konsuli	109
konsulom	109
konsulov	109
konsulu	109
sjeh	109
sjehmo	109
sjehu	109
sjel	109
sjela	109
sjeli	109
sjelo	109
sjeste	109
sjeta	109
sjetje	109
sjeto	109
sjety	109
sjevša	109
sjevše	109
sjevši	109
sješe	109
sojme	109
sojmem	109
sojmema	109
sojmemo	109
sojmemy	109
sojmete	109
sojmeš	109
sojmi	109
sojmimo	109
sojmite	109
sojmu	109
sojmut	109
sojmuča	109
sojmuče	109
sojmuči	109
zločina	109
zločinah	109
zločinam	109
zločinami	109
zločine	109
zločinom	109
zločinov	109
zločinu	109
zločiny	109
Kuvejt	109
imunitet	109
oděv	109
bazara	109
bazarah	109
bazaram	109
bazarami	109
bazare	109
bazarom	109
bazarov	109
bazaru	109
bazary	109
delegacij	109
delegacijah	109
delegacijam	109
delegacijami	109
delegacije	109
delegacijeju	109
delegaciji	109
delegacijo	109
delegaciju	109
kolektiva	109
kolektivah	109
kolektivam	109
kolektivami	109
kolektive	109
kolektivom	109
kolektivov	109
kolektivu	109
kolektivy	109
raziskyvanij	109
raziskyvanja	109
raziskyvanjah	109
raziskyvanjam	109
raziskyvanjami	109
raziskyvanjem	109
raziskyvanju	109
želěza	109
želězom	109
želězu	109
blizneci	109
evakuacija	109
prohodny	109
zavist	109
jelen	109
jelenah	109
jelenam	109
jelenami	109
jelene	109
jelenem	109
jelenev	109
jeleni	109
jelenja	109
jelenjah	109
jelenjam	109
jelenjami	109
jelenje	109
jelenjem	109
jelenjev	109
jelenju	109
vozrastle	109
vozrastlo	109
vozrastloj	109
vozrastloju	109
vozrastlyh	109
vozrastlym	109
vozrastlymi	109
poštna	109
poštne	109
poštni	109
poštno	109
poštnogo	109
poštnoj	109
poštnoju	109
poštnom	109
poštnomu	109
poštnu	109
poštnyh	109
poštnym	109
poštnymi	109
poštněje	109
poštnějši	109
dnevnica	109
drěvny	109
prinositi	109
šminka	109
fantazij	109
fantazijah	109
fantazijam	109
fantazijami	109
fantazije	109
fantazijeju	109
fantaziji	109
fantazijo	109
fantaziju	109
stavet	109
staveča	109
staveče	109
staveči	109
stavi	109
stavih	109
stavihmo	109
stavihu	109
stavil	109
stavila	109
stavili	109
stavilo	109
stavim	109
stavima	109
stavimo	109
stavimy	109
staviste	109
stavite	109
stavivša	109
stavivše	109
stavivši	109
staviš	109
staviše	109
stavjena	109
stavjenje	109
stavjeno	109
stavjeny	109
stavju	109
sutrudničstva	109
sutrudničstvom	109
sutrudničstvu	109
Rejn	109
cěniti	109
moskovsky	109
potrěbno	109
razlikovati	109
složiti	109
začinati	109
paragrafa	109
paragrafah	109
paragrafam	109
paragrafami	109
paragrafe	109
paragrafom	109
paragrafov	109
paragrafu	109
paragrafy	109
požedanij	109
požedanja	109
požedanjah	109
požedanjam	109
požedanjami	109
požedanjem	109
požedanju	109
brěme	109
nyrka	109
vojak	109
dolžnik	109
vzajemodějstvo	109
jezdca	109
jezdcah	109
jezdcam	109
jezdcami	109
jezdcem	109
jezdcev	109
jezdci	109
jezdcu	109
jezdče	109
doseženje	109
izgovor	109
obniziti	109
pasta	109
zubna	109
črt	109
glada	109
gladah	109
gladam	109
gladami	109
glade	109
gladom	109
gladov	109
gladu	109
glady	109
kontrolovah	109
kontrolovahmo	109
kontrolovahu	109
kontroloval	109
kontrolovala	109
kontrolovali	109
kontrolovalo	109
kontrolovana	109
kontrolovanje	109
kontrolovano	109
kontrolovany	109
kontrolovaste	109
kontrolovavša	109
kontrolovavše	109
kontrolovavši	109
kontrolovaše	109
kontroluj	109
kontroluje	109
kontrolujem	109
kontrolujema	109
kontrolujemo	109
kontrolujemy	109
kontrolujete	109
kontroluješ	109
kontrolujmo	109
kontrolujte	109
kontroluju	109
kontrolujut	109
kontrolujuča	109
kontrolujuče	109
kontrolujuči	109
dočasny	109
odpovědaljno	109
ostavati	109
izvěstij	109
izvěstja	109
izvěstjah	109
izvěstjam	109
izvěstjami	109
izvěstjem	109
izvěstju	109
koristnika	109
koristnikah	109
koristnikam	109
koristnikami	109
koristniki	109
koristnikom	109
koristnikov	109
koristniku	109
koristniče	109
obvezka	109
obvezkah	109
obvezkam	109
obvezkami	109
obvezkom	109
obvezkov	109
obvezku	109
obvezky	109
obvezče	109
anomalija	109
nastoječi	109
korporacij	109
korporacijah	109
korporacijam	109
korporacijami	109
korporacije	109
korporacijeju	109
korporaciji	109
korporacijo	109
korporaciju	109
živa	109
živogo	109
živoj	109
živoju	109
živom	109
živomu	109
živyh	109
živym	109
živymi	109
živěje	109
živějši	109
malenje	109
malenjka	109
malenjke	109
malenjki	109
malenjko	109
malenjkogo	109
malenjkoj	109
malenjkoju	109
malenjkom	109
malenjkomu	109
malenjku	109
malenjkyh	109
malenjkym	109
malenjkymi	109
malenjši	109
razuměnij	109
razuměnja	109
razuměnjah	109
razuměnjam	109
razuměnjami	109
razuměnjem	109
razuměnju	109
arešta	109
arešte	109
areštom	109
areštu	109
goluba	109
golubah	109
golubam	109
golubami	109
golube	109
golubi	109
golubom	109
golubov	109
golubu	109
ploda	109
plodah	109
plodam	109
plodami	109
plode	109
plodom	109
plodov	109
plodu	109
plody	109
kladec	109
kladez	109
kupola	109
oaza	109
skryti	109
zavratiti	109
rastlinny	109
pristanišč	109
pristanišča	109
pristaniščah	109
pristaniščam	109
pristaniščami	109
pristaniščem	109
pristanišču	109
kokot	109
kvartal	109
strěljati	109
kralika	109
kralikah	109
kralikam	109
kralikami	109
kraliki	109
kralikom	109
kralikov	109
kraliku	109
kraliče	109
handbol	109
jogurt	109
niša	109
dug	109
dugah	109
dugam	109
dugami	109
dugo	109
dugoju	109
dugu	109
dugy	109
dugě	109
ljuda	109
ljude	109
ljudom	109
ljudov	109
ljudu	109
ljudy	109
vědnostah	109
vědnostam	109
vědnostami	109
vědnosti	109
vědnostij	109
vědnostju	109
gravitacija	109
kmotr	109
krestny	109
prosvět	109
prosvětah	109
prosvětam	109
prosvětami	109
prosvěto	109
prosvětoju	109
prosvětu	109
prosvěty	109
prosvětě	109
truda	109
trudah	109
trudam	109
trudami	109
trude	109
trudom	109
trudov	109
trudu	109
trudy	109
državnik	109
imeniny	109
kanoe	109
kontinent	109
nevoljnik	109
naft	109
naftah	109
naftam	109
naftami	109
nafto	109
naftoju	109
naftu	109
nafty	109
naftě	109
omužena	109
omuženje	109
omuženo	109
omuženy	109
omužet	109
omužeča	109
omužeče	109
omužeči	109
omuži	109
omužih	109
omužihmo	109
omužihu	109
omužil	109
omužila	109
omužili	109
omužilo	109
omužim	109
omužima	109
omužimo	109
omužimy	109
omužiste	109
omužite	109
omuživša	109
omuživše	109
omuživši	109
omužiš	109
omužiše	109
omužu	109
maljar	109
měrjenje	109
pauza	109
pest	109
pingvin	109
prijaviti	109
pričiniti	109
proizvoditi	109
algoritma	109
algoritmah	109
algoritmam	109
algoritmami	109
algoritme	109
algoritmom	109
algoritmov	109
algoritmu	109
algoritmy	109
deklaracij	109
deklaracijah	109
deklaracijam	109
deklaracijami	109
deklaracije	109
deklaracijeju	109
deklaraciji	109
deklaracijo	109
deklaraciju	109
kapust	109
kapustah	109
kapustam	109
kapustami	109
kapusto	109
kapustoju	109
kapustu	109
kapusty	109
kapustě	109
vdečna	109
vdečne	109
vdečni	109
vdečno	109
vdečnogo	109
vdečnoj	109
vdečnoju	109
vdečnom	109
vdečnomu	109
vdečnu	109
vdečnyh	109
vdečnym	109
vdečnymi	109
vdečněje	109
vdečnějši	109
najbogatši	109
ohladženje	109
prinosa	109
prinosah	109
prinosam	109
prinosami	109
prinose	109
prinosom	109
prinosov	109
prinosu	109
prinosy	109
ekvivalent	109
parovoz	109
pravdopodobnost	109
prověrjati	109
tajsky	109
izigranja	109
izigranjem	109
izigranju	109
bogatstvo	109
mineral	109
mys	109
početkujuči	109
verš	109
ostrěženij	109
ostrěženja	109
ostrěženjah	109
ostrěženjam	109
ostrěženjami	109
ostrěženjem	109
ostrěženju	109
pokoljenij	109
pokoljenja	109
pokoljenjah	109
pokoljenjam	109
pokoljenjami	109
pokoljenjem	109
pokoljenju	109
vlasa	109
vlasah	109
vlasam	109
vlasami	109
vlase	109
vlasom	109
vlasov	109
vlasu	109
vlasy	109
Lisabon	109
agentura	109
neščestje	109
bagaža	109
bagažah	109
bagažam	109
bagažami	109
bagaže	109
bagažem	109
bagažev	109
bagažu	109
crkovju	109
crkve	109
crkvi	109
crkvij	109
orientacij	109
orientacijah	109
orientacijam	109
orientacijami	109
orientacije	109
orientacijeju	109
orientaciji	109
orientacijo	109
orientaciju	109
pěvanja	109
pěvanjem	109
pěvanju	109
puding	109
radikaljny	109
grudah	109
grudam	109
grudami	109
grudi	109
grudij	109
grudju	109
lětna	109
lětne	109
lětni	109
lětnja	109
lětnje	109
lětnjego	109
lětnjej	109
lětnjeje	109
lětnjeju	109
lětnjejši	109
lětnjem	109
lětnjemu	109
lětnjih	109
lětnjim	109
lětnjimi	109
lětnju	109
lětno	109
lětnogo	109
lětnoj	109
lětnoju	109
lětnom	109
lětnomu	109
lětnu	109
lětnyh	109
lětnym	109
lětnymi	109
lětněje	109
lětnějši	109
Jugoslavija	109
mol	109
mrkva	109
odpuščati	109
udržati	109
trudna	109
trudne	109
trudni	109
trudno	109
trudnogo	109
trudnoj	109
trudnoju	109
trudnom	109
trudnomu	109
trudnu	109
trudnyh	109
trudnym	109
trudnymi	109
trudněje	109
trudnějši	109
specializacija	109
identiteta	109
identitete	109
identitetom	109
identitetu	109
izpolnet	109
izpolneča	109
izpolneče	109
izpolneči	109
izpolni	109
izpolnih	109
izpolnihmo	109
izpolnihu	109
izpolnil	109
izpolnila	109
izpolnili	109
izpolnilo	109
izpolnim	109
izpolnima	109
izpolnimo	109
izpolnimy	109
izpolniste	109
izpolnite	109
izpolnivša	109
izpolnivše	109
izpolnivši	109
izpolniš	109
izpolniše	109
izpolnjena	109
izpolnjeno	109
izpolnjeny	109
izpolnju	109
pijana	109
pijane	109
pijani	109
pijano	109
pijanogo	109
pijanoj	109
pijanoju	109
pijanom	109
pijanomu	109
pijanu	109
pijanyh	109
pijanym	109
pijanymi	109
pijaněje	109
pijanějši	109
probka	109
probkah	109
probkam	109
probkami	109
probkom	109
probkov	109
probku	109
probky	109
probče	109
emocionaljny	109
provodžati	109
prědpoložiti	109
směs	109
lěvic	109
lěvicah	109
lěvicam	109
lěvicami	109
lěvice	109
lěviceju	109
lěvici	109
lěvico	109
lěvicu	109
bibliotek	108
bibliotekah	108
bibliotekam	108
bibliotekami	108
biblioteko	108
bibliotekoju	108
biblioteku	108
biblioteky	108
bibliotekě	108
kopij	108
kopijah	108
kopijam	108
kopijami	108
kopije	108
kopijeju	108
kopiji	108
kopijo	108
kopiju	108
sobytja	108
sobytjah	108
sobytjam	108
sobytjami	108
sobytjem	108
sobytju	108
zatrima	108
zatrimah	108
zatrimahmo	108
zatrimahu	108
zatrimaj	108
zatrimaje	108
zatrimajema	108
zatrimajemo	108
zatrimajemy	108
zatrimajete	108
zatrimaješ	108
zatrimajmo	108
zatrimajte	108
zatrimaju	108
zatrimajut	108
zatrimajuča	108
zatrimajuče	108
zatrimajuči	108
zatrimal	108
zatrimala	108
zatrimali	108
zatrimalo	108
zatrimam	108
zatrimama	108
zatrimamo	108
zatrimamy	108
zatrimana	108
zatrimanje	108
zatrimano	108
zatrimany	108
zatrimaste	108
zatrimate	108
zatrimavša	108
zatrimavše	108
zatrimavši	108
zatrimaš	108
zatrimaše	108
koren	108
korenah	108
korenam	108
korenami	108
korene	108
korenem	108
korenev	108
koreni	108
korenja	108
korenjah	108
korenjam	108
korenjami	108
korenje	108
korenjem	108
korenjev	108
korenju	108
provincij	108
provincijah	108
provincijam	108
provincijami	108
provincije	108
provincijeju	108
provinciji	108
provincijo	108
provinciju	108
sovrěmenna	108
sovrěmenne	108
sovrěmenni	108
sovrěmenno	108
sovrěmennogo	108
sovrěmennoj	108
sovrěmennoju	108
sovrěmennom	108
sovrěmennomu	108
sovrěmennu	108
sovrěmennyh	108
sovrěmennym	108
sovrěmennymi	108
sovrěmenněje	108
sovrěmennějši	108
GNP	108
Gruby	108
Nacionaljny	108
Produkt	108
dovoz	108
narěkati	108
očiščenje	108
žart	108
kladivo	108
litr	108
pokoriti	108
seksualjny	108
drěvěna	108
drěvěne	108
drěvěni	108
drěvěno	108
drěvěnogo	108
drěvěnoj	108
drěvěnoju	108
drěvěnom	108
drěvěnomu	108
drěvěnu	108
drěvěnyh	108
drěvěnym	108
drěvěnymi	108
drěvěněje	108
drěvěnějši	108
terorizma	108
terorizme	108
terorizmom	108
terorizmu	108
tipična	108
tipične	108
tipični	108
tipičnogo	108
tipičnoj	108
tipičnoju	108
tipičnom	108
tipičnomu	108
tipičnu	108
tipičnyh	108
tipičnym	108
tipičnymi	108
tipičněje	108
tipičnějši	108
prvonačeljny	108
prědok	108
titan	108
fantastična	108
fantastične	108
fantastični	108
fantastično	108
fantastičnogo	108
fantastičnoj	108
fantastičnoju	108
fantastičnom	108
fantastičnomu	108
fantastičnu	108
fantastičnyh	108
fantastičnym	108
fantastičnymi	108
fantastičněje	108
fantastičnějši	108
susěda	108
susědah	108
susědam	108
susědami	108
susěde	108
susědi	108
susědom	108
susědov	108
susědu	108
prědhodny	108
biznesmena	108
biznesmenah	108
biznesmenam	108
biznesmenami	108
biznesmene	108
biznesmeni	108
biznesmenom	108
biznesmenov	108
biznesmenu	108
prida	108
pridadoma	108
pridadomo	108
pridadomy	108
pridadut	108
pridaduča	108
pridaduče	108
pridaduči	108
pridah	108
pridahmo	108
pridahu	108
pridaj	108
pridajmo	108
pridajte	108
pridal	108
pridala	108
pridali	108
pridalo	108
pridam	108
pridamo	108
pridana	108
pridanje	108
pridano	108
pridany	108
pridaste	108
pridate	108
pridavša	108
pridavše	108
pridavši	108
pridaš	108
pridaše	108
primirij	108
primirja	108
primirjah	108
primirjam	108
primirjami	108
primirjem	108
primirju	108
kara	108
naslědstv	108
naslědstva	108
naslědstvah	108
naslědstvam	108
naslědstvami	108
naslědstvom	108
naslědstvu	108
prohodet	108
prohodeča	108
prohodeče	108
prohodeči	108
prohodi	108
prohodih	108
prohodihmo	108
prohodihu	108
prohodil	108
prohodila	108
prohodili	108
prohodilo	108
prohodim	108
prohodima	108
prohodimo	108
prohodimy	108
prohodiste	108
prohodite	108
prohodivša	108
prohodivše	108
prohodivši	108
prohodiš	108
prohodiše	108
prohodžena	108
prohodženje	108
prohodženo	108
prohodženy	108
prohodžu	108
klinik	108
klinikah	108
klinikam	108
klinikami	108
kliniko	108
klinikoju	108
kliniku	108
kliniky	108
klinikě	108
kraljeve	108
kraljevi	108
kraljevogo	108
kraljevoj	108
kraljevom	108
kraljevomu	108
kraljevyh	108
kraljevym	108
kraljevymi	108
kraljevěje	108
kraljevějši	108
sov	108
sovah	108
sovam	108
sovami	108
sovo	108
sovoju	108
sovu	108
sovy	108
sově	108
Bratislava	108
instruktor	108
obyčajno	108
razděl	108
vozniknenje	108
zdrav	108
himna	108
himnah	108
himnam	108
himnami	108
himne	108
himnom	108
himnov	108
himnu	108
himny	108
kysloroda	108
kyslorode	108
kyslorodom	108
kyslorodu	108
počeh	108
počehmo	108
počehu	108
počel	108
počela	108
počeli	108
počelo	108
počeste	108
početa	108
početje	108
početo	108
počety	108
počevša	108
počevše	108
počevši	108
počeše	108
počne	108
počnem	108
počnema	108
počnemo	108
počnemy	108
počnete	108
počneš	108
počni	108
počnimo	108
počnite	108
počnu	108
počnut	108
počnuča	108
počnuče	108
počnuči	108
skarba	108
skarbah	108
skarbam	108
skarbami	108
skarbe	108
skarbom	108
skarbov	108
skarbu	108
skarby	108
džinsy	108
kaš	108
kašah	108
kašam	108
kašami	108
kaše	108
kašeju	108
kaši	108
kašo	108
kašu	108
spěvanja	108
spěvanjem	108
spěvanju	108
blato	108
roditeljsky	108
zamuž	108
central	108
centralah	108
centralam	108
centralami	108
centralo	108
centraloju	108
centralu	108
centraly	108
centralě	108
bogoslužba	108
primitivny	108
pritok	108
veverica	108
lovitelja	108
loviteljah	108
loviteljam	108
loviteljami	108
loviteljem	108
loviteljev	108
lovitelji	108
lovitelju	108
povoljny	108
sbirati	108
zoologičny	108
baterij	108
baterijah	108
baterijam	108
baterijami	108
baterije	108
baterijeju	108
bateriji	108
baterijo	108
bateriju	108
deserta	108
desertah	108
desertam	108
desertami	108
deserte	108
desertom	108
desertov	108
desertu	108
deserty	108
pozove	108
pozovem	108
pozovema	108
pozovemo	108
pozovemy	108
pozovete	108
pozoveš	108
pozovi	108
pozovimo	108
pozovite	108
pozovu	108
pozovut	108
pozovuča	108
pozovuče	108
pozovuči	108
pozvah	108
pozvahmo	108
pozvahu	108
pozval	108
pozvala	108
pozvali	108
pozvalo	108
pozvana	108
pozvano	108
pozvany	108
pozvaste	108
pozvavša	108
pozvavše	108
pozvavši	108
pozvaše	108
prijateljek	108
prijateljkah	108
prijateljkam	108
prijateljkami	108
prijateljko	108
prijateljkoju	108
prijateljku	108
prijateljky	108
prijateljkě	108
kuzena	108
kuzenah	108
kuzenam	108
kuzenami	108
kuzene	108
kuzeni	108
kuzenom	108
kuzenov	108
kuzenu	108
prigod	108
prigodah	108
prigodam	108
prigodami	108
prigodo	108
prigodoju	108
prigodu	108
prigody	108
prigodě	108
sultana	108
sultanah	108
sultanam	108
sultanami	108
sultane	108
sultani	108
sultanom	108
sultanov	108
sultanu	108
fotografovati	108
pocělovati	108
pruga	108
svědomost	108
dostavkah	108
dostavkam	108
dostavkami	108
dostavko	108
dostavkoju	108
dostavku	108
dostavky	108
dostavkě	108
dostavok	108
elektron	108
ohranny	108
sluha	108
sluhah	108
sluham	108
sluhami	108
sluhom	108
sluhov	108
sluhu	108
sluhy	108
sluše	108
goly	108
ocelji	108
ocelju	108
črtah	108
črtam	108
črtami	108
črto	108
črtoju	108
črtu	108
črty	108
črtě	108
Arabija	108
Saudovska	108
deficit	108
irlandsky	108
niščenje	108
obvod	108
šal	108
harakteristik	108
harakteristikah	108
harakteristikam	108
harakteristikami	108
harakteristiko	108
harakteristikoju	108
harakteristiku	108
harakteristiky	108
harakteristikě	108
sudet	108
sudeča	108
sudeče	108
sudeči	108
sudi	108
sudih	108
sudihmo	108
sudihu	108
sudil	108
sudila	108
sudili	108
sudilo	108
sudim	108
sudima	108
sudimo	108
sudimy	108
sudiste	108
sudite	108
sudivša	108
sudivše	108
sudivši	108
sudiš	108
sudiše	108
sudžena	108
sudženje	108
sudženo	108
sudženy	108
sudžu	108
ljudsky	108
buka	108
bukah	108
bukam	108
bukami	108
bukom	108
bukov	108
buku	108
buky	108
buče	108
dalekoskoka	108
dalekoskokah	108
dalekoskokam	108
dalekoskokami	108
dalekoskokom	108
dalekoskokov	108
dalekoskoku	108
dalekoskoky	108
dalekoskoče	108
srědna	108
srědne	108
srědni	108
srědnja	108
srědnjej	108
srědnjeje	108
srědnjeju	108
srědnjejši	108
srědnju	108
srědno	108
srědnogo	108
srědnoj	108
srědnoju	108
srědnom	108
srědnomu	108
srědnu	108
srědnyh	108
srědnym	108
srědnymi	108
srědněje	108
srědnějši	108
psica	108
regulator	108
děda	108
dědah	108
dědam	108
dědami	108
děde	108
dědi	108
dědom	108
dědov	108
dědu	108
strělca	108
strělcah	108
strělcam	108
strělcami	108
strělcem	108
strělcev	108
strělci	108
strělcu	108
strělče	108
vdečnostah	108
vdečnostam	108
vdečnostami	108
vdečnosti	108
vdečnostij	108
vdečnostju	108
Siberija	108
cěvka	108
gazna	108
pasažersky	108
posuda	108
jednaka	108
jednake	108
jednaki	108
jednakogo	108
jednakoj	108
jednakoju	108
jednakom	108
jednakomu	108
jednaku	108
jednakyh	108
jednakym	108
jednakymi	108
jednačeje	108
jednačějši	108
Sahara	108
defekt	108
listje	108
mentor	108
godišnik	108
polnolunje	108
ročnik	108
samostojnostah	108
samostojnostam	108
samostojnostami	108
samostojnosti	108
samostojnostij	108
samostojnostju	108
dějatelj	108
intelekt	108
izběga	108
izběgah	108
izběgahmo	108
izběgahu	108
izběgaj	108
izběgaje	108
izběgajema	108
izběgajemo	108
izběgajemy	108
izběgajete	108
izběgaješ	108
izběgajmo	108
izběgajte	108
izběgaju	108
izběgajut	108
izběgajuča	108
izběgajuče	108
izběgajuči	108
izběgal	108
izběgala	108
izběgali	108
izběgalo	108
izběgam	108
izběgama	108
izběgamo	108
izběgamy	108
izběgana	108
izběganje	108
izběgano	108
izběgany	108
izběgaste	108
izběgate	108
izběgavša	108
izběgavše	108
izběgavši	108
izběgaš	108
izběgaše	108
helikopter	108
stalovy	108
obzora	108
obzorah	108
obzoram	108
obzorami	108
obzore	108
obzorom	108
obzorov	108
obzoru	108
obzory	108
odděla	108
oddělah	108
oddělam	108
oddělami	108
odděle	108
oddělom	108
oddělov	108
oddělu	108
odděly	108
bulgarska	108
bulgarske	108
bulgarski	108
bulgarsko	108
bulgarskogo	108
bulgarskoj	108
bulgarskoju	108
bulgarskom	108
bulgarskomu	108
bulgarsku	108
bulgarskyh	108
bulgarskym	108
bulgarskymi	108
harta	108
roževy	108
stolic	108
stolicah	108
stolicam	108
stolicami	108
stolice	108
stoliceju	108
stolici	108
stolico	108
stolicu	108
katoličska	108
katoličske	108
katoličski	108
katoličsko	108
katoličskogo	108
katoličskoj	108
katoličskoju	108
katoličskom	108
katoličskomu	108
katoličsku	108
katoličskyh	108
katoličskym	108
katoličskymi	108
krovna	108
krovne	108
krovni	108
krovno	108
krovnogo	108
krovnoj	108
krovnoju	108
krovnom	108
krovnomu	108
krovnu	108
krovnyh	108
krovnym	108
krovnymi	108
krovněje	108
krovnějši	108
rahunka	108
rahunkah	108
rahunkam	108
rahunkami	108
rahunkom	108
rahunkov	108
rahunku	108
rahunky	108
rahunče	108
dosegnenij	108
dosegnenja	108
dosegnenjah	108
dosegnenjam	108
dosegnenjami	108
dosegnenjem	108
dosegnenju	108
izražati	108
klon	108
omam	108
označenje	108
rebro	108
tehnologičny	108
člověčji	108
dozvoljenij	108
dozvoljenja	108
dozvoljenjah	108
dozvoljenjam	108
dozvoljenjami	108
dozvoljenjem	108
dozvoljenju	108
ogrožena	108
ogrožene	108
ogroženi	108
ogroženo	108
ogroženogo	108
ogroženoj	108
ogroženoju	108
ogroženom	108
ogroženomu	108
ogroženu	108
ogroženyh	108
ogroženym	108
ogroženymi	108
ogroženěje	108
ogroženějši	108
dobytok	108
smenšena	108
smenšeno	108
smenšeny	108
smenšet	108
smenšeča	108
smenšeče	108
smenšeči	108
smenši	108
smenših	108
smenšihmo	108
smenšihu	108
smenšil	108
smenšila	108
smenšili	108
smenšilo	108
smenšim	108
smenšima	108
smenšimo	108
smenšimy	108
smenšiste	108
smenšite	108
smenšivša	108
smenšivše	108
smenšivši	108
smenšiš	108
smenšiše	108
smenšu	108
trima	108
trimah	108
trimahmo	108
trimahu	108
trimaj	108
trimaje	108
trimajema	108
trimajemo	108
trimajemy	108
trimajete	108
trimaješ	108
trimajmo	108
trimajte	108
trimaju	108
trimajut	108
trimajuča	108
trimajuče	108
trimajuči	108
trimal	108
trimala	108
trimali	108
trimalo	108
trimam	108
trimama	108
trimamo	108
trimamy	108
trimana	108
trimanje	108
trimano	108
trimany	108
trimaste	108
trimate	108
trimavša	108
trimavše	108
trimavši	108
trimaš	108
trimaše	108
kokos	108
rukopis	108
strast	108
teologija	108
umě	108
uměh	108
uměhmo	108
uměhu	108
uměj	108
uměje	108
umějema	108
umějemo	108
umějemy	108
umějete	108
uměješ	108
umějmo	108
umějte	108
uměju	108
umějut	108
umějuča	108
umějuče	108
umějuči	108
uměl	108
uměla	108
uměli	108
umělo	108
uměm	108
uměma	108
uměmo	108
uměmy	108
uměna	108
uměno	108
uměny	108
uměste	108
uměte	108
uměvša	108
uměvše	108
uměvši	108
uměš	108
uměše	108
odkazah	108
odkazahmo	108
odkazahu	108
odkazal	108
odkazala	108
odkazali	108
odkazalo	108
odkazana	108
odkazanje	108
odkazano	108
odkazany	108
odkazaste	108
odkazavša	108
odkazavše	108
odkazavši	108
odkazaše	108
odkaže	108
odkažem	108
odkažema	108
odkažemo	108
odkažemy	108
odkažete	108
odkažeš	108
odkaži	108
odkažimo	108
odkažite	108
odkažu	108
odkažut	108
odkažuča	108
odkažuče	108
odkažuči	108
podklada	108
podkladah	108
podkladam	108
podkladami	108
podklade	108
podkladom	108
podkladov	108
podkladu	108
podklady	108
klavir	108
rannji	108
sekta	108
električna	108
električne	108
električni	108
električno	108
električnogo	108
električnoj	108
električnoju	108
električnom	108
električnomu	108
električnu	108
električnyh	108
električnym	108
električnymi	108
električněje	108
električnějši	108
cilindr	108
petno	108
žopa	108
podarka	108
podarkah	108
podarkam	108
podarkami	108
podarkom	108
podarkov	108
podarku	108
podarky	108
podarče	108
poddržek	108
poddržkah	108
poddržkam	108
poddržkami	108
poddržko	108
poddržkoju	108
poddržku	108
poddržky	108
poddržkě	108
prijetij	108
prijetja	108
prijetjah	108
prijetjam	108
prijetjami	108
prijetjem	108
prijetju	108
prěkladatelja	108
prěkladateljah	108
prěkladateljam	108
prěkladateljami	108
prěkladateljem	108
prěkladateljev	108
prěkladatelji	108
prěkladatelju	108
pušena	108
pušenje	108
pušeno	108
pušeny	108
pušet	108
pušeča	108
pušeče	108
pušeči	108
puši	108
puših	108
pušihmo	108
pušihu	108
pušil	108
pušila	108
pušili	108
pušilo	108
pušim	108
pušima	108
pušimo	108
pušimy	108
pušiste	108
pušite	108
pušivša	108
pušivše	108
pušivši	108
pušiš	108
pušiše	108
pušu	108
delegat	108
fosfor	108
pritegnuti	108
tajenjstveny	108
debat	108
debatah	108
debatam	108
debatami	108
debato	108
debatoju	108
debatu	108
debaty	108
debatě	108
razporedženij	108
razporedženja	108
razporedženjah	108
razporedženjam	108
razporedženjami	108
razporedženjem	108
razporedženju	108
skladahmo	108
skladahu	108
skladaj	108
skladaje	108
skladajema	108
skladajemo	108
skladajemy	108
skladajete	108
skladaješ	108
skladajmo	108
skladajte	108
skladaju	108
skladajut	108
skladajuča	108
skladajuče	108
skladajuči	108
skladal	108
skladala	108
skladali	108
skladalo	108
skladama	108
skladamo	108
skladamy	108
skladana	108
skladanje	108
skladano	108
skladany	108
skladaste	108
skladate	108
skladavša	108
skladavše	108
skladavši	108
skladaš	108
skladaše	108
zabav	108
zabavah	108
zabavam	108
zabavami	108
zabavo	108
zabavoju	108
zabavu	108
zabavy	108
zabavě	108
nahodnost	108
točiti	108
dokončenij	108
dokončenja	108
dokončenjah	108
dokončenjam	108
dokončenjami	108
dokončenjem	108
dokončenju	108
dorastle	108
dorastlo	108
dorastloj	108
dorastloju	108
dorastlyh	108
dorastlym	108
dorastlymi	108
muzikanta	108
muzikantah	108
muzikantam	108
muzikantami	108
muzikante	108
muzikanti	108
muzikantom	108
muzikantov	108
muzikantu	108
odkrytij	108
odkrytja	108
odkrytjah	108
odkrytjam	108
odkrytjami	108
odkrytjem	108
odkrytju	108
etničny	108
čuvstvo	108
invazij	108
invazijah	108
invazijam	108
invazijami	108
invazije	108
invazijeju	108
invaziji	108
invazijo	108
invaziju	108
mečt	108
mečtah	108
mečtam	108
mečtami	108
mečto	108
mečtoju	108
mečtu	108
mečty	108
mečtě	108
poběditelja	108
poběditeljah	108
poběditeljam	108
poběditeljami	108
poběditeljem	108
poběditeljev	108
poběditelji	108
poběditelju	108
uznati	108
podtrima	108
podtrimah	108
podtrimahmo	108
podtrimahu	108
podtrimaj	108
podtrimaje	108
podtrimajema	108
podtrimajemo	108
podtrimajemy	108
podtrimajete	108
podtrimaješ	108
podtrimajmo	108
podtrimajte	108
podtrimaju	108
podtrimajut	108
podtrimajuča	108
podtrimajuče	108
podtrimajuči	108
podtrimal	108
podtrimala	108
podtrimali	108
podtrimalo	108
podtrimam	108
podtrimama	108
podtrimamo	108
podtrimamy	108
podtrimana	108
podtrimanje	108
podtrimano	108
podtrimany	108
podtrimaste	108
podtrimate	108
podtrimavša	108
podtrimavše	108
podtrimavši	108
podtrimaš	108
podtrimaše	108
prěměnet	108
prěměneča	108
prěměneče	108
prěměneči	108
prěměni	108
prěměnih	108
prěměnihmo	108
prěměnihu	108
prěměnil	108
prěměnila	108
prěměnili	108
prěměnilo	108
prěměnim	108
prěměnima	108
prěměnimo	108
prěměnimy	108
prěměniste	108
prěměnite	108
prěměnivša	108
prěměnivše	108
prěměnivši	108
prěměniš	108
prěměniše	108
prěměnjena	108
prěměnjenje	108
prěměnjeno	108
prěměnjeny	108
prěměnju	108
zvona	108
zvonah	108
zvonam	108
zvonami	108
zvone	108
zvonom	108
zvonov	108
zvonu	108
zvony	108
prognoz	108
prognozah	108
prognozam	108
prognozami	108
prognozo	108
prognozoju	108
prognozu	108
prognozy	108
prognozě	108
sjezda	108
sjezdah	108
sjezdam	108
sjezdami	108
sjezde	108
sjezdom	108
sjezdov	108
sjezdu	108
sjezdy	108
směha	108
směhah	108
směham	108
směhami	108
směhom	108
směhov	108
směhu	108
směhy	108
směn	108
směnah	108
směnam	108
směnami	108
směno	108
směnoju	108
směnu	108
směny	108
směně	108
směše	108
Salvador	108
lěny	108
poprositi	108
pouka	108
projekcija	108
dekoracija	108
pohvala	108
fabrik	108
fabrikah	108
fabrikam	108
fabrikami	108
fabriko	108
fabrikoju	108
fabriku	108
fabriky	108
fabrikě	108
prisposobjenj	108
prisposobjenjah	108
prisposobjenjam	108
prisposobjenjami	108
srbska	108
srbske	108
srbski	108
srbsko	108
srbskogo	108
srbskoj	108
srbskoju	108
srbskom	108
srbskomu	108
srbsku	108
srbskyh	108
srbskym	108
srbskymi	108
artefakt	108
sekretarka	108
utračeny	108
govoret	108
govoreča	108
govoreče	108
govoreči	108
govorih	108
govorihmo	108
govorihu	108
govoril	108
govorila	108
govorili	108
govorilo	108
govorim	108
govorima	108
govorimo	108
govorimy	108
govoriste	108
govorite	108
govorivša	108
govorivše	108
govorivši	108
govoriš	108
govoriše	108
govorjena	108
govorjenje	108
govorjeno	108
govorjeny	108
govorju	108
svezana	108
svezane	108
svezani	108
svezano	108
svezanogo	108
svezanoj	108
svezanoju	108
svezanom	108
svezanomu	108
svezanu	108
svezanyh	108
svezanym	108
svezanymi	108
svezaněje	108
svezanějši	108
grip	108
izpytati	108
mgla	108
iměnij	108
iměnja	108
iměnjah	108
iměnjam	108
iměnjami	108
iměnjem	108
iměnju	108
sudna	108
sudne	108
sudni	108
sudno	108
sudnogo	108
sudnoj	108
sudnoju	108
sudnom	108
sudnomu	108
sudnu	108
sudnyh	108
sudnym	108
sudnymi	108
sudněje	108
sudnějši	108
ulučšenij	108
ulučšenja	108
ulučšenjah	108
ulučšenjam	108
ulučšenjami	108
ulučšenjem	108
ulučšenju	108
modifikacija	108
odraza	108
odrazah	108
odrazam	108
odrazami	108
odraze	108
odrazom	108
odrazov	108
odrazu	108
odrazy	108
patriarha	108
patriarhah	108
patriarham	108
patriarhami	108
patriarhi	108
patriarhom	108
patriarhov	108
patriarhu	108
patriarše	108
simpatičny	108
znatny	108
štučna	108
štučne	108
štučni	108
štučno	108
štučnogo	108
štučnoj	108
štučnoju	108
štučnom	108
štučnomu	108
štučnu	108
štučnyh	108
štučnym	108
štučnymi	108
štučněje	108
štučnějši	108
grama	108
gramah	108
gramam	108
gramami	108
grame	108
gramom	108
gramov	108
gramu	108
gramy	108
gum	108
gumah	108
gumam	108
gumami	108
gumo	108
gumoju	108
gumu	108
gumy	108
gumě	108
ležah	108
ležahmo	108
ležahu	108
ležal	108
ležala	108
ležali	108
ležalo	108
ležana	108
ležanje	108
ležano	108
ležany	108
ležaste	108
ležavša	108
ležavše	108
ležavši	108
ležaše	108
ležet	108
ležeča	108
ležeče	108
ležeči	108
leži	108
ležim	108
ležima	108
ležimo	108
ležimy	108
ležite	108
ležiš	108
ležu	108
ljuta	108
ljute	108
ljuti	108
ljuto	108
ljutogo	108
ljutoj	108
ljutoju	108
ljutom	108
ljutomu	108
ljutu	108
ljutyh	108
ljutym	108
ljutymi	108
ljutěje	108
ljutějši	108
sirena	108
mekka	108
mekke	108
mekki	108
mekkogo	108
mekkoj	108
mekkoju	108
mekkom	108
mekkomu	108
mekku	108
mekkyh	108
mekkym	108
mekkymi	108
mekše	108
mekši	108
ofisa	108
ofisah	108
ofisam	108
ofisami	108
ofise	108
ofisom	108
ofisov	108
ofisu	108
ofisy	108
zabude	108
zabudem	108
zabudemo	108
zabudete	108
zabudeš	108
zabudi	108
zabudimo	108
zabudite	108
zabudoma	108
zabudomo	108
zabudomy	108
zabudu	108
zabudut	108
zabuduča	108
zabuduče	108
zabuduči	108
zabyh	108
zabyhmo	108
zabyhu	108
zabyl	108
zabyla	108
zabyli	108
zabylo	108
zabyste	108
zabyta	108
zabytje	108
zabyto	108
zabyty	108
zabyvša	108
zabyvše	108
zabyvši	108
zabyše	108
hirurgičny	108
hlor	108
meteorit	108
ogrlica	108
skromno	108
globaljny	108
podvod	108
servera	108
serverah	108
serveram	108
serverami	108
servere	108
serverom	108
serverov	108
serveru	108
servery	108
seržanta	108
seržantah	108
seržantam	108
seržantami	108
seržante	108
seržanti	108
seržantom	108
seržantov	108
seržantu	108
švedska	108
švedske	108
švedski	108
švedsko	108
švedskogo	108
švedskoj	108
švedskoju	108
švedskom	108
švedskomu	108
švedsku	108
švedskyh	108
švedskym	108
švedskymi	108
krajevid	108
suverenitet	108
zaščita	108
pand	108
pandah	108
pandam	108
pandami	108
pando	108
pandoju	108
pandu	108
pandy	108
pandě	108
prijma	108
prijmah	108
prijmahmo	108
prijmahu	108
prijmaj	108
prijmaje	108
prijmajema	108
prijmajemo	108
prijmajemy	108
prijmajete	108
prijmaješ	108
prijmajmo	108
prijmajte	108
prijmaju	108
prijmajut	108
prijmajuče	108
prijmajuči	108
prijmal	108
prijmala	108
prijmali	108
prijmalo	108
prijmam	108
prijmama	108
prijmamo	108
prijmamy	108
prijmana	108
prijmanje	108
prijmano	108
prijmany	108
prijmaste	108
prijmate	108
prijmavša	108
prijmavše	108
prijmavši	108
prijmaš	108
prijmaše	108
supermarketa	108
supermarketah	108
supermarketam	108
supermarketami	108
supermarkete	108
supermarketom	108
supermarketov	108
supermarketu	108
supermarkety	108
verdikta	108
verdiktah	108
verdiktam	108
verdiktami	108
verdikte	108
verdiktom	108
verdiktov	108
verdiktu	108
verdikty	108
jedinak	108
nadobyčajno	108
očistiti	108
prinuditi	108
probuditi	108
spasitelj	108
kor	108
korah	108
koram	108
korami	108
koro	108
koroju	108
koru	108
kory	108
korě	108
igrišč	107
igrišča	107
igriščah	107
igriščam	107
igriščami	107
igriščem	107
igrišču	107
prěvoza	107
prěvozah	107
prěvozam	107
prěvozami	107
prěvoze	107
prěvozom	107
prěvozov	107
prěvozu	107
prěvozy	107
Libija	107
jedinjstveny	107
prisutstvovati	107
novotvora	107
novotvorah	107
novotvoram	107
novotvorami	107
novotvore	107
novotvorom	107
novotvorov	107
novotvoru	107
novotvory	107
drobne	107
fokus	107
gus	107
sučstveno	107
dinamiko	107
dinamikoju	107
dinamiku	107
dinamiky	107
dinamikě	107
zrn	107
zrna	107
zrnah	107
zrnam	107
zrnami	107
zrnom	107
zrnu	107
aliansa	107
aliansah	107
aliansam	107
aliansami	107
alianse	107
aliansom	107
aliansov	107
aliansu	107
aliansy	107
imperij	107
imperijah	107
imperijam	107
imperijami	107
imperije	107
imperijeju	107
imperiji	107
imperijo	107
imperiju	107
nelegaljny	107
rodobijstvo	107
smějati	107
jagoda	107
supernik	107
uvěrjeno	107
izslědovanja	107
izslědovanjem	107
izslědovanju	107
prějeh	107
prějehmo	107
prějehu	107
prějel	107
prějela	107
prějeli	107
prějelo	107
prějeste	107
prějeta	107
prějetje	107
prějeto	107
prějety	107
prějevša	107
prějevše	107
prějevši	107
prěješe	107
prějme	107
prějmem	107
prějmema	107
prějmemo	107
prějmemy	107
prějmete	107
prějmeš	107
prějmi	107
prějmimo	107
prějmite	107
prějmu	107
prějmut	107
prějmuča	107
prějmuče	107
prějmuči	107
daunlodovati	107
individ	107
velesila	107
zadrživati	107
kar	107
karah	107
karam	107
karami	107
kare	107
kareju	107
karo	107
karu	107
napisah	107
napisahmo	107
napisahu	107
napisal	107
napisala	107
napisali	107
napisalo	107
napisana	107
napisanje	107
napisano	107
napisany	107
napisaste	107
napisavša	107
napisavše	107
napisavši	107
napisaše	107
napiše	107
napišem	107
napišema	107
napišemo	107
napišemy	107
napišete	107
napišeš	107
napiši	107
napišimo	107
napišite	107
napišu	107
napišut	107
napišuča	107
napišuče	107
napišuči	107
poredka	107
poredkah	107
poredkam	107
poredkami	107
poredkom	107
poredkov	107
poredky	107
poredče	107
vozna	107
vozne	107
vozni	107
vozno	107
voznogo	107
voznoj	107
voznoju	107
voznom	107
voznomu	107
voznu	107
voznyh	107
voznym	107
voznymi	107
vozněje	107
voznějši	107
blizkost	107
parašut	107
pisemnost	107
stabilizacija	107
umysl	107
muset	107
museča	107
museče	107
museči	107
musi	107
musim	107
musima	107
musimo	107
musimy	107
musite	107
musiš	107
musěh	107
musěhmo	107
musěhu	107
musěl	107
musěla	107
musěli	107
musělo	107
musěna	107
musěnje	107
musěno	107
musěny	107
musěste	107
musěvša	107
musěvše	107
musěvši	107
musěše	107
mušu	107
odložena	107
odloženje	107
odloženo	107
odloženy	107
odložet	107
odložeča	107
odložeče	107
odložeči	107
odloži	107
odložih	107
odložihmo	107
odložihu	107
odložil	107
odložila	107
odložili	107
odložilo	107
odložim	107
odložima	107
odložimo	107
odložimy	107
odložiste	107
odložite	107
odloživša	107
odloživše	107
odloživši	107
odložiš	107
odložiše	107
odložu	107
Haiti	107
napetost	107
srědin	107
srědinah	107
srědinam	107
srědinami	107
srědino	107
srědinoju	107
srědinu	107
srědiny	107
srědině	107
taktik	107
taktikah	107
taktikam	107
taktikami	107
taktiko	107
taktikoju	107
taktiku	107
taktiky	107
taktikě	107
tonje	107
tonka	107
tonke	107
tonki	107
tonko	107
tonkogo	107
tonkoj	107
tonkoju	107
tonkom	107
tonkomu	107
tonku	107
tonkyh	107
tonkym	107
tonkymi	107
tonši	107
bylina	107
perspektiva	107
lětanja	107
lětanjem	107
lětanju	107
Liban	107
fotografičny	107
kvalifikacija	107
pozautra	107
struna	107
proz	107
prozah	107
prozam	107
prozami	107
prozo	107
prozoju	107
prozu	107
prozy	107
prozě	107
apostolov	107
gospodar	107
segnuti	107
podpisah	107
podpisahmo	107
podpisahu	107
podpisal	107
podpisala	107
podpisali	107
podpisalo	107
podpisana	107
podpisanje	107
podpisano	107
podpisany	107
podpisaste	107
podpisavša	107
podpisavše	107
podpisavši	107
podpisaše	107
podpiše	107
podpišem	107
podpišema	107
podpišemo	107
podpišemy	107
podpišete	107
podpišeš	107
podpiši	107
podpišimo	107
podpišite	107
podpišu	107
podpišut	107
podpišuča	107
podpišuče	107
podpišuči	107
pomočnika	107
pomočnikah	107
pomočnikam	107
pomočnikami	107
pomočniki	107
pomočnikom	107
pomočnikov	107
pomočniku	107
pomočniče	107
nakaza	107
nakazah	107
nakazam	107
nakazami	107
nakaze	107
nakazov	107
nakazu	107
nakazy	107
priměnjenij	107
priměnjenja	107
priměnjenjah	107
priměnjenjam	107
priměnjenjami	107
priměnjenjem	107
priměnjenju	107
skromnost	107
kolonij	107
kolonijah	107
kolonijam	107
kolonijami	107
kolonije	107
kolonijeju	107
koloniji	107
kolonijo	107
koloniju	107
tydnjeva	107
tydnjeve	107
tydnjevi	107
tydnjevogo	107
tydnjevoj	107
tydnjevoju	107
tydnjevom	107
tydnjevomu	107
tydnjevu	107
tydnjevyh	107
tydnjevym	107
tydnjevymi	107
tydnjevěje	107
tydnjevějši	107
not	107
notah	107
notam	107
notami	107
noto	107
notoju	107
notu	107
noty	107
notě	107
prvaka	107
prvakah	107
prvakam	107
prvakami	107
prvaki	107
prvakom	107
prvakov	107
prvaku	107
prvače	107
prěměn	107
prěměnah	107
prěměnam	107
prěměnami	107
prěměno	107
prěměnoju	107
prěměnu	107
prěměny	107
prěměně	107
dekret	107
prazdny	107
definicij	107
definicijah	107
definicijam	107
definicijami	107
definicije	107
definicijeju	107
definiciji	107
definicijo	107
definiciju	107
kupovatelj	107
linza	107
monolog	107
ocěniti	107
opica	107
strateg	107
čutny	107
odpočeti	107
rozovy	107
terminologija	107
stopah	107
stopam	107
stopami	107
stopo	107
stopoju	107
stopu	107
stopy	107
stopě	107
gotova	107
gotove	107
gotovi	107
gotovogo	107
gotovoj	107
gotovoju	107
gotovom	107
gotovomu	107
gotovu	107
gotovyh	107
gotovym	107
gotovymi	107
gotověje	107
gotovějši	107
izhodet	107
izhodeča	107
izhodeče	107
izhodeči	107
izhodi	107
izhodih	107
izhodihmo	107
izhodihu	107
izhodil	107
izhodila	107
izhodili	107
izhodilo	107
izhodim	107
izhodima	107
izhodimo	107
izhodimy	107
izhodiste	107
izhodite	107
izhodivša	107
izhodivše	107
izhodivši	107
izhodiš	107
izhodiše	107
izhodžena	107
izhodženje	107
izhodženo	107
izhodženy	107
izhodžu	107
uvěrjena	107
uvěrjene	107
uvěrjeni	107
uvěrjenogo	107
uvěrjenoj	107
uvěrjenoju	107
uvěrjenom	107
uvěrjenomu	107
uvěrjenu	107
uvěrjenyh	107
uvěrjenym	107
uvěrjenymi	107
uvěrjeněje	107
uvěrjenějši	107
nastupnika	107
nastupnikah	107
nastupnikam	107
nastupnikami	107
nastupniki	107
nastupnikom	107
nastupnikov	107
nastupniku	107
nastupniče	107
pomaga	107
pomagah	107
pomagahmo	107
pomagahu	107
pomagaj	107
pomagaje	107
pomagajema	107
pomagajemo	107
pomagajemy	107
pomagajete	107
pomagaješ	107
pomagajmo	107
pomagajte	107
pomagaju	107
pomagajut	107
pomagajuča	107
pomagajuče	107
pomagajuči	107
pomagal	107
pomagala	107
pomagali	107
pomagalo	107
pomagam	107
pomagama	107
pomagamo	107
pomagamy	107
pomagana	107
pomaganje	107
pomagano	107
pomagany	107
pomagaste	107
pomagate	107
pomagavša	107
pomagavše	107
pomagavši	107
pomagaš	107
pomagaše	107
pozora	107
pozorah	107
pozoram	107
pozorami	107
pozore	107
pozorom	107
pozorov	107
pozoru	107
pozory	107
šampona	107
šamponah	107
šamponam	107
šamponami	107
šampone	107
šamponom	107
šamponov	107
šamponu	107
šampony	107
prisylati	107
rov	107
dodatka	107
dodatkah	107
dodatkam	107
dodatkami	107
dodatkom	107
dodatkov	107
dodatku	107
dodatky	107
dodatče	107
obratet	107
obrateča	107
obrateče	107
obrateči	107
obrati	107
obratih	107
obratihmo	107
obratihu	107
obratil	107
obratila	107
obratili	107
obratilo	107
obratim	107
obratima	107
obratimo	107
obratimy	107
obratiste	107
obratite	107
obrativša	107
obrativše	107
obrativši	107
obratiš	107
obratiše	107
obračena	107
obračenje	107
obračeno	107
obračeny	107
obraču	107
geja	107
gejah	107
gejam	107
gejami	107
gejem	107
gejev	107
geji	107
geju	107
neuspěh	107
odrazlika	107
svatbeni	107
vlaganje	107
komiksa	107
komiksah	107
komiksam	107
komiksami	107
komikse	107
komiksom	107
komiksov	107
komiksu	107
komiksy	107
spravědlivostah	107
spravědlivostam	107
spravědlivostami	107
spravědlivosti	107
spravědlivostij	107
spravědlivostju	107
horizont	107
navznak	107
ostanky	107
zaraza	107
iznoset	107
iznoseča	107
iznoseče	107
iznoseči	107
iznosi	107
iznosih	107
iznosihmo	107
iznosihu	107
iznosil	107
iznosila	107
iznosili	107
iznosilo	107
iznosim	107
iznosima	107
iznosimo	107
iznosimy	107
iznosiste	107
iznosite	107
iznosivša	107
iznosivše	107
iznosivši	107
iznosiš	107
iznosiše	107
iznošena	107
iznošenje	107
iznošeno	107
iznošeny	107
iznošu	107
oblika	107
oblikah	107
oblikam	107
oblikami	107
oblikom	107
oblikov	107
obliku	107
obliky	107
obliče	107
podělet	107
poděleča	107
poděleče	107
poděleči	107
poděli	107
podělih	107
podělihmo	107
podělihu	107
podělil	107
podělila	107
podělili	107
podělilo	107
podělim	107
podělima	107
podělimo	107
podělimy	107
poděliste	107
podělite	107
podělivša	107
podělivše	107
podělivši	107
poděliš	107
poděliše	107
poděljena	107
poděljenje	107
poděljeno	107
poděljeny	107
podělju	107
sladka	107
sladke	107
sladki	107
sladkogo	107
sladkoj	107
sladkoju	107
sladkom	107
sladkomu	107
sladku	107
sladkyh	107
sladkym	107
sladkymi	107
sladši	107
sladže	107
kuki	107
čudovišče	107
koristet	107
koristeča	107
koristeče	107
koristeči	107
koristih	107
koristihmo	107
koristihu	107
koristil	107
koristila	107
koristili	107
koristilo	107
koristim	107
koristima	107
koristimo	107
koristimy	107
korististe	107
koristite	107
koristivša	107
koristivše	107
koristivši	107
koristiš	107
koristiše	107
koriščena	107
koriščenje	107
koriščeno	107
koriščeny	107
korišču	107
naigra	107
naigrah	107
naigrahmo	107
naigrahu	107
naigraj	107
naigraje	107
naigrajema	107
naigrajemo	107
naigrajemy	107
naigrajete	107
naigraješ	107
naigrajmo	107
naigrajte	107
naigraju	107
naigrajut	107
naigrajuča	107
naigrajuče	107
naigrajuči	107
naigral	107
naigrala	107
naigrali	107
naigralo	107
naigram	107
naigrama	107
naigramo	107
naigramy	107
naigrana	107
naigranje	107
naigrano	107
naigrany	107
naigraste	107
naigrate	107
naigravša	107
naigravše	107
naigravši	107
naigraš	107
naigraše	107
Graal	107
Svety	107
plěn	107
raziskyvatelj	107
plemen	107
plemena	107
plemenah	107
plemenam	107
plemenami	107
plemene	107
plemenem	107
plemeni	107
plemenom	107
plemenu	107
Troja	107
naručiti	107
podgled	107
izgledka	107
nebesny	107
ocěnjenje	107
poseljenje	107
republikanjsky	107
disciplin	107
disciplinah	107
disciplinam	107
disciplinami	107
disciplino	107
disciplinoju	107
disciplinu	107
discipliny	107
disciplině	107
mladežna	107
mladežne	107
mladežni	107
mladežno	107
mladežnogo	107
mladežnoj	107
mladežnoju	107
mladežnom	107
mladežnomu	107
mladežnu	107
mladežnyh	107
mladežnym	107
mladežnymi	107
mladežněje	107
mladežnějši	107
pokusa	107
pokusah	107
pokusam	107
pokusami	107
pokuse	107
pokusom	107
pokusov	107
pokusu	107
pokusy	107
podati	107
pěši	107
talirka	107
šalik	107
konstrukcij	107
konstrukcijah	107
konstrukcijam	107
konstrukcijami	107
konstrukcije	107
konstrukcijeju	107
konstrukciji	107
konstrukcijo	107
konstrukciju	107
širokostah	107
širokostam	107
širokostami	107
širokosti	107
širokostij	107
širokostju	107
garnizon	107
pokryv	107
samotny	107
tajne	107
tajni	107
tajnogo	107
tajnoj	107
tajnom	107
tajnomu	107
tajnyh	107
tajnym	107
tajnymi	107
tajněje	107
tajnějši	107
dozor	107
lojaljnost	107
putovatelj	107
razširiti	107
panik	107
panikah	107
panikam	107
panikami	107
paniko	107
panikoju	107
paniku	107
paniky	107
panikě	107
sobstvenostah	107
sobstvenostam	107
sobstvenostami	107
sobstvenosti	107
sobstvenostij	107
sobstvenostju	107
mečeta	107
ovplyvniti	107
posrědnje	107
absencije	107
absencijeju	107
absenciji	107
absencijo	107
absenciju	107
iztočnika	107
iztočnikah	107
iztočnikam	107
iztočnikami	107
iztočnikom	107
iztočnikov	107
iztočniku	107
iztočniky	107
iztočniče	107
konteksta	107
kontekstah	107
kontekstam	107
kontekstami	107
kontekste	107
kontekstom	107
kontekstov	107
kontekstu	107
konteksty	107
trikutnika	107
trikutnikah	107
trikutnikam	107
trikutnikami	107
trikutnikom	107
trikutnikov	107
trikutniku	107
trikutniky	107
trikutniče	107
prělom	107
rězati	107
vizavi	107
arhiepiskopa	107
arhiepiskopah	107
arhiepiskopam	107
arhiepiskopami	107
arhiepiskope	107
arhiepiskopi	107
arhiepiskopom	107
arhiepiskopov	107
arhiepiskopu	107
jugozapada	107
jugozapade	107
jugozapadom	107
jugozapadu	107
folklor	107
globaljno	107
nagraditi	107
potepljenje	107
financij	107
financijah	107
financijam	107
financijami	107
mrtva	107
mrtve	107
mrtvi	107
mrtvo	107
mrtvogo	107
mrtvoj	107
mrtvoju	107
mrtvom	107
mrtvomu	107
mrtvu	107
mrtvyh	107
mrtvym	107
mrtvymi	107
mrtvěje	107
mrtvějši	107
orudovana	107
orudovane	107
orudovani	107
orudovano	107
orudovanogo	107
orudovanoj	107
orudovanoju	107
orudovanom	107
orudovanomu	107
orudovanu	107
orudovanyh	107
orudovanym	107
orudovanymi	107
orudovaněje	107
orudovanějši	107
zada	107
zadah	107
zadam	107
zadami	107
zade	107
zadom	107
zadov	107
zadu	107
zady	107
kupah	107
kupam	107
kupami	107
kupe	107
kupom	107
kupov	107
kupu	107
kupy	107
obtestovati	107
povratny	107
oznak	107
oznakah	107
oznakam	107
oznakami	107
oznako	107
oznakoju	107
oznaku	107
oznaky	107
oznakě	107
pomogl	107
pomogla	107
pomogli	107
pomoglo	107
pomogu	107
pomogut	107
pomoguča	107
pomoguče	107
pomoguči	107
pomogša	107
pomogše	107
pomogši	107
pomože	107
pomožeh	107
pomožehmo	107
pomožehu	107
pomožem	107
pomožema	107
pomožemo	107
pomožemy	107
pomožena	107
pomoženje	107
pomoženo	107
pomoženy	107
pomožeste	107
pomožete	107
pomožeš	107
pomožeše	107
pomoži	107
pomožimo	107
pomožite	107
makijaža	107
makijažem	107
makijažu	107
tenje	107
tenka	107
tenke	107
tenki	107
tenko	107
tenkogo	107
tenkoj	107
tenkoju	107
tenkom	107
tenkomu	107
tenku	107
tenkyh	107
tenkym	107
tenkymi	107
tenši	107
lomiti	107
okazyvati	107
kilometra	107
kilometrah	107
kilometram	107
kilometrami	107
kilometre	107
kilometrom	107
kilometrov	107
kilometru	107
kilometry	107
razbere	107
razberem	107
razberema	107
razberemo	107
razberemy	107
razberete	107
razbereš	107
razberi	107
razberimo	107
razberite	107
razberu	107
razberut	107
razberuča	107
razberuče	107
razberuči	107
razbrah	107
razbrahmo	107
razbrahu	107
razbral	107
razbrala	107
razbrali	107
razbralo	107
razbrana	107
razbranje	107
razbrano	107
razbrany	107
razbraste	107
razbravša	107
razbravše	107
razbravši	107
razbraše	107
bak	107
psevdo	107
razstrojstvo	107
sobrati	107
rodžena	107
rodžene	107
rodženi	107
rodženo	107
rodženogo	107
rodženoj	107
rodženoju	107
rodženom	107
rodženomu	107
rodženu	107
rodženyh	107
rodženym	107
rodženymi	107
rodženěje	107
rodženějši	107
kradež	107
naušnikah	107
naušnikam	107
naušnikami	107
naušnikov	107
trinadseti	107
trinadsetju	107
obvinjenje	107
kardinala	107
kardinalah	107
kardinalam	107
kardinalami	107
kardinale	107
kardinali	107
kardinalom	107
kardinalov	107
kardinalu	107
krabkah	107
krabkam	107
krabkami	107
krabko	107
krabkoju	107
krabku	107
krabky	107
krabkě	107
krabok	107
nastavjenj	107
nastavjenjah	107
nastavjenjam	107
nastavjenjami	107
popoldnja	107
popoldnjah	107
popoldnjam	107
popoldnjami	107
popoldnje	107
popoldnjem	107
popoldnjev	107
popoldnju	107
prěvoditelja	107
prěvoditeljah	107
prěvoditeljam	107
prěvoditeljami	107
prěvoditeljem	107
prěvoditeljev	107
prěvoditelji	107
prěvoditelju	107
ubědžena	107
ubědžene	107
ubědženi	107
ubědženo	107
ubědženogo	107
ubědženoj	107
ubědženoju	107
ubědženom	107
ubědženomu	107
ubědženu	107
ubědženyh	107
ubědženym	107
ubědženymi	107
ubědženěje	107
ubědženějši	107
usilij	107
usilja	107
usiljah	107
usiljam	107
usiljami	107
usiljem	107
usilju	107
intelektual	107
želězny	107
praga	107
pragah	107
pragam	107
pragami	107
pragom	107
pragov	107
pragu	107
pragy	107
praže	107
putovanij	107
putovanja	107
putovanjah	107
putovanjam	107
putovanjami	107
putovanjem	107
putovanju	107
trvanij	107
trvanja	107
trvanjah	107
trvanjam	107
trvanjami	107
trvanjem	107
trvanju	107
utěka	107
utěkah	107
utěkahmo	107
utěkahu	107
utěkaj	107
utěkaje	107
utěkajema	107
utěkajemo	107
utěkajemy	107
utěkajete	107
utěkaješ	107
utěkajmo	107
utěkajte	107
utěkaju	107
utěkajut	107
utěkajuča	107
utěkajuče	107
utěkajuči	107
utěkal	107
utěkala	107
utěkali	107
utěkalo	107
utěkam	107
utěkama	107
utěkamo	107
utěkamy	107
utěkana	107
utěkanje	107
utěkano	107
utěkany	107
utěkaste	107
utěkate	107
utěkavša	107
utěkavše	107
utěkavši	107
utěkaš	107
utěkaše	107
džem	107
koženy	107
pridatok	107
elit	107
elitah	107
elitam	107
elitami	107
elito	107
elitoju	107
elitu	107
elity	107
elitě	107
pic	107
picah	107
picam	107
picami	107
pice	107
piceju	107
pici	107
pico	107
picu	107
zaključenij	107
zaključenja	107
zaključenjah	107
zaključenjam	107
zaključenjami	107
zaključenjem	107
zaključenju	107
gorky	107
milost	107
slomiti	107
izkazanij	107
izkazanja	107
izkazanjah	107
izkazanjam	107
izkazanjami	107
izkazanjem	107
izkazanju	107
liter	107
literah	107
literam	107
literami	107
litero	107
literoju	107
literu	107
litery	107
literě	107
bogosluženje	107
kur	107
odkupiti	107
odnošenje	107
poniženje	107
elektroniko	107
elektronikoju	107
elektroniku	107
elektroniky	107
elektronikě	107
ideala	107
idealah	107
idealam	107
idealami	107
ideale	107
idealom	107
idealov	107
idealu	107
idealy	107
koktejla	107
koktejlah	107
koktejlam	107
koktejlami	107
koktejle	107
koktejlom	107
koktejlov	107
koktejlu	107
koktejly	107
komentovah	107
komentovahmo	107
komentovahu	107
komentoval	107
komentovala	107
komentovali	107
komentovalo	107
komentovana	107
komentovanje	107
komentovano	107
komentovany	107
komentovaste	107
komentovavša	107
komentovavše	107
komentovavši	107
komentovaše	107
komentuj	107
komentuje	107
komentujem	107
komentujema	107
komentujemo	107
komentujemy	107
komentujete	107
komentuješ	107
komentujmo	107
komentujte	107
komentuju	107
komentujut	107
komentujuča	107
komentujuče	107
komentujuči	107
poškodžena	107
poškodžene	107
poškodženi	107
poškodženo	107
poškodženogo	107
poškodženoj	107
poškodženoju	107
poškodženom	107
poškodženomu	107
poškodženu	107
poškodženyh	107
poškodženym	107
poškodženymi	107
poškodženěje	107
poškodženějši	107
sekund	107
sekundah	107
sekundam	107
sekundami	107
sekundo	107
sekundoju	107
sekundu	107
sekundy	107
sekundě	107
očekyvanij	106
očekyvanja	106
očekyvanjah	106
očekyvanjam	106
očekyvanjami	106
očekyvanjem	106
očekyvanju	106
pasivny	106
prědavnik	106
razuma	106
razumah	106
razumam	106
razumami	106
razume	106
razumom	106
razumov	106
razumu	106
razumy	106
shodnost	106
sladnik	106
zmija	106
diskriminacije	106
diskriminacijeju	106
diskriminaciji	106
diskriminacijo	106
diskriminaciju	106
smrteopasny	106
govora	106
govorah	106
govoram	106
govorami	106
govore	106
govorom	106
govorov	106
govoru	106
govory	106
legša	106
legšego	106
legšej	106
legšeje	106
legšeju	106
legšejši	106
legšem	106
legšemu	106
legših	106
legšim	106
legšimi	106
legšu	106
molvet	106
molveča	106
molveče	106
molveči	106
molvi	106
molvih	106
molvihmo	106
molvihu	106
molvil	106
molvila	106
molvili	106
molvilo	106
molvim	106
molvima	106
molvimo	106
molvimy	106
molviste	106
molvite	106
molvivša	106
molvivše	106
molvivši	106
molviš	106
molviše	106
molvjena	106
molvjenje	106
molvjeno	106
molvjeny	106
molvju	106
utrat	106
utratah	106
utratam	106
utratami	106
utrato	106
utratoju	106
utratu	106
utraty	106
utratě	106
mramor	106
bot	106
mehaničny	106
palm	106
palmah	106
palmam	106
palmami	106
palmo	106
palmoju	106
palmu	106
palmy	106
palmě	106
rabotnika	106
rabotnikah	106
rabotnikam	106
rabotnikami	106
rabotniki	106
rabotnikom	106
rabotnikov	106
rabotniku	106
rabotniče	106
srazumě	106
srazuměh	106
srazuměhmo	106
srazuměhu	106
srazuměj	106
srazuměje	106
srazumějema	106
srazumějemo	106
srazumějemy	106
srazumějete	106
srazuměješ	106
srazumějmo	106
srazumějte	106
srazuměju	106
srazumějut	106
srazumějuča	106
srazumějuče	106
srazumějuči	106
srazuměl	106
srazuměla	106
srazuměli	106
srazumělo	106
srazuměm	106
srazuměma	106
srazuměmo	106
srazuměmy	106
srazuměna	106
srazuměnje	106
srazuměno	106
srazuměny	106
srazuměste	106
srazuměte	106
srazuměvša	106
srazuměvše	106
srazuměvši	106
srazuměš	106
srazuměše	106
zakončenij	106
zakončenja	106
zakončenjah	106
zakončenjam	106
zakončenjami	106
zakončenjem	106
zakončenju	106
denonočje	106
vitati	106
vojevnik	106
infekcij	106
infekcijah	106
infekcijam	106
infekcijami	106
infekcije	106
infekcijeju	106
infekciji	106
infekcijo	106
infekciju	106
horor	106
užasy	106
jetr	106
jetrah	106
jetram	106
jetrami	106
tatuaža	106
tatuažah	106
tatuažam	106
tatuažami	106
tatuaže	106
tatuažem	106
tatuažev	106
tatuažu	106
člověčska	106
člověčske	106
člověčski	106
člověčsko	106
člověčskogo	106
člověčskoj	106
člověčskoju	106
člověčskom	106
člověčskomu	106
člověčsku	106
člověčskyh	106
člověčskym	106
člověčskymi	106
komunističny	106
potomok	106
solza	106
juniora	106
juniorah	106
junioram	106
juniorami	106
juniore	106
juniori	106
juniorom	106
juniorov	106
junioru	106
odědž	106
odědžah	106
odědžam	106
odědžami	106
odědžo	106
odědžoju	106
odědžu	106
odědžy	106
odědžě	106
proroka	106
prorokah	106
prorokam	106
prorokami	106
proroki	106
prorokom	106
prorokov	106
proroku	106
proroče	106
objasnjenij	106
objasnjenja	106
objasnjenjah	106
objasnjenjam	106
objasnjenjami	106
objasnjenjem	106
objasnjenju	106
jesennji	106
jesenny	106
nemožny	106
temnota	106
lovca	106
lovcah	106
lovcam	106
lovcami	106
lovcem	106
lovcev	106
lovci	106
lovcu	106
lovče	106
povag	106
povagah	106
povagam	106
povagami	106
povago	106
povagoju	106
povagu	106
povagy	106
povagě	106
bolěsno	106
lěk	106
prisežni	106
priteglivost	106
dopisnik	106
ljudstva	106
ljudstvom	106
ljudstvu	106
poprobovah	106
poprobovahmo	106
poprobovahu	106
poproboval	106
poprobovala	106
poprobovali	106
poprobovalo	106
poprobovana	106
poprobovanje	106
poprobovano	106
poprobovany	106
poprobovaste	106
poprobovavša	106
poprobovavše	106
poprobovavši	106
poprobovaše	106
poprobuj	106
poprobuje	106
poprobujem	106
poprobujema	106
poprobujemo	106
poprobujemy	106
poprobujete	106
poprobuješ	106
poprobujmo	106
poprobujte	106
poprobuju	106
poprobujut	106
poprobujuča	106
poprobujuče	106
poprobujuči	106
aviakarta	106
blědy	106
oporedčiti	106
povezanost	106
specifičny	106
jevrejska	106
jevrejske	106
jevrejski	106
jevrejsko	106
jevrejskogo	106
jevrejskoj	106
jevrejskoju	106
jevrejskom	106
jevrejskomu	106
jevrejsku	106
jevrejskyh	106
jevrejskym	106
jevrejskymi	106
tečenij	106
tečenja	106
tečenjah	106
tečenjam	106
tečenjami	106
tečenjem	106
aparata	106
aparatah	106
aparatam	106
aparatami	106
aparate	106
aparatom	106
aparatov	106
aparatu	106
aparaty	106
gustost	106
hepatit	106
sportnika	106
sportnikah	106
sportnikam	106
sportnikami	106
sportniki	106
sportnikom	106
sportnikov	106
sportniku	106
sportniče	106
voska	106
voskah	106
voskam	106
voskami	106
voskom	106
voskov	106
vosku	106
vosky	106
vosče	106
akademičsky	106
fanat	106
makedonjsky	106
odrěčenje	106
prisega	106
komedij	106
komedijah	106
komedijam	106
komedijami	106
komedije	106
komedijeju	106
komediji	106
komedijo	106
komediju	106
redka	106
redkah	106
redkam	106
redkami	106
redkom	106
redkov	106
redku	106
redky	106
redče	106
bojevati	106
etaž	106
odbyti	106
stupiti	106
vsakodenny	106
vsakodnevny	106
prinesti	106
razmnažanje	106
cunami	106
sodržnik	106
ukradženje	106
ustanoviti	106
utopija	106
inflacij	106
inflacijah	106
inflacijam	106
inflacijami	106
inflacije	106
inflacijeju	106
inflaciji	106
inflacijo	106
inflaciju	106
inspiracij	106
inspiracijah	106
inspiracijam	106
inspiracijami	106
inspiracije	106
inspiracijeju	106
inspiraciji	106
inspiracijo	106
inspiraciju	106
izleta	106
izletah	106
izletam	106
izletami	106
izlete	106
izletom	106
izletov	106
izletu	106
izlety	106
galuz	106
teatraljny	106
větrak	106
zakupkah	106
zakupkam	106
zakupkami	106
zakupko	106
zakupkoju	106
zakupku	106
zakupky	106
zakupkě	106
zakupok	106
odstup	106
prědgradje	106
spora	106
sporah	106
sporam	106
sporami	106
spore	106
sporom	106
sporov	106
sporu	106
spory	106
dostupnost	106
kuzina	106
pridavati	106
republikanec	106
razlik	106
razlikah	106
razlikam	106
razlikami	106
razliko	106
razlikoju	106
razliku	106
razliky	106
razlikě	106
grant	106
uběditi	106
arabska	106
arabske	106
arabski	106
arabsko	106
arabskogo	106
arabskoj	106
arabskoju	106
arabskom	106
arabskomu	106
arabsku	106
arabskyh	106
arabskym	106
arabskymi	106
šofera	106
šoferah	106
šoferam	106
šoferami	106
šofere	106
šoferi	106
šoferom	106
šoferov	106
šoferu	106
sosna	106
zapolniti	106
tancevah	106
tancevahmo	106
tancevahu	106
tanceval	106
tancevala	106
tancevali	106
tancevalo	106
tancevana	106
tancevanje	106
tancevano	106
tancevany	106
tancevaste	106
tancevavša	106
tancevavše	106
tancevavši	106
tancevaše	106
tancuj	106
tancuje	106
tancujem	106
tancujema	106
tancujemo	106
tancujemy	106
tancujete	106
tancuješ	106
tancujmo	106
tancujte	106
tancuju	106
tancujut	106
tancujuča	106
tancujuče	106
tancujuči	106
Neptun	106
kofein	106
pripravjati	106
surabotnik	106
godišna	106
godišne	106
godišni	106
godišnja	106
godišnjego	106
godišnjej	106
godišnjeje	106
godišnjeju	106
godišnjejši	106
godišnjem	106
godišnjemu	106
godišnjih	106
godišnjim	106
godišnjimi	106
godišnju	106
godišnogo	106
godišnoj	106
godišnoju	106
godišnom	106
godišnomu	106
godišnu	106
godišnyh	106
godišnym	106
godišnymi	106
godišněje	106
godišnějši	106
kompjuterne	106
kompjuterni	106
kompjuterno	106
kompjuternogo	106
kompjuternoj	106
kompjuternoju	106
kompjuternom	106
kompjuternomu	106
kompjuternu	106
kompjuternyh	106
kompjuternym	106
kompjuternymi	106
kompjuterněje	106
kompjuternějši	106
koričneva	106
koričneve	106
koričnevi	106
koričnevo	106
koričnevogo	106
koričnevoj	106
koričnevoju	106
koričnevom	106
koričnevomu	106
koričnevu	106
koričnevyh	106
koričnevym	106
koričnevymi	106
koričnevěje	106
koričnevějši	106
poezij	106
poezijah	106
poezijam	106
poezijami	106
poezije	106
poezijeju	106
poeziji	106
poezijo	106
poeziju	106
prědnostah	106
prědnostam	106
prědnostami	106
prědnosti	106
prědnostij	106
prědnostju	106
nikudy	106
objavjati	106
ryma	106
běženij	106
běženja	106
běženjah	106
běženjam	106
běženjami	106
běženjem	106
běženju	106
doskonala	106
doskonale	106
doskonali	106
doskonalo	106
doskonalogo	106
doskonaloj	106
doskonaloju	106
doskonalom	106
doskonalomu	106
doskonalu	106
doskonalyh	106
doskonalym	106
doskonalymi	106
doskonalěje	106
doskonalějši	106
žurnala	106
žurnalah	106
žurnalam	106
žurnalami	106
žurnale	106
žurnalom	106
žurnalov	106
žurnalu	106
žurnaly	106
ginekolog	106
lojaljny	106
alarma	106
alarmah	106
alarmam	106
alarmami	106
alarme	106
alarmom	106
alarmov	106
alarmu	106
alarmy	106
melodij	106
melodijah	106
melodijam	106
melodijami	106
melodije	106
melodijeju	106
melodiji	106
melodijo	106
melodiju	106
plota	106
plotah	106
plotam	106
plotami	106
plote	106
ploti	106
plotij	106
plotju	106
plotom	106
plotov	106
plotu	106
ploty	106
vladna	106
vladne	106
vladni	106
vladno	106
vladnogo	106
vladnoj	106
vladnoju	106
vladnom	106
vladnomu	106
vladnu	106
vladnyh	106
vladnym	106
vladnymi	106
vladněje	106
vladnějši	106
vpisa	106
vpisah	106
vpisam	106
vpisami	106
vpise	106
vpisom	106
vpisov	106
vpisu	106
vpisy	106
stresenje	106
branet	106
braneča	106
braneče	106
braneči	106
brani	106
branih	106
branihmo	106
branihu	106
branil	106
branila	106
branili	106
branilo	106
branim	106
branima	106
branimo	106
branimy	106
braniste	106
branite	106
branivša	106
branivše	106
branivši	106
braniš	106
braniše	106
branjena	106
branjenje	106
branjeno	106
branjeny	106
branju	106
demonstracij	106
demonstracijah	106
demonstracijam	106
demonstracijami	106
demonstracije	106
demonstracijeju	106
demonstraciji	106
demonstracijo	106
demonstraciju	106
možliva	106
možlive	106
možlivi	106
možlivogo	106
možlivoj	106
možlivoju	106
možlivom	106
možlivomu	106
možlivu	106
možlivyh	106
možlivym	106
možlivymi	106
možlivěje	106
možlivějši	106
nevojnova	106
nevojnove	106
nevojnovi	106
nevojnovo	106
nevojnovogo	106
nevojnovoj	106
nevojnovoju	106
nevojnovom	106
nevojnovomu	106
nevojnovu	106
nevojnovyh	106
nevojnovym	106
nevojnovymi	106
nevojnověje	106
nevojnovějši	106
občin	106
občinah	106
občinam	106
občinami	106
občino	106
občinoju	106
občinu	106
občiny	106
občině	106
paketa	106
paketah	106
paketam	106
paketami	106
pakete	106
paketom	106
paketov	106
paketu	106
pakety	106
okrutny	106
zemjedělišče	106
mužska	106
mužske	106
mužski	106
mužsko	106
mužskogo	106
mužskoj	106
mužskoju	106
mužskom	106
mužskomu	106
mužsku	106
mužskyh	106
mužskym	106
mužskymi	106
sobranij	106
sobranja	106
sobranjah	106
sobranjam	106
sobranjami	106
sobranjem	106
sobranju	106
uspěšnik	106
rabotničska	106
rabotničske	106
rabotničski	106
rabotničsko	106
rabotničskogo	106
rabotničskoj	106
rabotničskoju	106
rabotničskom	106
rabotničskomu	106
rabotničsku	106
rabotničskyh	106
rabotničskym	106
rabotničskymi	106
lětovišče	106
magnetny	106
odgadati	106
publikovati	106
sijanje	106
ventilacija	106
komunizma	106
komunizme	106
komunizmom	106
komunizmu	106
luko	106
lukoju	106
lukě	106
uhodet	106
uhodeča	106
uhodeče	106
uhodeči	106
uhodi	106
uhodih	106
uhodihmo	106
uhodihu	106
uhodil	106
uhodila	106
uhodili	106
uhodilo	106
uhodim	106
uhodima	106
uhodimo	106
uhodimy	106
uhodiste	106
uhodite	106
uhodivša	106
uhodivše	106
uhodivši	106
uhodiš	106
uhodiše	106
uhodžena	106
uhodženje	106
uhodženo	106
uhodženy	106
uhodžu	106
hranitelj	106
jedaljnja	106
liberaljny	106
svěča	106
zastrěliti	106
kos	106
kosah	106
kosam	106
kosami	106
koso	106
kosoju	106
kosu	106
kosy	106
kosě	106
kanalizacija	106
sarkazm	106
čestica	106
sajta	106
sajtah	106
sajtam	106
sajtami	106
sajte	106
sajtom	106
sajtov	106
sajtu	106
sajty	106
početkovy	106
toaletny	106
terora	106
terorah	106
teroram	106
terorami	106
terore	106
terorom	106
terorov	106
teroru	106
terory	106
migracij	106
migracijah	106
migracijam	106
migracijami	106
migracije	106
migracijeju	106
migraciji	106
migracijo	106
migraciju	106
prošle	106
prošlogo	106
prošloj	106
prošloju	106
prošlomu	106
prošlu	106
prošlyh	106
prošlym	106
prošlymi	106
prošlěje	106
prošlějši	106
měd	106
nasučny	106
sědiljnja	106
umětničsko	106
vozpametati	106
izpolnjenja	106
izpolnjenjem	106
izpolnjenju	106
smatrja	106
smatrjah	106
smatrjahmo	106
smatrjahu	106
smatrjaj	106
smatrjaje	106
smatrjajema	106
smatrjajemo	106
smatrjajemy	106
smatrjajete	106
smatrjaješ	106
smatrjajmo	106
smatrjajte	106
smatrjaju	106
smatrjajut	106
smatrjajuča	106
smatrjajuče	106
smatrjajuči	106
smatrjal	106
smatrjala	106
smatrjali	106
smatrjalo	106
smatrjam	106
smatrjama	106
smatrjamo	106
smatrjamy	106
smatrjana	106
smatrjanje	106
smatrjano	106
smatrjany	106
smatrjaste	106
smatrjate	106
smatrjavša	106
smatrjavše	106
smatrjavši	106
smatrjaš	106
smatrjaše	106
tajnišč	106
tajnišča	106
tajniščah	106
tajniščam	106
tajniščami	106
tajniščem	106
tajnišču	106
varianta	106
variantah	106
variantam	106
variantami	106
variante	106
variantom	106
variantov	106
variantu	106
varianty	106
vsemira	106
vsemirah	106
vsemiram	106
vsemirami	106
vsemire	106
vsemirom	106
vsemirov	106
vsemiru	106
vsemiry	106
brěmennost	106
cigareta	106
kondicioner	106
stolětij	106
stolětja	106
stolětjah	106
stolětjam	106
stolětjami	106
stolětjem	106
stolětju	106
užas	106
zavračenij	106
zavračenja	106
zavračenjah	106
zavračenjam	106
zavračenjami	106
zavračenjem	106
zavračenju	106
ironij	106
ironijah	106
ironijam	106
ironijami	106
ironije	106
ironijeju	106
ironiji	106
ironijo	106
ironiju	106
ustavet	106
ustaveča	106
ustaveče	106
ustaveči	106
ustavi	106
ustavih	106
ustavihmo	106
ustavihu	106
ustavil	106
ustavila	106
ustavili	106
ustavilo	106
ustavim	106
ustavima	106
ustavimo	106
ustavimy	106
ustaviste	106
ustavite	106
ustavivša	106
ustavivše	106
ustavivši	106
ustaviš	106
ustaviše	106
ustavjena	106
ustavjeno	106
ustavjeny	106
ustavju	106
vil	106
vilah	106
vilam	106
vilami	106
vilo	106
viloju	106
vilu	106
vily	106
vilě	106
hrom	106
nožice	106
opravdanje	106
zaglavje	106
odda	106
oddadoma	106
oddadomo	106
oddadomy	106
oddadut	106
oddaduča	106
oddaduče	106
oddaduči	106
oddah	106
oddahmo	106
oddahu	106
oddaj	106
oddajmo	106
oddajte	106
oddal	106
oddala	106
oddali	106
oddalo	106
oddam	106
oddamo	106
oddana	106
oddanje	106
oddano	106
oddany	106
oddaste	106
oddate	106
oddavša	106
oddavše	106
oddavši	106
oddaš	106
oddaše	106
zabezpameča	106
zabezpamečah	106
zabezpamečahmo	106
zabezpamečahu	106
zabezpamečaj	106
zabezpamečaje	106
zabezpamečajema	106
zabezpamečajemo	106
zabezpamečajemy	106
zabezpamečajete	106
zabezpamečaješ	106
zabezpamečajmo	106
zabezpamečajte	106
zabezpamečaju	106
zabezpamečajut	106
zabezpamečajuča	106
zabezpamečajuče	106
zabezpamečajuči	106
zabezpamečal	106
zabezpamečala	106
zabezpamečali	106
zabezpamečalo	106
zabezpamečam	106
zabezpamečama	106
zabezpamečamo	106
zabezpamečamy	106
zabezpamečana	106
zabezpamečanje	106
zabezpamečano	106
zabezpamečany	106
zabezpamečaste	106
zabezpamečate	106
zabezpamečavša	106
zabezpamečavše	106
zabezpamečavši	106
zabezpamečaš	106
zabezpamečaše	106
zabyva	106
zabyvah	106
zabyvahmo	106
zabyvahu	106
zabyvaj	106
zabyvaje	106
zabyvajema	106
zabyvajemo	106
zabyvajemy	106
zabyvajete	106
zabyvaješ	106
zabyvajmo	106
zabyvajte	106
zabyvaju	106
zabyvajut	106
zabyvajuča	106
zabyvajuče	106
zabyvajuči	106
zabyval	106
zabyvala	106
zabyvali	106
zabyvalo	106
zabyvam	106
zabyvama	106
zabyvamo	106
zabyvamy	106
zabyvana	106
zabyvanje	106
zabyvano	106
zabyvany	106
zabyvaste	106
zabyvate	106
zabyvavša	106
zabyvavše	106
zabyvavši	106
zabyvaš	106
zabyvaše	106
Moldavija	106
Moldova	106
bor	106
děliti	106
hvaliti	106
prispěti	106
strěljka	106
viking	106
vozvršenje	106
vrěča	106
dvojna	106
dvojne	106
dvojni	106
dvojnogo	106
dvojnoj	106
dvojnoju	106
dvojnom	106
dvojnomu	106
dvojnu	106
dvojnyh	106
dvojnym	106
dvojnymi	106
dvojněje	106
dvojnějši	106
uraz	106
urazah	106
urazam	106
urazami	106
urazo	106
urazoju	106
urazu	106
urazy	106
urazě	106
mladet	106
mladeta	106
mladetah	106
mladetam	106
mladetami	106
mladete	106
mladetem	106
mladeti	106
mladetom	106
mladetu	106
pečenjah	106
pečenjam	106
pečenjami	106
pečenji	106
pečenjij	106
pečenju	106
dobyvati	106
epoha	106
legti	106
proigrati	106
složeny	106
dověrjenja	106
dověrjenjem	106
dověrjenju	106
duzina	106
ekosistema	106
kolaps	106
div	106
diva	106
divah	106
divam	106
divami	106
dives	106
divesa	106
divesah	106
divesam	106
divesami	106
divese	106
divesem	106
divesi	106
divom	106
divu	106
kritiki	106
kritikom	106
kritikov	106
kritiče	106
letet	106
leteča	106
leteče	106
leteči	106
leti	106
letim	106
letima	106
letimo	106
letimy	106
letite	106
letiš	106
letěh	106
letěhmo	106
letěhu	106
letěl	106
letěla	106
letěli	106
letělo	106
letěna	106
letěnje	106
letěno	106
letěny	106
letěste	106
letěvša	106
letěvše	106
letěvši	106
letěše	106
leču	106
ličnostah	106
ličnostam	106
ličnostami	106
ličnosti	106
ličnostij	106
ličnostju	106
tabora	106
taborah	106
taboram	106
taborami	106
tabore	106
taborom	106
taborov	106
taboru	106
tabory	106
uniščena	106
uniščeno	106
uniščeny	106
uniščet	106
uniščeča	106
uniščeče	106
uniščeči	106
unišči	106
uniščih	106
uniščihmo	106
uniščihu	106
uniščil	106
uniščila	106
uniščili	106
uniščilo	106
uniščim	106
uniščima	106
uniščimo	106
uniščimy	106
uniščiste	106
uniščite	106
uniščivša	106
uniščivše	106
uniščivši	106
uniščiš	106
uniščiše	106
unišču	106
vitamina	106
vitaminah	106
vitaminam	106
vitaminami	106
vitamine	106
vitaminom	106
vitaminov	106
vitaminu	106
vitaminy	106
alias	106
obměnjati	106
ravnoznačnik	106
dražna	106
dražne	106
dražni	106
dražno	106
dražnogo	106
dražnoj	106
dražnoju	106
dražnom	106
dražnomu	106
dražnu	106
dražnyh	106
dražnym	106
dražnymi	106
dražněje	106
dražnějši	106
oddyha	106
oddyhah	106
oddyham	106
oddyhami	106
oddyhom	106
oddyhov	106
oddyhu	106
oddyhy	106
oddyše	106
granatno	106
prěměnna	106
vran	106
zaplanovati	106
izgodny	106
logičny	106
odznaka	106
ponovny	106
gromad	106
gromadah	106
gromadam	106
gromadami	106
gromado	106
gromadoju	106
gromadu	106
gromady	106
gromadě	106
izbuha	106
izbuhah	106
izbuham	106
izbuhami	106
izbuhom	106
izbuhov	106
izbuhu	106
izbuhy	106
izbuše	106
kompjutera	106
kompjuterah	106
kompjuteram	106
kompjuterami	106
kompjutere	106
kompjuterom	106
kompjuterov	106
kompjuteru	106
kompjutery	106
konvoja	106
konvojah	106
konvojam	106
konvojami	106
konvoje	106
konvojem	106
konvojev	106
konvoju	106
astronom	105
potrohu	105
zvězdoznavec	105
Čehoslovakija	105
eseja	105
esejah	105
esejam	105
esejami	105
eseje	105
esejem	105
esejev	105
eseju	105
konkurent	105
sěry	105
zubny	105
činovnik	105
trub	105
trubah	105
trubam	105
trubami	105
trubo	105
truboju	105
trubu	105
truby	105
trubě	105
palca	105
palcah	105
palcam	105
palcami	105
palce	105
palcem	105
palcev	105
palcu	105
palče	105
atut	105
neprijateljstvo	105
ogled	105
ostavjati	105
spokrovnjeny	105
komin	105
kozyr	105
stvrditi	105
četyrikratno	105
něčija	105
něčijego	105
něčijej	105
něčijeju	105
něčijem	105
něčijemu	105
něčiji	105
něčijih	105
něčijim	105
něčijimi	105
něčiju	105
prohodek	105
prohodkah	105
prohodkam	105
prohodkami	105
prohodko	105
prohodkoju	105
prohodku	105
prohodky	105
prohodkě	105
ekologije	105
ekologijeju	105
ekologiji	105
ekologijo	105
ekologiju	105
adaptacija	105
biolog	105
jama	105
milosrdje	105
suša	105
zamolvjenje	105
kristala	105
kristalah	105
kristalam	105
kristalami	105
kristale	105
kristalom	105
kristalov	105
kristalu	105
kristaly	105
mačeha	105
odpisati	105
portugaljsky	105
strogo	105
obložek	105
obložkah	105
obložkam	105
obložkami	105
obložko	105
obložkoju	105
obložku	105
obložky	105
obložkě	105
rud	105
rudah	105
rudam	105
rudami	105
rudo	105
rudoju	105
rudu	105
rudy	105
rudě	105
Sarajevo	105
interierny	105
kliničny	105
molnej	105
molnjah	105
molnjam	105
molnjami	105
molnje	105
molnjeju	105
molnji	105
molnjo	105
molnju	105
pytaljnik	105
vida	105
vidah	105
vidam	105
vidami	105
vidom	105
vidov	105
vidu	105
vidy	105
zamknuti	105
evangelij	105
evangelja	105
evangeljah	105
evangeljam	105
evangeljami	105
evangeljem	105
evangelju	105
prijateljstv	105
prijateljstva	105
prijateljstvah	105
prijateljstvam	105
prijateljstvami	105
prijateljstvom	105
prijateljstvu	105
vzadna	105
vzadne	105
vzadni	105
vzadno	105
vzadnogo	105
vzadnoj	105
vzadnoju	105
vzadnom	105
vzadnomu	105
vzadnu	105
vzadnyh	105
vzadnym	105
vzadnymi	105
vzadněje	105
vzadnějši	105
izstavjenje	105
ljubimy	105
lomjenje	105
poetičny	105
vključiteljny	105
doč	105
dočah	105
dočam	105
dočami	105
dočeju	105
dočo	105
doču	105
glubša	105
glubše	105
glubšego	105
glubšej	105
glubšeje	105
glubšeju	105
glubšejši	105
glubšem	105
glubšemu	105
glubših	105
glubšim	105
glubšimi	105
glubšu	105
tramvaja	105
tramvajah	105
tramvajam	105
tramvajami	105
tramvaje	105
tramvajem	105
tramvajev	105
tramvaju	105
ustanovitelja	105
ustanoviteljah	105
ustanoviteljam	105
ustanoviteljami	105
ustanoviteljem	105
ustanoviteljev	105
ustanovitelji	105
ustanovitelju	105
kalcij	105
učilišč	105
učilišča	105
učiliščah	105
učiliščam	105
učiliščami	105
učiliščem	105
učilišču	105
bogatost	105
investor	105
odinud	105
odklonjenje	105
pomirjenje	105
pravdivo	105
prigotoviti	105
razsmatrjati	105
zautrišnji	105
zautrišny	105
jedvab	105
kvantova	105
nogot	105
parižsky	105
simboličny	105
sostaviti	105
suši	105
karnavala	105
karnavalah	105
karnavalam	105
karnavalami	105
karnavale	105
karnavalom	105
karnavalov	105
karnavalu	105
karnavaly	105
zemjetresenij	105
zemjetresenja	105
zemjetresenjah	105
zemjetresenjam	105
zemjetresenjami	105
zemjetresenjem	105
zemjetresenju	105
fejerverk	105
mučenje	105
vozbranjeny	105
vozsilovač	105
medla	105
medle	105
medli	105
medlogo	105
medloj	105
medloju	105
medlom	105
medlomu	105
medlu	105
medlyh	105
medlym	105
medlymi	105
medlěje	105
medlějši	105
postupa	105
postupah	105
postupam	105
postupami	105
postupe	105
postupom	105
postupov	105
postupu	105
postupy	105
tekutin	105
tekutinah	105
tekutinam	105
tekutinami	105
tekutino	105
tekutinoju	105
tekutinu	105
tekutiny	105
tekutině	105
dvupěva	105
dvupěvah	105
dvupěvam	105
dvupěvami	105
dvupěve	105
dvupěvom	105
dvupěvov	105
dvupěvu	105
dvupěvy	105
děljenij	105
děljenja	105
děljenjah	105
děljenjam	105
děljenjami	105
děljenjem	105
děljenju	105
molv	105
molvah	105
molvam	105
molvami	105
molvo	105
molvoju	105
molvu	105
molvě	105
pravedna	105
pravedne	105
pravedni	105
pravedno	105
pravednogo	105
pravednoj	105
pravednoju	105
pravednom	105
pravednomu	105
pravednu	105
pravednyh	105
pravednym	105
pravednymi	105
pravedněje	105
pravednějši	105
prijemnostah	105
prijemnostam	105
prijemnostami	105
prijemnosti	105
prijemnostij	105
slušalkah	105
slušalkam	105
slušalkami	105
slušalok	105
smutka	105
smutkah	105
smutkam	105
smutkami	105
smutkom	105
smutkov	105
smutku	105
smutky	105
smutče	105
stiha	105
stihah	105
stiham	105
stihami	105
stihom	105
stihov	105
stihu	105
stihy	105
stiše	105
avtobusny	105
podrastka	105
Žid	105
profesionala	105
profesionalah	105
profesionalam	105
profesionalami	105
profesionale	105
profesionali	105
profesionalom	105
profesionalov	105
profesionalu	105
podobati	105
větka	105
nacionalizma	105
nacionalizme	105
nacionalizmom	105
nacionalizmu	105
uprav	105
upravah	105
upravam	105
upravami	105
upravo	105
upravoju	105
upravu	105
upravy	105
upravě	105
konkluzija	105
kratno	105
byte	105
bytom	105
bytu	105
epidemij	105
epidemijah	105
epidemijam	105
epidemijami	105
epidemije	105
epidemijeju	105
epidemiji	105
epidemijo	105
epidemiju	105
iznahodka	105
iznahodkah	105
iznahodkam	105
iznahodkami	105
iznahodkom	105
iznahodkov	105
iznahodku	105
iznahodky	105
iznahodče	105
šestnadseti	105
šestnadsetju	105
sojdti	105
zapas	105
almanah	105
kaseta	105
nastati	105
startovati	105
tornado	105
izkorista	105
izkoristah	105
izkoristahmo	105
izkoristahu	105
izkoristaj	105
izkoristaje	105
izkoristajema	105
izkoristajemo	105
izkoristajemy	105
izkoristajete	105
izkoristaješ	105
izkoristajmo	105
izkoristajte	105
izkoristaju	105
izkoristajut	105
izkoristajuča	105
izkoristajuče	105
izkoristajuči	105
izkoristal	105
izkoristala	105
izkoristali	105
izkoristalo	105
izkoristam	105
izkoristama	105
izkoristamo	105
izkoristamy	105
izkoristana	105
izkoristanje	105
izkoristano	105
izkoristany	105
izkoristaste	105
izkoristate	105
izkoristavša	105
izkoristavše	105
izkoristavši	105
izkoristaš	105
izkoristaše	105
prijema	105
prijemah	105
prijemam	105
prijemami	105
prijeme	105
prijemom	105
prijemov	105
prijemu	105
prijemy	105
griven	105
grivnah	105
grivnam	105
grivnami	105
grivno	105
grivnoju	105
grivnu	105
grivny	105
grivně	105
band	105
bandah	105
bandam	105
bandami	105
bando	105
bandoju	105
bandu	105
bandy	105
bandě	105
lekcij	105
lekcijah	105
lekcijam	105
lekcijami	105
lekcije	105
lekcijeju	105
lekciji	105
lekcijo	105
lekciju	105
prodavca	105
prodavcah	105
prodavcam	105
prodavcami	105
prodavcem	105
prodavcev	105
prodavci	105
prodavcu	105
prodavče	105
seksego	105
seksej	105
sekseje	105
sekseju	105
seksejši	105
seksem	105
seksemu	105
seksih	105
seksim	105
seksimi	105
uvoljnet	105
uvoljneča	105
uvoljneče	105
uvoljneči	105
uvoljni	105
uvoljnih	105
uvoljnihmo	105
uvoljnihu	105
uvoljnil	105
uvoljnila	105
uvoljnili	105
uvoljnilo	105
uvoljnim	105
uvoljnima	105
uvoljnimo	105
uvoljnimy	105
uvoljniste	105
uvoljnite	105
uvoljnivša	105
uvoljnivše	105
uvoljnivši	105
uvoljniš	105
uvoljniše	105
uvoljnjena	105
uvoljnjenje	105
uvoljnjeno	105
uvoljnjeny	105
uvoljnju	105
kust	105
leopard	105
prěvezti	105
spravědlivy	105
srodnik	105
vezenje	105
měnja	105
měnjah	105
měnjahmo	105
měnjahu	105
měnjaj	105
měnjaje	105
měnjajema	105
měnjajemo	105
měnjajemy	105
měnjajete	105
měnjaješ	105
měnjajmo	105
měnjajte	105
měnjaju	105
měnjajut	105
měnjajuča	105
měnjajuče	105
měnjajuči	105
měnjal	105
měnjala	105
měnjali	105
měnjalo	105
měnjam	105
měnjama	105
měnjamo	105
měnjamy	105
měnjana	105
měnjanje	105
měnjano	105
měnjany	105
měnjaste	105
měnjate	105
měnjavša	105
měnjavše	105
měnjavši	105
měnjaš	105
měnjaše	105
obraza	105
obrazah	105
obrazam	105
obrazami	105
obraze	105
obrazom	105
obrazov	105
obrazu	105
obrazy	105
pogrěšek	105
pogrěškah	105
pogrěškam	105
pogrěškami	105
pogrěško	105
pogrěškoju	105
pogrěšku	105
pogrěšky	105
pogrěškě	105
polučena	105
polučenje	105
polučeno	105
polučeny	105
polučet	105
polučeča	105
polučeče	105
polučeči	105
poluči	105
polučih	105
polučihmo	105
polučihu	105
polučil	105
polučila	105
polučili	105
polučilo	105
polučim	105
polučima	105
polučimo	105
polučimy	105
polučiste	105
polučite	105
polučivša	105
polučivše	105
polučivši	105
polučiš	105
polučiše	105
poluču	105
ekspedicija	105
měsečny	105
skot	105
gustota	105
ravniti	105
sědy	105
hmelj	105
caric	105
caricah	105
caricam	105
caricami	105
carice	105
cariceju	105
carici	105
carico	105
caricu	105
dokumentacije	105
dokumentacijeju	105
dokumentaciji	105
dokumentacijo	105
dokumentaciju	105
genija	105
genijah	105
genijam	105
genijami	105
genijem	105
genijev	105
geniji	105
geniju	105
nenavisti	105
nenavistju	105
bjuleten	105
desetka	105
iztvorjenja	105
iztvorjenjem	105
iztvorjenju	105
koordinacija	105
stojka	105
izraza	105
izrazah	105
izrazam	105
izrazami	105
izraze	105
izrazom	105
izrazov	105
izrazu	105
izrazy	105
majaka	105
majakah	105
majakam	105
majakami	105
majakom	105
majakov	105
majaku	105
majaky	105
majače	105
objezda	105
objezdah	105
objezdam	105
objezdami	105
objezde	105
objezdom	105
objezdov	105
objezdu	105
objezdy	105
metaličny	105
skladišče	105
spěšiti	105
apetita	105
apetite	105
apetitom	105
apetitu	105
dokončena	105
dokončeno	105
dokončeny	105
dokončet	105
dokončeča	105
dokončeče	105
dokončeči	105
dokonči	105
dokončih	105
dokončihmo	105
dokončihu	105
dokončil	105
dokončila	105
dokončili	105
dokončilo	105
dokončim	105
dokončima	105
dokončimo	105
dokončimy	105
dokončiste	105
dokončite	105
dokončivša	105
dokončivše	105
dokončivši	105
dokončiš	105
dokončiše	105
dokonču	105
osvobodet	105
osvobodeča	105
osvobodeče	105
osvobodeči	105
osvobodi	105
osvobodih	105
osvobodihmo	105
osvobodihu	105
osvobodil	105
osvobodila	105
osvobodili	105
osvobodilo	105
osvobodim	105
osvobodima	105
osvobodimo	105
osvobodimy	105
osvobodiste	105
osvobodite	105
osvobodivša	105
osvobodivše	105
osvobodivši	105
osvobodiš	105
osvobodiše	105
osvobodžena	105
osvobodženo	105
osvobodženy	105
osvobodžu	105
praktična	105
praktične	105
praktični	105
praktičnogo	105
praktičnoj	105
praktičnoju	105
praktičnom	105
praktičnomu	105
praktičnu	105
praktičnyh	105
praktičnym	105
praktičnymi	105
praktičněje	105
praktičnějši	105
zanečiščenij	105
zanečiščenja	105
zanečiščenjah	105
zanečiščenjam	105
zanečiščenjami	105
zanečiščenjem	105
zanečiščenju	105
garancija	105
podstava	105
ustrojitelj	105
interfejsa	105
interfejsah	105
interfejsam	105
interfejsami	105
interfejse	105
interfejsom	105
interfejsov	105
interfejsu	105
interfejsy	105
bagažnik	105
intuicija	105
narěkti	105
prigoditi	105
toalet	105
koraba	105
korabah	105
korabam	105
korabami	105
korabe	105
korabom	105
korabov	105
korabu	105
koraby	105
kosmične	105
kosmični	105
kosmično	105
kosmičnogo	105
kosmičnoj	105
kosmičnoju	105
kosmičnom	105
kosmičnomu	105
kosmičnu	105
kosmičnyh	105
kosmičnym	105
kosmičnymi	105
kosmičněje	105
kosmičnějši	105
poroda	105
porodah	105
porodam	105
porodami	105
porode	105
porodom	105
porodov	105
porodu	105
porody	105
projede	105
projedem	105
projedemo	105
projedete	105
projedeš	105
projedi	105
projedimo	105
projedite	105
projedoma	105
projedomo	105
projedomy	105
projedu	105
projedut	105
projeduča	105
projeduče	105
projeduči	105
projehah	105
projehahmo	105
projehahu	105
projehal	105
projehala	105
projehali	105
projehalo	105
projehana	105
projehanje	105
projehano	105
projehany	105
projehaste	105
projehavša	105
projehavše	105
projehavši	105
projehaše	105
inovacija	105
napasti	105
povratiti	105
prašeka	105
prašekah	105
prašekam	105
prašekami	105
prašekom	105
prašekov	105
prašeku	105
prašeky	105
prašeče	105
četyrinadseti	105
četyrinadsetju	105
radovati	105
spomaljenje	105
spustet	105
spusteča	105
spusteče	105
spusteči	105
spusti	105
spustih	105
spustihmo	105
spustihu	105
spustil	105
spustila	105
spustili	105
spustilo	105
spustim	105
spustima	105
spustimo	105
spustimy	105
spustiste	105
spustite	105
spustivša	105
spustivše	105
spustivši	105
spustiš	105
spustiše	105
spuščena	105
spuščenje	105
spuščeno	105
spuščeny	105
spušču	105
izkupa	105
izkupah	105
izkupam	105
izkupami	105
izkupe	105
izkupom	105
izkupov	105
izkupu	105
izkupy	105
slěpa	105
slěpe	105
slěpi	105
slěpo	105
slěpogo	105
slěpoj	105
slěpoju	105
slěpom	105
slěpomu	105
slěpu	105
slěpyh	105
slěpym	105
slěpymi	105
slěpěje	105
slěpějši	105
industrialjny	105
pripadati	105
zaležno	105
značnost	105
atoma	105
atomah	105
atomam	105
atomami	105
atome	105
atomom	105
atomov	105
atomu	105
atomy	105
petah	105
petam	105
petami	105
petě	105
akcent	105
poslanec	105
prima	105
zapověd	105
hazarda	105
hazardah	105
hazardam	105
hazardami	105
hazarde	105
hazardom	105
hazardov	105
hazardu	105
hazardy	105
nahodkah	105
nahodkam	105
nahodkami	105
nahodko	105
nahodkoju	105
nahodku	105
nahodky	105
nahodkě	105
nahodok	105
vulkana	105
vulkanah	105
vulkanam	105
vulkanami	105
vulkane	105
vulkanom	105
vulkanov	105
vulkanu	105
vulkany	105
karp	105
uběgti	105
slědet	105
slědeča	105
slědeče	105
slědeči	105
slědi	105
slědih	105
slědihmo	105
slědihu	105
slědil	105
slědila	105
slědili	105
slědilo	105
slědim	105
slědima	105
slědimo	105
slědimy	105
slědiste	105
slědite	105
slědivša	105
slědivše	105
slědivši	105
slědiš	105
slědiše	105
slědžena	105
slědženje	105
slědženo	105
slědženy	105
slědžu	105
upravitelja	105
upraviteljah	105
upraviteljam	105
upraviteljami	105
upraviteljem	105
upraviteljev	105
upravitelji	105
upravitelju	105
investovati	105
pěnez	105
rokenrol	105
kovača	105
kovačah	105
kovačam	105
kovačami	105
kovačem	105
kovačev	105
kovači	105
kovaču	105
mang	105
manga	105
mangah	105
mangam	105
mangami	105
mangom	105
mangu	105
klimatsko	105
priznak	105
protein	105
pilah	105
pilam	105
pilami	105
piloju	105
pilu	105
pily	105
pilě	105
projektant	105
trudnost	105
okazij	105
okazijah	105
okazijam	105
okazijami	105
okazije	105
okazijeju	105
okaziji	105
okazijo	105
okaziju	105
interakcij	105
interakcijah	105
interakcijam	105
interakcijami	105
interakcije	105
interakcijeju	105
interakciji	105
interakcijo	105
interakciju	105
stranna	105
stranne	105
stranni	105
stranno	105
strannogo	105
strannoj	105
strannoju	105
strannom	105
strannomu	105
strannu	105
strannyh	105
strannym	105
strannymi	105
stranněje	105
strannějši	105
bronzovy	105
kamerny	105
legija	105
stolp	105
dyhanja	105
dyhanjem	105
dyhanju	105
kašlja	105
kašljah	105
kašljam	105
kašljami	105
kašlje	105
kašljem	105
kašljev	105
kašlju	105
prigotovjenij	105
prigotovjenja	105
prigotovjenjah	105
prigotovjenjam	105
prigotovjenjami	105
prigotovjenjem	105
prigotovjenju	105
produkcij	105
produkcijah	105
produkcijam	105
produkcijami	105
produkcije	105
produkcijeju	105
produkciji	105
produkcijo	105
produkciju	105
těst	105
těsta	105
těstah	105
těstam	105
těstami	105
těstom	105
těstu	105
Urugvaj	105
akuratny	105
nadměrno	105
prirast	105
udobno	105
črězměrno	105
dorastli	105
dorastlogo	105
dorastlom	105
dorastlomu	105
dorastlu	105
dorastlěje	105
dorastlějši	105
zaměšanje	105
děvčin	105
děvčinah	105
děvčinam	105
děvčinami	105
děvčino	105
děvčinoju	105
děvčinu	105
děvčiny	105
děvčině	105
loža	105
ložem	105
ložu	105
pripustet	105
pripusteča	105
pripusteče	105
pripusteči	105
pripusti	105
pripustih	105
pripustihmo	105
pripustihu	105
pripustil	105
pripustila	105
pripustili	105
pripustilo	105
pripustim	105
pripustima	105
pripustimo	105
pripustimy	105
pripustiste	105
pripustite	105
pripustivša	105
pripustivše	105
pripustivši	105
pripustiš	105
pripustiše	105
pripuščena	105
pripuščenje	105
pripuščeno	105
pripuščeny	105
pripušču	105
trgovej	105
trgovjah	105
trgovjam	105
trgovjami	105
trgovje	105
trgovjeju	105
trgovji	105
trgovjo	105
trgovju	105
fljaška	105
fuzija	105
nuklearna	105
něžny	105
otegčati	105
porok	105
bystrosti	105
bystrostju	105
entiteta	105
entitetah	105
entitetam	105
entitetami	105
entitete	105
entitetom	105
entitetov	105
entitetu	105
entitety	105
harmonij	105
harmonijah	105
harmonijam	105
harmonijami	105
harmonije	105
harmonijeju	105
harmoniji	105
harmonijo	105
harmoniju	105
neprijatelj	105
opakovka	105
ovena	105
ovenah	105
ovenam	105
ovenami	105
ovene	105
oveni	105
ovenom	105
ovenov	105
ovenu	105
ovna	105
ovnah	105
ovnam	105
ovnami	105
ovne	105
ovni	105
ovnom	105
ovnov	105
ovnu	105
patenta	105
patentah	105
patentam	105
patentami	105
patente	105
patentom	105
patentov	105
patentu	105
patenty	105
čuh	105
čuhmo	105
čuhu	105
čuj	105
čuje	105
čujem	105
čujema	105
čujemo	105
čujemy	105
čujete	105
čuješ	105
čujmo	105
čujte	105
čuju	105
čujut	105
čujuča	105
čujuče	105
čujuči	105
čul	105
čula	105
čuli	105
čulo	105
čuste	105
čuta	105
čuto	105
čuty	105
čuvša	105
čuvše	105
čuvši	105
čuše	105
dobrost	105
geografičny	105
podzemje	105
dobude	105
dobudem	105
dobudemo	105
dobudete	105
dobudeš	105
dobudi	105
dobudimo	105
dobudite	105
dobudoma	105
dobudomo	105
dobudomy	105
dobudu	105
dobudut	105
dobuduča	105
dobuduče	105
dobuduči	105
dobyh	105
dobyhmo	105
dobyhu	105
dobyl	105
dobyla	105
dobyli	105
dobylo	105
dobyste	105
dobyta	105
dobytje	105
dobyto	105
dobyty	105
dobyvša	105
dobyvše	105
dobyvši	105
dobyše	105
oděžah	105
oděžam	105
oděžami	105
oděži	105
oděžij	105
oděžju	105
napravja	105
napravjah	105
napravjahmo	105
napravjahu	105
napravjaj	105
napravjaje	105
napravjajema	105
napravjajemo	105
napravjajemy	105
napravjajete	105
napravjaješ	105
napravjajmo	105
napravjajte	105
napravjaju	105
napravjajut	105
napravjajuča	105
napravjajuče	105
napravjajuči	105
napravjal	105
napravjala	105
napravjali	105
napravjalo	105
napravjam	105
napravjama	105
napravjamo	105
napravjamy	105
napravjana	105
napravjanje	105
napravjano	105
napravjany	105
napravjaste	105
napravjate	105
napravjavša	105
napravjavše	105
napravjavši	105
napravjaš	105
napravjaše	105
Nigerija	105
atrakcija	105
dinozavr	105
šestdeseti	105
šestdesetju	105
cvětny	104
kloun	104
precedent	104
četyrista	104
četyristo	104
etapa	104
etapah	104
etapam	104
etapami	104
etape	104
etapom	104
etapov	104
etapu	104
etapy	104
tečno	104
žarovka	104
filtra	104
filtrah	104
filtram	104
filtrami	104
filtre	104
filtrom	104
filtrov	104
filtru	104
filtry	104
porot	104
porotah	104
porotam	104
porotami	104
poroto	104
porotoju	104
porotu	104
poroty	104
porotě	104
asfalta	104
asfalte	104
asfaltom	104
asfaltu	104
ambiciozny	104
banket	104
mogutny	104
plast	104
prestižny	104
privatnost	104
vakacije	104
okolic	104
okolicah	104
okolicam	104
okolicami	104
organizatora	104
organizatorah	104
organizatoram	104
organizatorami	104
organizatore	104
organizatori	104
organizatorom	104
organizatorov	104
organizatoru	104
izbrati	104
klětkah	104
klětkam	104
klětkami	104
klětko	104
klětkoju	104
klětku	104
klětky	104
klětkě	104
klětok	104
per	104
pera	104
perah	104
peram	104
perami	104
perom	104
peru	104
policijnika	104
policijnikah	104
policijnikam	104
policijnikami	104
policijniki	104
policijnikom	104
policijnikov	104
policijniku	104
policijniče	104
prihoda	104
prihodah	104
prihodam	104
prihodami	104
prihode	104
prihodom	104
prihodov	104
prihodu	104
prihody	104
prosta	104
proste	104
prosti	104
prostogo	104
prostoj	104
prostoju	104
prostom	104
prostomu	104
prostu	104
prostyh	104
prostym	104
prostymi	104
prostěje	104
prostějši	104
zeta	104
zetah	104
zetam	104
zetami	104
zetem	104
zetev	104
zeti	104
zetu	104
ajsberg	104
ljudskost	104
lodka	104
oblegčiti	104
obsada	104
lav	104
lavah	104
lavam	104
lavami	104
lavo	104
lavoju	104
lavu	104
lavy	104
lavě	104
zatvoriti	104
kapja	104
nanesti	104
žlěza	104
literarna	104
literarne	104
literarni	104
literarno	104
literarnogo	104
literarnoj	104
literarnoju	104
literarnom	104
literarnomu	104
literarnu	104
literarnyh	104
literarnym	104
literarnymi	104
literarněje	104
literarnějši	104
primětkah	104
primětkam	104
primětkami	104
primětko	104
primětkoju	104
primětku	104
primětky	104
primětkě	104
primětok	104
smenšenij	104
smenšenja	104
smenšenjah	104
smenšenjam	104
smenšenjami	104
smenšenjem	104
smenšenju	104
sobstvenika	104
sobstvenikah	104
sobstvenikam	104
sobstvenikami	104
sobstveniki	104
sobstvenikom	104
sobstvenikov	104
sobstveniku	104
sobstveniče	104
socializma	104
socializme	104
socializmom	104
socializmu	104
nazadno	104
obniženje	104
okolina	104
puč	104
diplomata	104
diplomatah	104
diplomatam	104
diplomatami	104
diplomate	104
diplomati	104
diplomatom	104
diplomatov	104
diplomatu	104
bridka	104
bridke	104
bridki	104
bridkogo	104
bridkoj	104
bridkoju	104
bridkom	104
bridkomu	104
bridku	104
bridkyh	104
bridkym	104
bridkymi	104
bridši	104
bridže	104
odmetne	104
odmetnem	104
odmetnema	104
odmetnemo	104
odmetnemy	104
odmetnete	104
odmetneš	104
odmetni	104
odmetnimo	104
odmetnite	104
odmetnu	104
odmetnuh	104
odmetnuhmo	104
odmetnuhu	104
odmetnul	104
odmetnula	104
odmetnuli	104
odmetnulo	104
odmetnuste	104
odmetnut	104
odmetnuta	104
odmetnutje	104
odmetnuto	104
odmetnuty	104
odmetnuvša	104
odmetnuvše	104
odmetnuvši	104
odmetnuča	104
odmetnuče	104
odmetnuči	104
odmetnuše	104
neznanje	104
administratora	104
administratorah	104
administratoram	104
administratorami	104
administratore	104
administratori	104
administratorom	104
administratorov	104
administratoru	104
almaza	104
almazah	104
almazam	104
almazami	104
almaze	104
almazom	104
almazov	104
almazu	104
almazy	104
eksporta	104
eksporte	104
eksportom	104
eksportu	104
polusa	104
polusah	104
polusam	104
polusami	104
poluse	104
polusom	104
polusov	104
polusu	104
polusy	104
gledač	104
lavina	104
otvorjene	104
otvorjeni	104
otvorjenogo	104
otvorjenoj	104
otvorjenoju	104
otvorjenom	104
otvorjenomu	104
otvorjenu	104
otvorjenyh	104
otvorjenym	104
otvorjenymi	104
otvorjeněje	104
otvorjenějši	104
elektrostancija	104
fikcija	104
istinnost	104
kolona	104
ustupiti	104
zajmati	104
šarm	104
načelah	104
načelam	104
načelami	104
načelom	104
načelu	104
pismennostah	104
pismennostam	104
pismennostami	104
pismennosti	104
pismennostij	104
pismennostju	104
razširjenij	104
razširjenja	104
razširjenjah	104
razširjenjam	104
razširjenjami	104
razširjenjem	104
razširjenju	104
viskah	104
viskam	104
viskami	104
viske	104
viskeju	104
visko	104
visku	104
visok	104
domenno	104
prěgleda	104
prěgledah	104
prěgledam	104
prěgledami	104
prěglede	104
prěgledom	104
prěgledov	104
prěgledu	104
prěgledy	104
korica	104
pastah	104
pastam	104
pastami	104
pasti	104
pastij	104
pastju	104
licencij	104
licencijah	104
licencijam	104
licencijami	104
licencije	104
licencijeju	104
licenciji	104
licencijo	104
licenciju	104
marka	104
priliv	104
pustet	104
pusteča	104
pusteče	104
pusteči	104
pusti	104
pustih	104
pustihmo	104
pustihu	104
pustil	104
pustila	104
pustili	104
pustilo	104
pustim	104
pustima	104
pustimo	104
pustimy	104
pustiste	104
pustite	104
pustivša	104
pustivše	104
pustivši	104
pustiš	104
pustiše	104
puščena	104
puščenje	104
puščeno	104
puščeny	104
pušču	104
lokomotiv	104
lokomotivah	104
lokomotivam	104
lokomotivami	104
lokomotivo	104
lokomotivoju	104
lokomotivu	104
lokomotivy	104
lokomotivě	104
pasa	104
pasah	104
pasam	104
pasami	104
pase	104
pasom	104
pasov	104
pasu	104
pasy	104
sěmejstv	104
sěmejstva	104
sěmejstvah	104
sěmejstvam	104
sěmejstvami	104
sěmejstvom	104
sěmejstvu	104
ubih	104
ubihmo	104
ubihu	104
ubij	104
ubije	104
ubijem	104
ubijema	104
ubijemo	104
ubijemy	104
ubijete	104
ubiješ	104
ubijmo	104
ubijte	104
ubiju	104
ubijut	104
ubijuča	104
ubijuče	104
ubijuči	104
ubil	104
ubila	104
ubili	104
ubilo	104
ubiste	104
ubita	104
ubitje	104
ubito	104
ubity	104
ubivša	104
ubivše	104
ubivši	104
ubiše	104
časove	104
časovi	104
časovo	104
časovogo	104
časovoj	104
časovoju	104
časovom	104
časovomu	104
časovu	104
časovyh	104
časovym	104
časovymi	104
časověje	104
časovějši	104
netij	104
plemenec	104
sklonnost	104
monet	104
monetah	104
monetam	104
monetami	104
moneto	104
monetoju	104
monetu	104
monety	104
monetě	104
cěnna	104
cěnne	104
cěnni	104
cěnno	104
cěnnogo	104
cěnnoj	104
cěnnoju	104
cěnnom	104
cěnnomu	104
cěnnu	104
cěnnyh	104
cěnnym	104
cěnnymi	104
cěnněje	104
cěnnějši	104
inočija	104
inočije	104
inočijego	104
inočijej	104
inočijeju	104
inočijem	104
inočijemu	104
inočiji	104
inočijih	104
inočijim	104
inočijimi	104
inočiju	104
podob	104
podobah	104
podobam	104
podobami	104
podobo	104
podoboju	104
podobu	104
podoby	104
podobě	104
kum	104
obslědovanje	104
blagoslovjenij	104
blagoslovjenja	104
blagoslovjenjah	104
blagoslovjenjam	104
blagoslovjenjami	104
blagoslovjenjem	104
blagoslovjenju	104
kadrah	104
kadram	104
kadrami	104
kadrov	104
lifta	104
liftah	104
liftam	104
liftami	104
lifte	104
liftom	104
liftov	104
liftu	104
lifty	104
valut	104
valutah	104
valutam	104
valutami	104
valuto	104
valutoju	104
valutu	104
valuty	104
valutě	104
čistet	104
čisteča	104
čisteče	104
čisteči	104
čisti	104
čistih	104
čistihmo	104
čistihu	104
čistil	104
čistila	104
čistili	104
čistilo	104
čistim	104
čistima	104
čistimo	104
čistimy	104
čististe	104
čistite	104
čistivša	104
čistivše	104
čistivši	104
čistiš	104
čistiše	104
čiščena	104
čiščenje	104
čiščeno	104
čiščeny	104
čišču	104
jedinačka	104
pokryti	104
prědavstvo	104
seksualjnost	104
začasny	104
bobr	104
izvěstoglasitelj	104
drv	104
drvah	104
drvam	104
drvami	104
molčanja	104
molčanjem	104
molčanju	104
odide	104
odideh	104
odidehmo	104
odidehu	104
odidem	104
odidemo	104
odidena	104
odidenje	104
odideno	104
odideny	104
odideste	104
odidete	104
odideš	104
odideše	104
odidi	104
odidimo	104
odidite	104
odidoma	104
odidomo	104
odidomy	104
odidu	104
odidut	104
odiduča	104
odiduče	104
odiduči	104
odšel	104
odševša	104
odševše	104
odševši	104
odšla	104
odšli	104
odšlo	104
radcah	104
radcam	104
radcami	104
radce	104
radceju	104
radcev	104
radci	104
radco	104
radcu	104
vozrodženja	104
vozrodženjem	104
vozrodženju	104
čekanja	104
čekanjem	104
čekanju	104
alt	104
kandidatura	104
ulov	104
avtozavoda	104
avtozavodah	104
avtozavodam	104
avtozavodami	104
avtozavode	104
avtozavodom	104
avtozavodov	104
avtozavodu	104
avtozavody	104
izznačenij	104
izznačenja	104
izznačenjah	104
izznačenjam	104
izznačenjami	104
izznačenjem	104
izznačenju	104
podnebij	104
podnebja	104
podnebjah	104
podnebjam	104
podnebjami	104
podnebjem	104
podnebju	104
rektora	104
rektorah	104
rektoram	104
rektorami	104
rektore	104
rektori	104
rektorom	104
rektorov	104
rektoru	104
tras	104
trasah	104
trasam	104
trasami	104
traso	104
trasoju	104
trasu	104
trasy	104
trasě	104
aktualizacija	104
neobhodimost	104
umysljno	104
rizikovah	104
rizikovahmo	104
rizikovahu	104
rizikoval	104
rizikovala	104
rizikovali	104
rizikovalo	104
rizikovana	104
rizikovanje	104
rizikovano	104
rizikovany	104
rizikovaste	104
rizikovavša	104
rizikovavše	104
rizikovavši	104
rizikovaše	104
rizikuj	104
rizikuje	104
rizikujem	104
rizikujema	104
rizikujemo	104
rizikujemy	104
rizikujete	104
rizikuješ	104
rizikujmo	104
rizikujte	104
rizikuju	104
rizikujut	104
rizikujuča	104
rizikujuče	104
rizikujuči	104
dopolnjenje	104
naroditi	104
nedvižimost	104
paprika	104
uniforma	104
hristijana	104
hristijanah	104
hristijanam	104
hristijanami	104
hristijane	104
hristijani	104
hristijanina	104
hristijanine	104
hristijaninom	104
hristijaninu	104
hristijanom	104
hristijanov	104
hristijanu	104
katedral	104
katedralah	104
katedralam	104
katedralami	104
katedralo	104
katedraloju	104
katedralu	104
katedraly	104
katedralě	104
vrgne	104
vrgnem	104
vrgnema	104
vrgnemo	104
vrgnemy	104
vrgnete	104
vrgneš	104
vrgni	104
vrgnimo	104
vrgnite	104
vrgnu	104
vrgnuh	104
vrgnuhmo	104
vrgnuhu	104
vrgnul	104
vrgnula	104
vrgnuli	104
vrgnulo	104
vrgnuste	104
vrgnut	104
vrgnuta	104
vrgnutje	104
vrgnuto	104
vrgnuty	104
vrgnuvša	104
vrgnuvše	104
vrgnuvši	104
vrgnuča	104
vrgnuče	104
vrgnuči	104
vrgnuše	104
Bavarija	104
helij	104
konsensus	104
lovjenje	104
naměstnik	104
oddavati	104
prěstupnik	104
sociolog	104
svědočstvo	104
učenika	104
učenikah	104
učenikam	104
učenikami	104
učeniki	104
učenikom	104
učenikov	104
učeniku	104
učeniče	104
izstavjati	104
jednokratno	104
naznačiti	104
podojdti	104
povrat	104
učiniti	104
kěšenjah	104
kěšenjam	104
kěšenjami	104
kěšenji	104
kěšenjij	104
kěšenju	104
prosb	104
prosbah	104
prosbam	104
prosbami	104
prosbo	104
prosboju	104
prosbu	104
prosby	104
prosbě	104
Děva	104
jugozapadny	104
světlofor	104
prevencij	104
prevencijah	104
prevencijam	104
prevencijami	104
prevencije	104
prevencijeju	104
prevenciji	104
prevencijo	104
prevenciju	104
umira	104
umirah	104
umirahmo	104
umirahu	104
umiraj	104
umiraje	104
umirajema	104
umirajemo	104
umirajemy	104
umirajete	104
umiraješ	104
umirajmo	104
umirajte	104
umiraju	104
umirajut	104
umirajuča	104
umirajuče	104
umirajuči	104
umiral	104
umirala	104
umirali	104
umiralo	104
umiram	104
umirama	104
umiramo	104
umiramy	104
umirana	104
umiranje	104
umirano	104
umirany	104
umiraste	104
umirate	104
umiravša	104
umiravše	104
umiravši	104
umiraš	104
umiraše	104
volejbola	104
volejbole	104
volejbolom	104
volejbolu	104
Sava	104
jelka	104
novogodišnja	104
brad	104
bradah	104
bradam	104
bradami	104
brado	104
bradoju	104
bradu	104
brady	104
bradě	104
iskr	104
iskrah	104
iskram	104
iskrami	104
iskro	104
iskroju	104
iskru	104
iskry	104
iskrě	104
oblaka	104
oblakah	104
oblakam	104
oblakami	104
oblakom	104
oblakov	104
oblaku	104
oblaky	104
oblače	104
anarhija	104
ranimy	104
čudžinec	104
bezrabotice	104
bezraboticeju	104
bezrabotici	104
bezrabotico	104
bezraboticu	104
proizvoda	104
proizvodah	104
proizvodam	104
proizvodami	104
proizvode	104
proizvodom	104
proizvodov	104
proizvodu	104
proizvody	104
stula	104
stulah	104
stulam	104
stulami	104
stule	104
stulom	104
stulov	104
stulu	104
stuly	104
doljny	104
pojmanje	104
prědsědateljstvo	104
izbrana	104
izbrane	104
izbrani	104
izbrano	104
izbranogo	104
izbranoj	104
izbranoju	104
izbranom	104
izbranomu	104
izbranu	104
izbranyh	104
izbranym	104
izbranymi	104
izbraněje	104
izbranějši	104
kanadska	104
kanadske	104
kanadski	104
kanadsko	104
kanadskogo	104
kanadskoj	104
kanadskoju	104
kanadskom	104
kanadskomu	104
kanadsku	104
kanadskyh	104
kanadskym	104
kanadskymi	104
nastrojek	104
nastrojkah	104
nastrojkam	104
nastrojkami	104
poiskah	104
poiskahmo	104
poiskahu	104
poiskal	104
poiskala	104
poiskali	104
poiskalo	104
poiskana	104
poiskanje	104
poiskano	104
poiskany	104
poiskaste	104
poiskavša	104
poiskavše	104
poiskavši	104
poiskaše	104
poišče	104
poiščem	104
poiščema	104
poiščemo	104
poiščemy	104
poiščete	104
poiščeš	104
poišči	104
poiščimo	104
poiščite	104
poišču	104
poiščut	104
poiščuča	104
poiščuče	104
poiščuči	104
Gvineja	104
družny	104
plyvti	104
prěključ	104
pěšak	104
vplyvny	104
gela	104
gelah	104
gelam	104
gelami	104
gele	104
gelom	104
gelov	104
gelu	104
gely	104
studiovah	104
studiovahmo	104
studiovahu	104
studioval	104
studiovala	104
studiovali	104
studiovalo	104
studiovana	104
studiovanje	104
studiovano	104
studiovany	104
studiovaste	104
studiovavša	104
studiovavše	104
studiovavši	104
studiovaše	104
studiuj	104
studiuje	104
studiujem	104
studiujema	104
studiujemo	104
studiujemy	104
studiujete	104
studiuješ	104
studiujmo	104
studiujte	104
studiuju	104
studiujut	104
studiujuča	104
studiujuče	104
studiujuči	104
brod	104
džaza	104
džaze	104
džazom	104
džazu	104
nikelj	104
piknika	104
piknikah	104
piknikam	104
piknikami	104
piknikom	104
piknikov	104
pikniku	104
pikniky	104
pikniče	104
poslědovah	104
poslědovahmo	104
poslědovahu	104
poslědoval	104
poslědovala	104
poslědovali	104
poslědovalo	104
poslědovana	104
poslědovanje	104
poslědovano	104
poslědovany	104
poslědovaste	104
poslědovavša	104
poslědovavše	104
poslědovavši	104
poslědovaše	104
poslěduj	104
poslěduje	104
poslědujem	104
poslědujema	104
poslědujemo	104
poslědujemy	104
poslědujete	104
poslěduješ	104
poslědujmo	104
poslědujte	104
poslěduju	104
poslědujut	104
poslědujuča	104
poslědujuče	104
poslědujuči	104
propastah	104
propastam	104
propastami	104
propasti	104
propastij	104
propastju	104
skryvati	104
uvědomjenij	104
uvědomjenja	104
uvědomjenjah	104
uvědomjenjam	104
uvědomjenjami	104
uvědomjenjem	104
uvědomjenju	104
zamknuty	104
napadnika	104
napadnikah	104
napadnikam	104
napadnikami	104
napadniki	104
napadnikom	104
napadnikov	104
napadniku	104
napadniče	104
prezidentska	104
prezidentske	104
prezidentski	104
prezidentsko	104
prezidentskogo	104
prezidentskoj	104
prezidentskoju	104
prezidentskom	104
prezidentskomu	104
prezidentsku	104
prezidentskyh	104
prezidentskym	104
prezidentskymi	104
rycara	104
rycarah	104
rycaram	104
rycarami	104
rycarem	104
rycarev	104
rycari	104
rycaru	104
rybolov	104
nadzora	104
nadzorah	104
nadzoram	104
nadzorami	104
nadzore	104
nadzorom	104
nadzorov	104
nadzoru	104
nadzory	104
pokuša	104
pokušah	104
pokušahmo	104
pokušahu	104
pokušaj	104
pokušaje	104
pokušajema	104
pokušajemo	104
pokušajemy	104
pokušajete	104
pokušaješ	104
pokušajmo	104
pokušajte	104
pokušaju	104
pokušajut	104
pokušajuča	104
pokušajuče	104
pokušajuči	104
pokušal	104
pokušala	104
pokušali	104
pokušalo	104
pokušam	104
pokušama	104
pokušamo	104
pokušamy	104
pokušana	104
pokušanje	104
pokušano	104
pokušany	104
pokušaste	104
pokušate	104
pokušavša	104
pokušavše	104
pokušavši	104
pokušaš	104
pokušaše	104
razměra	104
razměrah	104
razměram	104
razměrami	104
razměre	104
razměrom	104
razměrov	104
razměru	104
razměry	104
vselika	104
vselike	104
vseliki	104
vseliko	104
vselikogo	104
vselikoj	104
vselikoju	104
vselikom	104
vselikomu	104
vseliku	104
vselikyh	104
vselikym	104
vselikymi	104
vseličeje	104
vseličějši	104
kampus	104
razočarovanje	104
redny	104
spisati	104
udačlivy	104
ujehati	104
medbrata	104
medbratah	104
medbratam	104
medbratami	104
medbrate	104
medbrati	104
medbratom	104
medbratov	104
medbratu	104
prsah	104
prsam	104
prsami	104
prsi	104
prsij	104
prsju	104
naboj	104
parazit	104
pověriti	104
privesti	104
zastupiti	104
gotovin	104
gotovinah	104
gotovinam	104
gotovinami	104
gotovino	104
gotovinoju	104
gotovinu	104
gotoviny	104
gotovině	104
napitka	104
napitkah	104
napitkam	104
napitkami	104
napitkom	104
napitkov	104
napitku	104
napitky	104
napitče	104
delikatno	104
kontejner	104
zaslužiti	104
ščestlivo	104
analitika	104
analitikah	104
analitikam	104
analitikami	104
analitiki	104
analitikom	104
analitikov	104
analitiku	104
analitiče	104
ljubet	104
ljubeča	104
ljubeče	104
ljubeči	104
ljubi	104
ljubih	104
ljubihmo	104
ljubihu	104
ljubil	104
ljubila	104
ljubili	104
ljubilo	104
ljubim	104
ljubima	104
ljubimo	104
ljubiste	104
ljubite	104
ljubivša	104
ljubivše	104
ljubivši	104
ljubiš	104
ljubiše	104
ljubjena	104
ljubjenje	104
ljubjeno	104
ljubjeny	104
ljubju	104
lobanej	104
lobanjah	104
lobanjam	104
lobanjami	104
lobanje	104
lobanjeju	104
lobanji	104
lobanjo	104
lobanju	104
stupenišč	104
stupenišča	104
stupeniščah	104
stupeniščam	104
stupeniščami	104
stupeniščem	104
stupenišču	104
čerepa	104
čerepah	104
čerepam	104
čerepami	104
čerepe	104
čerepom	104
čerepov	104
čerepu	104
čerepy	104
švejcarska	104
švejcarske	104
švejcarski	104
švejcarsko	104
švejcarskogo	104
švejcarskoj	104
švejcarskoju	104
švejcarskom	104
švejcarskomu	104
švejcarsku	104
švejcarskyh	104
švejcarskym	104
švejcarskymi	104
pasažera	104
pasažerah	104
pasažeram	104
pasažerami	104
pasažere	104
pasažeri	104
pasažerom	104
pasažerov	104
pasažeru	104
animovany	104
doktorat	104
prijehati	104
proponovati	104
svratno	104
hudožnic	104
hudožnicah	104
hudožnicam	104
hudožnicami	104
hudožnice	104
hudožniceju	104
hudožnici	104
hudožnico	104
hudožnicu	104
madjarska	104
madjarske	104
madjarski	104
madjarsko	104
madjarskogo	104
madjarskoj	104
madjarskoju	104
madjarskom	104
madjarskomu	104
madjarsku	104
madjarskyh	104
madjarskym	104
madjarskymi	104
ambasada	104
atletika	104
naměrno	104
povrnuti	104
prědpověd	104
molča	104
molčah	104
molčahmo	104
molčahu	104
molčaj	104
molčaje	104
molčajema	104
molčajemo	104
molčajemy	104
molčajete	104
molčaješ	104
molčajmo	104
molčajte	104
molčaju	104
molčajut	104
molčajuča	104
molčajuče	104
molčajuči	104
molčal	104
molčala	104
molčali	104
molčalo	104
molčam	104
molčama	104
molčamo	104
molčamy	104
molčana	104
molčano	104
molčany	104
molčaste	104
molčate	104
molčavša	104
molčavše	104
molčavši	104
molčaš	104
molčaše	104
kupona	104
kuponah	104
kuponam	104
kuponami	104
kupone	104
kuponom	104
kuponov	104
kuponu	104
kupony	104
vstupet	104
vstupeča	104
vstupeče	104
vstupeči	104
vstupi	104
vstupih	104
vstupihmo	104
vstupihu	104
vstupil	104
vstupila	104
vstupili	104
vstupilo	104
vstupim	104
vstupima	104
vstupimo	104
vstupimy	104
vstupiste	104
vstupite	104
vstupivša	104
vstupivše	104
vstupivši	104
vstupiš	104
vstupiše	104
vstupjena	104
vstupjenje	104
vstupjeno	104
vstupjeny	104
vstupju	104
ščestliva	104
ščestlive	104
ščestlivi	104
ščestlivogo	104
ščestlivoj	104
ščestlivoju	104
ščestlivom	104
ščestlivomu	104
ščestlivu	104
ščestlivyh	104
ščestlivym	104
ščestlivymi	104
ščestlivěje	104
ščestlivějši	104
iznesti	104
kriket	104
misionar	104
odbirati	104
postavjati	104
denna	104
denne	104
denni	104
denno	104
dennogo	104
dennoj	104
dennoju	104
dennom	104
dennomu	104
dennu	104
dennyh	104
dennym	104
dennymi	104
denněje	104
dennějši	104
mladoženka	104
mužiti	104
neporedok	104
junaka	104
junakah	104
junakam	104
junakami	104
junaki	104
junakom	104
junakov	104
junaku	104
junače	104
ocěnkah	104
ocěnkam	104
ocěnkami	104
ocěnko	104
ocěnkoju	104
ocěnku	104
ocěnky	104
ocěnkě	104
ocěnok	104
zahvata	104
zahvatah	104
zahvatam	104
zahvatami	104
zahvate	104
zahvatom	104
zahvatov	104
zahvatu	104
zahvaty	104
horeograf	104
papka	104
spodobati	104
sustrěčati	104
mor	104
morah	104
moram	104
morami	104
moro	104
moroju	104
moru	104
mory	104
morě	104
zapameta	104
zapametah	104
zapametahmo	104
zapametahu	104
zapametaj	104
zapametaje	104
zapametajema	104
zapametajemo	104
zapametajemy	104
zapametajete	104
zapametaješ	104
zapametajmo	104
zapametajte	104
zapametaju	104
zapametajut	104
zapametajuča	104
zapametajuče	104
zapametajuči	104
zapametal	104
zapametala	104
zapametali	104
zapametalo	104
zapametam	104
zapametama	104
zapametamo	104
zapametamy	104
zapametana	104
zapametanje	104
zapametano	104
zapametany	104
zapametaste	104
zapametate	104
zapametavša	104
zapametavše	104
zapametavši	104
zapametaš	104
zapametaše	104
cibulej	104
cibuljah	104
cibuljam	104
cibuljami	104
cibulje	104
cibuljeju	104
cibulji	104
cibuljo	104
cibulju	104
citata	104
citatah	104
citatam	104
citatami	104
citate	104
citatom	104
citatov	104
citatu	104
citaty	104
koša	104
košah	104
košam	104
košami	104
koše	104
košem	104
košev	104
košu	104
poddrživanij	104
poddrživanja	104
poddrživanjah	104
poddrživanjam	104
poddrživanjami	104
poddrživanjem	104
poddrživanju	104
snimka	104
snimkah	104
snimkam	104
snimkami	104
snimkom	104
snimkov	104
snimku	104
snimky	104
snimče	104
žrtv	104
žrtvah	104
žrtvam	104
žrtvami	104
žrtvo	104
žrtvoju	104
žrtvu	104
žrtvy	104
žrtvě	104
svinja	104
fakulteta	104
fakultetah	104
fakultetam	104
fakultetami	104
fakultete	104
fakultetom	104
fakultetov	104
fakultetu	104
fakultety	104
zvanij	104
zvanja	104
zvanjah	104
zvanjam	104
zvanjami	104
zvanjem	104
zvanju	104
krab	104
redukcija	104
ulična	104
rabotne	104
rabotni	104
rabotno	104
rabotnogo	104
rabotnoj	104
rabotnoju	104
rabotnom	104
rabotnomu	104
rabotnu	104
rabotnyh	104
rabotnym	104
rabotnymi	104
rabotněje	104
rabotnějši	104
analjny	104
měriti	104
neobhodimy	104
opekati	104
komunista	103
komunistah	103
komunistam	103
komunistami	103
komuniste	103
komunisti	103
komunistom	103
komunistov	103
komunistu	103
sěverna	103
sěverne	103
sěverni	103
sěvernogo	103
sěvernoj	103
sěvernoju	103
sěvernom	103
sěvernomu	103
sěvernu	103
sěvernyh	103
sěvernym	103
sěvernymi	103
sěverněje	103
sěvernějši	103
holesterol	103
nesmysljny	103
simptom	103
izplat	103
izplatah	103
izplatam	103
izplatami	103
izplato	103
izplatoju	103
izplatu	103
izplaty	103
izplatě	103
kukuruz	103
kukuruzah	103
kukuruzam	103
kukuruzami	103
kukuruzo	103
kukuruzoju	103
kukuruzu	103
kukuruzy	103
kukuruzě	103
doručiti	103
jasnost	103
kaktus	103
konjsky	103
bočka	103
izjavjati	103
lilija	103
ocet	103
ovc	103
ovcah	103
ovcam	103
ovcami	103
ovce	103
ovceju	103
ovci	103
ovco	103
ovcu	103
pav	103
povezati	103
prějmati	103
rysa	103
rysah	103
rysam	103
rysami	103
rysem	103
rysev	103
rysi	103
rysu	103
skripkah	103
skripkam	103
skripkami	103
skripko	103
skripkoju	103
skripku	103
skripky	103
skripkě	103
skripok	103
vuglj	103
vuglja	103
vugljem	103
vuglju	103
vugolja	103
vugoljem	103
vugolju	103
vusy	103
značiti	103
aktivista	103
aktivistah	103
aktivistam	103
aktivistami	103
aktiviste	103
aktivisti	103
aktivistom	103
aktivistov	103
aktivistu	103
hvora	103
hvore	103
hvori	103
hvoro	103
hvorogo	103
hvoroj	103
hvoroju	103
hvorom	103
hvoromu	103
hvoru	103
hvoryh	103
hvorym	103
hvorymi	103
hvorěje	103
hvorějši	103
travm	103
travmah	103
travmam	103
travmami	103
travmo	103
travmoju	103
travmu	103
travmy	103
travmě	103
pisemny	103
ekonomiko	103
ekonomikoju	103
ekonomiku	103
ekonomiky	103
ekonomikě	103
kamenne	103
kamenni	103
kamenno	103
kamennogo	103
kamennoj	103
kamennoju	103
kamennom	103
kamennomu	103
kamennu	103
kamennyh	103
kamennym	103
kamennymi	103
kamenněje	103
kamennějši	103
ravnostah	103
ravnostam	103
ravnostami	103
ravnosti	103
ravnostij	103
ravnostju	103
brjuho	103
lětajuča	103
popravny	103
zagovor	103
nadohnenja	103
nadohnenjem	103
nadohnenju	103
razreda	103
razredah	103
razredam	103
razredami	103
razrede	103
razredom	103
razredov	103
razredu	103
razredy	103
skromna	103
skromne	103
skromni	103
skromnogo	103
skromnoj	103
skromnoju	103
skromnom	103
skromnomu	103
skromnu	103
skromnyh	103
skromnym	103
skromnymi	103
skromněje	103
skromnějši	103
kreativnost	103
snimati	103
vozprijetje	103
konkretna	103
konkretne	103
konkretni	103
konkretnogo	103
konkretnoj	103
konkretnoju	103
konkretnom	103
konkretnomu	103
konkretnu	103
konkretnyh	103
konkretnym	103
konkretnymi	103
konkretněje	103
konkretnějši	103
naigryva	103
naigryvah	103
naigryvahmo	103
naigryvahu	103
naigryvaj	103
naigryvaje	103
naigryvajema	103
naigryvajemo	103
naigryvajemy	103
naigryvajete	103
naigryvaješ	103
naigryvajmo	103
naigryvajte	103
naigryvaju	103
naigryvajut	103
naigryvajuča	103
naigryvajuče	103
naigryvajuči	103
naigryval	103
naigryvala	103
naigryvali	103
naigryvalo	103
naigryvam	103
naigryvama	103
naigryvamo	103
naigryvamy	103
naigryvana	103
naigryvanje	103
naigryvano	103
naigryvany	103
naigryvaste	103
naigryvate	103
naigryvavša	103
naigryvavše	103
naigryvavši	103
naigryvaš	103
naigryvaše	103
osmnadseti	103
osmnadsetju	103
respekta	103
respekte	103
respektom	103
respektu	103
pat	103
svratny	103
vodovod	103
haka	103
hakah	103
hakam	103
hakami	103
hakom	103
hakov	103
haku	103
haky	103
hače	103
imutka	103
imutkah	103
imutkam	103
imutkami	103
imutkom	103
imutkov	103
imutku	103
imutky	103
imutče	103
koordinatora	103
koordinatorah	103
koordinatoram	103
koordinatorami	103
koordinatore	103
koordinatori	103
koordinatorom	103
koordinatorov	103
koordinatoru	103
ležišč	103
ležišča	103
ležiščah	103
ležiščam	103
ležiščami	103
ležiščem	103
ležišču	103
mokra	103
mokre	103
mokri	103
mokro	103
mokrogo	103
mokroj	103
mokroju	103
mokrom	103
mokromu	103
mokru	103
mokryh	103
mokrym	103
mokrymi	103
mokrěje	103
mokrějši	103
ulěpšena	103
ulěpšeno	103
ulěpšeny	103
ulěpšet	103
ulěpšeča	103
ulěpšeče	103
ulěpšeči	103
ulěpši	103
ulěpših	103
ulěpšihmo	103
ulěpšihu	103
ulěpšil	103
ulěpšila	103
ulěpšili	103
ulěpšilo	103
ulěpšim	103
ulěpšima	103
ulěpšimo	103
ulěpšimy	103
ulěpšiste	103
ulěpšite	103
ulěpšivša	103
ulěpšivše	103
ulěpšivši	103
ulěpšiš	103
ulěpšiše	103
ulěpšu	103
upotrěb	103
upotrěbah	103
upotrěbam	103
upotrěbami	103
upotrěbo	103
upotrěboju	103
upotrěbu	103
upotrěby	103
upotrěbě	103
zajavjenij	103
zajavjenja	103
zajavjenjah	103
zajavjenjam	103
zajavjenjami	103
zajavjenjem	103
zajavjenju	103
bublina	103
čijkoli	103
šipka	103
blizša	103
blizše	103
blizšego	103
blizšej	103
blizšeje	103
blizšeju	103
blizšejši	103
blizšem	103
blizšemu	103
blizših	103
blizšim	103
blizšimi	103
blizšu	103
bluda	103
bludah	103
bludam	103
bludami	103
blude	103
bludom	103
bludov	103
bludu	103
bludy	103
omiljena	103
omiljene	103
omiljeni	103
omiljeno	103
omiljenogo	103
omiljenoj	103
omiljenoju	103
omiljenom	103
omiljenomu	103
omiljenu	103
omiljenyh	103
omiljenym	103
omiljenymi	103
omiljeněje	103
omiljenějši	103
podzemne	103
podzemni	103
podzemno	103
podzemnogo	103
podzemnoj	103
podzemnoju	103
podzemnom	103
podzemnomu	103
podzemnu	103
podzemnyh	103
podzemnym	103
podzemnymi	103
podzemněje	103
podzemnějši	103
vodet	103
vodeča	103
vodeče	103
vodeči	103
vodi	103
vodih	103
vodihmo	103
vodihu	103
vodil	103
vodila	103
vodili	103
vodilo	103
vodim	103
vodima	103
vodimo	103
vodimy	103
vodiste	103
vodite	103
vodivša	103
vodivše	103
vodivši	103
vodiš	103
vodiše	103
vodžena	103
vodženje	103
vodženo	103
vodženy	103
pravdivy	103
prěmolviti	103
dodatna	103
dodatne	103
dodatni	103
dodatnogo	103
dodatnoj	103
dodatnoju	103
dodatnom	103
dodatnomu	103
dodatnu	103
dodatnyh	103
dodatnym	103
dodatnymi	103
dodatněje	103
dodatnějši	103
dodatočna	103
dodatočne	103
dodatočni	103
dodatočnogo	103
dodatočnoj	103
dodatočnoju	103
dodatočnom	103
dodatočnomu	103
dodatočnu	103
dodatočnyh	103
dodatočnym	103
dodatočnymi	103
dodatočněje	103
dodatočnějši	103
pojetij	103
pojetja	103
pojetjah	103
pojetjam	103
pojetjami	103
pojetjem	103
pojetju	103
rasizma	103
rasizme	103
rasizmom	103
rasizmu	103
raunda	103
raundah	103
raundam	103
raundami	103
raunde	103
raundom	103
raundov	103
raundu	103
raundy	103
budovah	103
budovahmo	103
budovahu	103
budoval	103
budovala	103
budovali	103
budovalo	103
budovana	103
budovanje	103
budovano	103
budovany	103
budovaste	103
budovavša	103
budovavše	103
budovavši	103
budovaše	103
buduj	103
buduje	103
budujem	103
budujema	103
budujemo	103
budujemy	103
budujete	103
buduješ	103
budujmo	103
budujte	103
buduju	103
budujut	103
budujuča	103
budujuče	103
budujuči	103
sodrživa	103
sodrživah	103
sodrživahmo	103
sodrživahu	103
sodrživaj	103
sodrživaje	103
sodrživajema	103
sodrživajemo	103
sodrživajemy	103
sodrživajete	103
sodrživaješ	103
sodrživajmo	103
sodrživajte	103
sodrživaju	103
sodrživajut	103
sodrživajuča	103
sodrživajuče	103
sodrživajuči	103
sodržival	103
sodrživala	103
sodrživali	103
sodrživalo	103
sodrživam	103
sodrživama	103
sodrživamo	103
sodrživamy	103
sodrživana	103
sodrživanje	103
sodrživano	103
sodrživany	103
sodrživaste	103
sodrživate	103
sodrživavša	103
sodrživavše	103
sodrživavši	103
sodrživaš	103
sodrživaše	103
ruletka	103
ubědženje	103
kvadrata	103
kvadratah	103
kvadratam	103
kvadratami	103
kvadrate	103
kvadratom	103
kvadratov	103
kvadratu	103
kvadraty	103
morahmo	103
morahu	103
moraj	103
moraje	103
morajema	103
morajemo	103
morajemy	103
morajete	103
moraješ	103
morajmo	103
morajte	103
moraju	103
morajut	103
morajuča	103
morajuče	103
morajuči	103
morali	103
moralo	103
morama	103
moramo	103
moramy	103
morana	103
moranje	103
morano	103
morany	103
moraste	103
morate	103
moravša	103
moravše	103
moravši	103
moraš	103
moraše	103
publik	103
publikah	103
publikam	103
publikami	103
publiko	103
publikoju	103
publiku	103
publiky	103
publikě	103
stvarnostah	103
stvarnostam	103
stvarnostami	103
stvarnosti	103
stvarnostij	103
stvarnostju	103
česnka	103
česnkom	103
česnku	103
česnče	103
lěstvica	103
metati	103
platbova	103
platbove	103
platbovi	103
platbovo	103
platbovogo	103
platbovoj	103
platbovoju	103
platbovom	103
platbovomu	103
platbovu	103
platbovyh	103
platbovym	103
platbovymi	103
platbověje	103
platbovějši	103
dostojny	103
genialjny	103
razširjeny	103
pohodženij	103
pohodženja	103
pohodženjah	103
pohodženjam	103
pohodženjami	103
pohodženjem	103
pohodženju	103
završena	103
završenje	103
završeno	103
završeny	103
završet	103
završeča	103
završeče	103
završeči	103
završi	103
završih	103
završihmo	103
završihu	103
završil	103
završila	103
završili	103
završilo	103
završim	103
završima	103
završimo	103
završimy	103
završiste	103
završite	103
završivša	103
završivše	103
završivši	103
završiš	103
završiše	103
završu	103
kupaljnej	103
kupaljnjah	103
kupaljnjam	103
kupaljnjami	103
kupaljnje	103
kupaljnjeju	103
kupaljnji	103
kupaljnjo	103
kupaljnju	103
tono	103
tonoju	103
toně	103
fjuzelaž	103
nestabiljny	103
potomstvo	103
udobny	103
fantastiko	103
fantastikoju	103
fantastiku	103
fantastiky	103
fantastikě	103
neposrědna	103
neposrědne	103
neposrědni	103
neposrědnja	103
neposrědnjego	103
neposrědnjej	103
neposrědnjeje	103
neposrědnjeju	103
neposrědnjejši	103
neposrědnjem	103
neposrědnjemu	103
neposrědnjih	103
neposrědnjim	103
neposrědnjimi	103
neposrědnju	103
neposrědno	103
neposrědnogo	103
neposrědnoj	103
neposrědnoju	103
neposrědnom	103
neposrědnomu	103
neposrědnu	103
neposrědnyh	103
neposrědnym	103
neposrědnymi	103
neposrědněje	103
neposrědnějši	103
podzrěna	103
podzrěne	103
podzrěni	103
podzrěno	103
podzrěnogo	103
podzrěnoj	103
podzrěnoju	103
podzrěnom	103
podzrěnomu	103
podzrěnu	103
podzrěnyh	103
podzrěnym	103
podzrěnymi	103
podzrěněje	103
podzrěnějši	103
uniženje	103
dostavet	103
dostaveča	103
dostaveče	103
dostaveči	103
dostavi	103
dostavih	103
dostavihmo	103
dostavihu	103
dostavil	103
dostavila	103
dostavili	103
dostavilo	103
dostavim	103
dostavima	103
dostavimo	103
dostavimy	103
dostaviste	103
dostavite	103
dostavivša	103
dostavivše	103
dostavivši	103
dostaviš	103
dostaviše	103
dostavjena	103
dostavjenje	103
dostavjeno	103
dostavjeny	103
dostavju	103
ramen	103
ramena	103
ramenah	103
ramenam	103
ramenami	103
ramene	103
ramenem	103
rameni	103
ramenom	103
ramenu	103
srěbrna	103
srěbrne	103
srěbrni	103
srěbrno	103
srěbrnogo	103
srěbrnoj	103
srěbrnoju	103
srěbrnom	103
srěbrnomu	103
srěbrnu	103
srěbrnyh	103
srěbrnym	103
srěbrnymi	103
srěbrněje	103
srěbrnějši	103
anatomija	103
opuščati	103
ozon	103
bojna	103
formovati	103
glavica	103
obratny	103
sostavna	103
tvrdženje	103
velblud	103
dojezda	103
dojezdah	103
dojezdam	103
dojezdami	103
dojezde	103
dojezdom	103
dojezdov	103
dojezdu	103
dojezdy	103
vozdušna	103
vozdušne	103
vozdušni	103
vozdušno	103
vozdušnogo	103
vozdušnoj	103
vozdušnoju	103
vozdušnom	103
vozdušnomu	103
vozdušnu	103
vozdušnyh	103
vozdušnym	103
vozdušnymi	103
vozdušněje	103
vozdušnějši	103
izčisljenje	103
odjehati	103
sloja	103
slojah	103
slojam	103
slojami	103
sloje	103
slojem	103
slojev	103
sloju	103
pobědet	103
pobědeča	103
pobědeče	103
pobědeči	103
pobědi	103
pobědih	103
pobědihmo	103
pobědihu	103
pobědil	103
pobědila	103
pobědili	103
pobědilo	103
pobědim	103
pobědima	103
pobědimo	103
pobědimy	103
pobědiste	103
pobědite	103
pobědivša	103
pobědivše	103
pobědivši	103
pobědiš	103
pobědiše	103
pobědžena	103
pobědženje	103
pobědženo	103
pobědženy	103
pobědžu	103
reagovah	103
reagovahmo	103
reagovahu	103
reagoval	103
reagovala	103
reagovali	103
reagovalo	103
reagovana	103
reagovanje	103
reagovano	103
reagovany	103
reagovaste	103
reagovavša	103
reagovavše	103
reagovavši	103
reagovaše	103
reaguj	103
reaguje	103
reagujem	103
reagujema	103
reagujemo	103
reagujemy	103
reagujete	103
reaguješ	103
reagujmo	103
reagujte	103
reaguju	103
reagujut	103
reagujuča	103
reagujuče	103
reagujuči	103
ustavjenij	103
ustavjenja	103
ustavjenjah	103
ustavjenjam	103
ustavjenjami	103
ustavjenjem	103
ustavjenju	103
vplyvahmo	103
vplyvahu	103
vplyvaj	103
vplyvaje	103
vplyvajema	103
vplyvajemo	103
vplyvajemy	103
vplyvajete	103
vplyvaješ	103
vplyvajmo	103
vplyvajte	103
vplyvaju	103
vplyvajut	103
vplyvajuča	103
vplyvajuče	103
vplyvajuči	103
vplyval	103
vplyvala	103
vplyvali	103
vplyvalo	103
vplyvama	103
vplyvamo	103
vplyvamy	103
vplyvana	103
vplyvanje	103
vplyvano	103
vplyvany	103
vplyvaste	103
vplyvate	103
vplyvavša	103
vplyvavše	103
vplyvavši	103
vplyvaš	103
vplyvaše	103
resursa	103
resursah	103
resursam	103
resursami	103
resurse	103
resursom	103
resursov	103
resursu	103
vozvede	103
vozvedeh	103
vozvedehmo	103
vozvedehu	103
vozvedem	103
vozvedemo	103
vozvedena	103
vozvedenje	103
vozvedeno	103
vozvedeny	103
vozvedeste	103
vozvedete	103
vozvedeš	103
vozvedeše	103
vozvedi	103
vozvedimo	103
vozvedite	103
vozvedl	103
vozvedla	103
vozvedli	103
vozvedlo	103
vozvedoma	103
vozvedomo	103
vozvedomy	103
vozvedu	103
vozvedut	103
vozveduča	103
vozveduče	103
vozveduči	103
vozvedša	103
vozvedše	103
vozvedši	103
razpetje	103
usěsti	103
kompromisa	103
kompromisah	103
kompromisam	103
kompromisami	103
kompromise	103
kompromisom	103
kompromisov	103
kompromisu	103
kompromisy	103
čum	103
čumah	103
čumam	103
čumami	103
čumo	103
čumoju	103
čumu	103
čumy	103
čumě	103
drobny	103
jarovy	103
vpisati	103
izdateljstv	103
izdateljstva	103
izdateljstvah	103
izdateljstvam	103
izdateljstvami	103
izdateljstvom	103
izdateljstvu	103
padahmo	103
padahu	103
padaj	103
padaje	103
padajema	103
padajemo	103
padajemy	103
padajete	103
padaješ	103
padajmo	103
padajte	103
padaju	103
padajut	103
padajuča	103
padajuče	103
padajuči	103
padal	103
padala	103
padali	103
padalo	103
padama	103
padamo	103
padamy	103
padana	103
padanje	103
padano	103
padany	103
padaste	103
padate	103
padavša	103
padavše	103
padavši	103
padaš	103
padaše	103
pomala	103
pomale	103
pomali	103
pomalogo	103
pomaloj	103
pomaloju	103
pomalom	103
pomalomu	103
pomalu	103
pomalyh	103
pomalym	103
pomalymi	103
pomalěje	103
pomalějši	103
izvěstny	103
avstrijska	103
avstrijske	103
avstrijski	103
avstrijsko	103
avstrijskogo	103
avstrijskoj	103
avstrijskoju	103
avstrijskom	103
avstrijskomu	103
avstrijsku	103
avstrijskyh	103
avstrijskym	103
avstrijskymi	103
otok	103
bab	103
babah	103
babam	103
babami	103
babo	103
baboju	103
babu	103
baby	103
babě	103
cenzuro	103
cenzuroju	103
cenzuru	103
cenzury	103
cenzurě	103
mirna	103
mirne	103
mirni	103
mirno	103
mirnogo	103
mirnoj	103
mirnoju	103
mirnom	103
mirnomu	103
mirnu	103
mirnyh	103
mirnym	103
mirnymi	103
mirněje	103
mirnějši	103
oteženij	103
oteženja	103
oteženjah	103
oteženjam	103
oteženjami	103
oteženjem	103
oteženju	103
sučasna	103
sučasne	103
sučasni	103
sučasno	103
sučasnogo	103
sučasnoj	103
sučasnoju	103
sučasnom	103
sučasnomu	103
sučasnu	103
sučasnyh	103
sučasnym	103
sučasnymi	103
sučasněje	103
sučasnějši	103
legka	103
legki	103
legkogo	103
legkoj	103
legkoju	103
legkom	103
legkomu	103
legku	103
legkyh	103
legkym	103
legkymi	103
holera	103
poslannik	103
proporcionaljno	103
vinny	103
pustynej	103
pustynjah	103
pustynjam	103
pustynjami	103
pustynje	103
pustynjeju	103
pustynji	103
pustynjo	103
pustynju	103
vutrab	103
vutrabah	103
vutrabam	103
vutrabami	103
vutrabo	103
vutraboju	103
vutrabu	103
vutraby	103
vutrabě	103
agregat	103
dinamit	103
petisot	103
petistah	103
petistam	103
petjustami	103
protokola	103
protokolah	103
protokolam	103
protokolami	103
protokole	103
protokolom	103
protokolov	103
protokolu	103
protokoly	103
izbirati	103
surabotati	103
vozok	103
zrěly	103
avtomata	103
avtomatah	103
avtomatam	103
avtomatami	103
avtomate	103
avtomatom	103
avtomatov	103
avtomatu	103
avtomaty	103
jog	103
jogah	103
jogam	103
jogami	103
jogo	103
jogoju	103
jogu	103
jogy	103
jogě	103
sektora	103
sektorah	103
sektoram	103
sektorami	103
sektore	103
sektorom	103
sektorov	103
sektoru	103
sektory	103
trěhsot	103
trěhstah	103
trěmistami	103
trěmstam	103
formular	103
kobyla	103
prvobraz	103
monastyra	103
monastyrah	103
monastyram	103
monastyrami	103
monastyre	103
monastyrom	103
monastyrov	103
monastyru	103
monastyry	103
pušek	103
puškah	103
puškam	103
puškami	103
puško	103
puškoju	103
pušku	103
pušky	103
puškě	103
prěměščenje	103
trilětny	103
nastavka	103
nastavkah	103
nastavkam	103
nastavkami	103
nastavkom	103
nastavkov	103
nastavku	103
nastavky	103
nastavče	103
sbudovah	103
sbudovahmo	103
sbudovahu	103
sbudoval	103
sbudovala	103
sbudovali	103
sbudovalo	103
sbudovana	103
sbudovanje	103
sbudovano	103
sbudovany	103
sbudovaste	103
sbudovavša	103
sbudovavše	103
sbudovavši	103
sbudovaše	103
sbuduj	103
sbuduje	103
sbudujem	103
sbudujema	103
sbudujemo	103
sbudujemy	103
sbudujete	103
sbuduješ	103
sbudujmo	103
sbudujte	103
sbuduju	103
sbudujut	103
sbudujuča	103
sbudujuče	103
sbudujuči	103
tancora	103
tancorah	103
tancoram	103
tancorami	103
tancore	103
tancori	103
tancorom	103
tancorov	103
tancoru	103
zaključiljnej	103
zaključiljnjah	103
zaključiljnjam	103
zaključiljnjami	103
zaključiljnje	103
zaključiljnjeju	103
zaključiljnji	103
zaključiljnjo	103
zaključiljnju	103
demokrat	103
laskavy	103
podrobny	103
prěhodny	103
sovětovati	103
ukončeny	103
znalec	103
čaška	103
nese	103
neseh	103
nesehmo	103
nesehu	103
nesem	103
nesemo	103
nesena	103
nesenje	103
neseno	103
neseny	103
neseste	103
nesete	103
neseš	103
neseše	103
nesi	103
nesimo	103
nesite	103
nesl	103
nesla	103
nesli	103
neslo	103
nesoma	103
nesomo	103
nesomy	103
nesu	103
nesut	103
nesuča	103
nesuče	103
nesuči	103
nesša	103
nesše	103
nesši	103
sedmnadseti	103
sedmnadsetju	103
starca	103
starcah	103
starcam	103
starcami	103
starcem	103
starcev	103
starci	103
starcu	103
starče	103
devetnadset	103
mehanikah	103
mehanikam	103
mehanikami	103
mehaniki	103
mehanikom	103
mehanikov	103
mehaniku	103
mehaniče	103
kukla	103
mavzolej	103
narěčena	103
ognjeny	103
ostražnost	103
očny	103
verig	103
verigah	103
verigam	103
verigami	103
verigo	103
verigoju	103
verigu	103
verigy	103
verigě	103
vozilah	103
vozilam	103
vozilami	103
vozilom	103
vozilu	103
četvrtah	103
četvrtam	103
četvrtami	103
četvrtov	103
aluminij	103
nezavisna	103
nezavisne	103
nezavisni	103
nezavisnogo	103
nezavisnoj	103
nezavisnoju	103
nezavisnom	103
nezavisnomu	103
nezavisnu	103
nezavisnyh	103
nezavisnym	103
nezavisnymi	103
nezavisněje	103
nezavisnějši	103
ostriženij	103
ostriženja	103
ostriženjah	103
ostriženjam	103
ostriženjami	103
ostriženjem	103
ostriženju	103
Tihy	103
slabostah	103
slabostam	103
slabostami	103
slabosti	103
slabostij	103
slabostju	103
Evropejec	103
knegynja	103
obyčny	103
založnik	103
enciklopedij	103
enciklopedijah	103
enciklopedijam	103
enciklopedijami	103
enciklopedije	103
enciklopedijeju	103
enciklopediji	103
enciklopedijo	103
enciklopediju	103
filozofska	103
filozofske	103
filozofski	103
filozofsko	103
filozofskogo	103
filozofskoj	103
filozofskoju	103
filozofskom	103
filozofskomu	103
filozofsku	103
filozofskyh	103
filozofskym	103
filozofskymi	103
urana	103
urane	103
uranom	103
uranu	103
gazovati	103
import	103
klimatizator	103
mulj	103
sěč	103
sěčah	103
sěčam	103
sěčami	103
sěče	103
sěčeju	103
sěči	103
sěčo	103
sěču	103
teznitelj	103
utekti	103
vdesno	103
vakancij	103
vakancijah	103
vakancijam	103
vakancijami	103
vakancije	103
vakancijeju	103
vakanciji	103
vakancijo	103
vakanciju	103
vlastnostah	103
vlastnostam	103
vlastnostami	103
vlastnosti	103
vlastnostij	103
vlastnostju	103
avtorka	103
bazilika	103
bliznečka	103
finansovati	103
solist	103
zamolviti	103
prědstavet	103
prědstaveča	103
prědstaveče	103
prědstaveči	103
prědstavi	103
prědstavih	103
prědstavihmo	103
prědstavihu	103
prědstavil	103
prědstavila	103
prědstavili	103
prědstavilo	103
prědstavim	103
prědstavima	103
prědstavimo	103
prědstavimy	103
prědstaviste	103
prědstavite	103
prědstavivša	103
prědstavivše	103
prědstavivši	103
prědstaviš	103
prědstaviše	103
prědstavjena	103
prědstavjeno	103
prědstavjeny	103
prědstavju	103
tjutjuna	103
tjutjune	103
tjutjunom	103
tjutjunu	103
genetičny	103
mikroskop	103
ovplyvnjati	103
pivovarnja	103
privlěkateljnost	103
běgstv	103
běgstva	103
běgstvah	103
běgstvam	103
běgstvami	103
běgstvom	103
běgstvu	103
polivkah	103
polivkam	103
polivkami	103
polivko	103
polivkoju	103
polivku	103
polivky	103
polivkě	103
polivok	103
umětničska	103
umětničske	103
umětničski	103
umětničskogo	103
umětničskoj	103
umětničskoju	103
umětničskom	103
umětničskomu	103
umětničsku	103
umětničskyh	103
umětničskym	103
umětničskymi	103
buben	103
telegram	103
gorečnja	103
nabirati	103
postupiti	103
religij	103
religijah	103
religijam	103
religijami	103
religije	103
religijeju	103
religiji	103
religijo	103
religiju	103
fotoaparat	103
proizvesti	103
različati	103
uveličenje	103
zakuska	103
stadij	103
stadijah	103
stadijam	103
stadijami	103
stadije	103
stadijeju	103
stadiji	103
stadijo	103
stadiju	103
tmah	103
tmam	103
tmami	103
tmo	103
tmoju	103
tmu	103
tmy	103
tmě	103
uragana	103
uraganah	103
uraganam	103
uraganami	103
uragane	103
uraganom	103
uraganov	103
uraganu	103
uragany	103
uspě	103
uspěhmo	103
uspěj	103
uspěje	103
uspějema	103
uspějemo	103
uspějemy	103
uspějete	103
uspěješ	103
uspějmo	103
uspějte	103
uspěju	103
uspějut	103
uspějuča	103
uspějuče	103
uspějuči	103
uspěl	103
uspěla	103
uspěli	103
uspělo	103
uspěm	103
uspěma	103
uspěmo	103
uspěmy	103
uspěna	103
uspěnje	103
uspěno	103
uspěny	103
uspěste	103
uspěte	103
uspěvša	103
uspěvše	103
uspěvši	103
uspěš	103
čajek	103
čajkah	103
čajkam	103
čajkami	103
čajko	103
čajkoju	103
čajku	103
čajky	103
čajkě	103
izbiranje	103
izznačiti	103
prijemnik	103
prisposobjeny	103
prěseliti	103
stanuti	103
ulěpšati	103
avtorska	103
avtorske	103
avtorski	103
avtorskogo	103
avtorskoj	103
avtorskoju	103
avtorskom	103
avtorskomu	103
avtorsku	103
avtorskyh	103
avtorskym	103
avtorskymi	103
osnovanij	103
osnovanja	103
osnovanjah	103
osnovanjam	103
osnovanjami	103
osnovanjem	103
osnovanju	103
otvarja	103
otvarjah	103
otvarjahmo	103
otvarjahu	103
otvarjaj	103
otvarjaje	103
otvarjajema	103
otvarjajemo	103
otvarjajemy	103
otvarjajete	103
otvarjaješ	103
otvarjajmo	103
otvarjajte	103
otvarjaju	103
otvarjajut	103
otvarjajuča	103
otvarjajuče	103
otvarjajuči	103
otvarjal	103
otvarjala	103
otvarjali	103
otvarjalo	103
otvarjam	103
otvarjama	103
otvarjamo	103
otvarjamy	103
otvarjana	103
otvarjanje	103
otvarjano	103
otvarjany	103
otvarjaste	103
otvarjate	103
otvarjavša	103
otvarjavše	103
otvarjavši	103
otvarjaš	103
otvarjaše	103
voobraža	103
voobražah	103
voobražahmo	103
voobražahu	103
voobražaj	103
voobražaje	103
voobražajema	103
voobražajemo	103
voobražajemy	103
voobražajete	103
voobražaješ	103
voobražajmo	103
voobražajte	103
voobražaju	103
voobražajut	103
voobražajuča	103
voobražajuče	103
voobražajuči	103
voobražal	103
voobražala	103
voobražali	103
voobražalo	103
voobražam	103
voobražama	103
voobražamo	103
voobražamy	103
voobražana	103
voobražanje	103
voobražano	103
voobražany	103
voobražaste	103
voobražate	103
voobražavša	103
voobražavše	103
voobražavši	103
voobražaš	103
voobražaše	103
izbudovah	103
izbudovahmo	103
izbudovahu	103
izbudoval	103
izbudovala	103
izbudovali	103
izbudovalo	103
izbudovana	103
izbudovanje	103
izbudovano	103
izbudovany	103
izbudovaste	103
izbudovavša	103
izbudovavše	103
izbudovavši	103
izbudovaše	103
izbuduj	103
izbuduje	103
izbudujem	103
izbudujema	103
izbudujemo	103
izbudujemy	103
izbudujete	103
izbuduješ	103
izbudujmo	103
izbudujte	103
izbuduju	103
izbudujut	103
izbudujuča	103
izbudujuče	103
izbudujuči	103
kapsul	103
kapsulah	103
kapsulam	103
kapsulami	103
kapsulo	103
kapsuloju	103
kapsulu	103
kapsuly	103
kapsulě	103
strada	103
stradah	103
stradahmo	103
stradahu	103
stradaj	103
stradaje	103
stradajema	103
stradajemo	103
stradajemy	103
stradajete	103
stradaješ	103
stradajmo	103
stradajte	103
stradaju	103
stradajut	103
stradajuča	103
stradajuče	103
stradajuči	103
stradal	103
stradala	103
stradali	103
stradalo	103
stradam	103
stradama	103
stradamo	103
stradamy	103
stradana	103
stradanje	103
stradano	103
stradany	103
stradaste	103
stradate	103
stradavša	103
stradavše	103
stradavši	103
stradaš	103
stradaše	103
cěsar	103
nostalgija	103
vagon	103
vladec	103
mladenec	102
nosorog	102
papirny	102
samica	102
slogan	102
bronz	102
bronzah	102
bronzam	102
bronzami	102
bronzo	102
bronzoju	102
bronzu	102
bronzy	102
bronzě	102
gub	102
gubah	102
gubam	102
gubami	102
gubo	102
guboju	102
gubu	102
guby	102
gubě	102
lgah	102
lgahmo	102
lgahu	102
lgal	102
lgala	102
lgali	102
lgalo	102
lgana	102
lganje	102
lgano	102
lgany	102
lgaste	102
lgavša	102
lgavše	102
lgavši	102
lgaše	102
lže	102
lžem	102
lžema	102
lžemo	102
lžemy	102
lžete	102
lžeš	102
lžimo	102
lžite	102
lžu	102
lžut	102
lžuča	102
lžuče	102
lžuči	102
reaktora	102
reaktorah	102
reaktoram	102
reaktorami	102
reaktore	102
reaktorom	102
reaktorov	102
reaktoru	102
reaktory	102
strěl	102
strělah	102
strělam	102
strělami	102
strělo	102
strěloju	102
strělu	102
strěly	102
strělě	102
trěbovanij	102
trěbovanja	102
trěbovanjah	102
trěbovanjam	102
trěbovanjami	102
trěbovanjem	102
trěbovanju	102
uvěret	102
uvěreča	102
uvěreče	102
uvěreči	102
uvěri	102
uvěrih	102
uvěrihmo	102
uvěrihu	102
uvěril	102
uvěrila	102
uvěrili	102
uvěrilo	102
uvěrim	102
uvěrima	102
uvěrimo	102
uvěrimy	102
uvěriste	102
uvěrite	102
uvěrivša	102
uvěrivše	102
uvěrivši	102
uvěriš	102
uvěriše	102
uvěrjenje	102
uvěrju	102
žurnalista	102
žurnalistah	102
žurnalistam	102
žurnalistami	102
žurnaliste	102
žurnalisti	102
žurnalistom	102
žurnalistov	102
žurnalistu	102
lovečsky	102
morjak	102
polnomočje	102
stiljny	102
zapestje	102
znalost	102
ščur	102
drugara	102
drugarah	102
drugaram	102
drugarami	102
drugare	102
drugari	102
drugarom	102
drugarov	102
drugaru	102
vjede	102
vjedem	102
vjedemo	102
vjedete	102
vjedeš	102
vjedi	102
vjedimo	102
vjedite	102
vjedoma	102
vjedomo	102
vjedomy	102
vjedu	102
vjedut	102
vjeduča	102
vjeduče	102
vjeduči	102
vjehah	102
vjehahmo	102
vjehahu	102
vjehal	102
vjehala	102
vjehali	102
vjehalo	102
vjehana	102
vjehanje	102
vjehano	102
vjehany	102
vjehaste	102
vjehavša	102
vjehavše	102
vjehavši	102
vjehaše	102
vnuček	102
vnučkah	102
vnučkam	102
vnučkami	102
vnučko	102
vnučkoju	102
vnučku	102
vnučky	102
vnučkě	102
akompanement	102
besědna	102
podporiti	102
poklik	102
zaregistrovati	102
bulvara	102
bulvarah	102
bulvaram	102
bulvarami	102
bulvare	102
bulvarom	102
bulvarov	102
bulvaru	102
bulvary	102
krojača	102
krojačah	102
krojačam	102
krojačami	102
krojačem	102
krojačev	102
krojači	102
krojaču	102
remonta	102
remontah	102
remontam	102
remontami	102
remonte	102
remontom	102
remontov	102
remontu	102
remonty	102
rodženij	102
rodženjah	102
rodženjam	102
rodženjami	102
rodženjem	102
rodženju	102
rudnika	102
rudnikah	102
rudnikam	102
rudnikami	102
rudnikom	102
rudnikov	102
rudniku	102
rudniky	102
rudniče	102
soglasnostah	102
soglasnostam	102
soglasnostami	102
soglasnosti	102
soglasnostij	102
soglasnostju	102
suglasnostah	102
suglasnostam	102
suglasnostami	102
suglasnosti	102
suglasnostij	102
suglasnostju	102
oružny	102
ljubovnic	102
ljubovnicah	102
ljubovnicam	102
ljubovnicami	102
ljubovnice	102
ljubovniceju	102
ljubovnici	102
ljubovnico	102
ljubovnicu	102
cement	102
kanon	102
narodnost	102
učinitelj	102
vibrator	102
zadovoljstvo	102
šlěm	102
instalacij	102
instalacijah	102
instalacijam	102
instalacijami	102
instalacije	102
instalacijeju	102
instalaciji	102
instalacijo	102
instalaciju	102
kritikovati	102
ognišče	102
prověrka	102
prěvrat	102
stignuti	102
vojin	102
porcij	102
porcijah	102
porcijam	102
porcijami	102
porcije	102
porcijeju	102
porciji	102
porcijo	102
porciju	102
izkydne	102
izkydnem	102
izkydnema	102
izkydnemo	102
izkydnemy	102
izkydnete	102
izkydneš	102
izkydni	102
izkydnimo	102
izkydnite	102
izkydnu	102
izkydnuh	102
izkydnuhmo	102
izkydnuhu	102
izkydnul	102
izkydnula	102
izkydnuli	102
izkydnulo	102
izkydnuste	102
izkydnut	102
izkydnuta	102
izkydnutje	102
izkydnuto	102
izkydnuty	102
izkydnuvša	102
izkydnuvše	102
izkydnuvši	102
izkydnuča	102
izkydnuče	102
izkydnuči	102
izkydnuše	102
oltara	102
oltarah	102
oltaram	102
oltarami	102
oltare	102
oltarem	102
oltarev	102
oltaru	102
zombah	102
zombam	102
zombami	102
zombe	102
zombeju	102
zombev	102
zombo	102
zombu	102
durno	102
kotva	102
pigment	102
vnutrnost	102
blagodaret	102
blagodareča	102
blagodareče	102
blagodareči	102
blagodari	102
blagodarih	102
blagodarihmo	102
blagodarihu	102
blagodaril	102
blagodarila	102
blagodarili	102
blagodarilo	102
blagodarima	102
blagodarimo	102
blagodarimy	102
blagodariste	102
blagodarite	102
blagodarivša	102
blagodarivše	102
blagodarivši	102
blagodariš	102
blagodariše	102
blagodarjena	102
blagodarjenje	102
blagodarjeno	102
blagodarjeny	102
brasleta	102
brasletah	102
brasletam	102
brasletami	102
braslete	102
brasletom	102
brasletov	102
brasletu	102
braslety	102
dvojek	102
dvojkah	102
dvojkam	102
dvojkami	102
dvojko	102
dvojkoju	102
dvojku	102
dvojky	102
dvojkě	102
odsutnosti	102
odsutnostju	102
postupanij	102
postupanja	102
postupanjah	102
postupanjam	102
postupanjami	102
postupanjem	102
postupanju	102
solnečne	102
solnečni	102
solnečno	102
solnečnogo	102
solnečnoj	102
solnečnoju	102
solnečnom	102
solnečnomu	102
solnečnu	102
solnečnyh	102
solnečnym	102
solnečnymi	102
solnečněje	102
solnečnějši	102
spoda	102
spodah	102
spodam	102
spodami	102
spode	102
spodom	102
spodov	102
spodu	102
spody	102
odraziti	102
platbo	102
platboju	102
platbu	102
platbě	102
prěkrasna	102
prěkrasne	102
prěkrasni	102
prěkrasno	102
prěkrasnogo	102
prěkrasnoj	102
prěkrasnoju	102
prěkrasnom	102
prěkrasnomu	102
prěkrasnu	102
prěkrasnyh	102
prěkrasnym	102
prěkrasnymi	102
prěkrasněje	102
prěkrasnějši	102
talenta	102
talentah	102
talentam	102
talentami	102
talente	102
talentom	102
talentov	102
talentu	102
talenty	102
každoročny	102
malpa	102
malpica	102
prědšedši	102
vsakogodišnji	102
vsakogodišny	102
žetva	102
konsulata	102
konsulatah	102
konsulatam	102
konsulatami	102
konsulate	102
konsulatom	102
konsulatov	102
konsulatu	102
konsulaty	102
sak	102
saka	102
sakah	102
sakam	102
sakami	102
sakom	102
saku	102
vraga	102
vragah	102
vragam	102
vragami	102
vragi	102
vragom	102
vragov	102
vragu	102
vraže	102
izkoristyvati	102
izmysljenje	102
sutrudet	102
sutrudeča	102
sutrudeče	102
sutrudeči	102
sutrudi	102
sutrudih	102
sutrudihmo	102
sutrudihu	102
sutrudil	102
sutrudila	102
sutrudili	102
sutrudilo	102
sutrudim	102
sutrudima	102
sutrudimo	102
sutrudimy	102
sutrudiste	102
sutrudite	102
sutrudivša	102
sutrudivše	102
sutrudivši	102
sutrudiš	102
sutrudiše	102
sutrudžena	102
sutrudženje	102
sutrudženo	102
sutrudženy	102
sutrudžu	102
gumbik	102
guzik	102
akta	102
aktah	102
aktam	102
aktami	102
akte	102
aktom	102
aktov	102
aktu	102
akty	102
dlanjah	102
dlanjam	102
dlanjami	102
dlanji	102
dlanjij	102
dlanju	102
pekla	102
peklah	102
peklam	102
peklami	102
peklom	102
peklu	102
pekol	102
botaničny	102
nedostatok	102
područnika	102
područnikah	102
područnikam	102
područnikami	102
područnikom	102
područnikov	102
područniku	102
područniky	102
područniče	102
prigrada	102
prigradah	102
prigradam	102
prigradami	102
prigrade	102
prigradom	102
prigradov	102
prigradu	102
prigrady	102
suk	102
sukah	102
sukam	102
sukami	102
suko	102
sukoju	102
suku	102
suky	102
sukě	102
Atlantida	102
izjeti	102
manevry	102
medvědica	102
osoblivy	102
kostjuma	102
kostjumah	102
kostjumam	102
kostjumami	102
kostjume	102
kostjumom	102
kostjumov	102
kostjumu	102
kostjumy	102
težin	102
težinah	102
težinam	102
težinami	102
težino	102
težinoju	102
težinu	102
težiny	102
težině	102
Filipiny	102
argentinjsky	102
prijati	102
racionaljny	102
revolucijny	102
rukovoditi	102
sonda	102
ustaly	102
vrabec	102
žartovati	102
ilustracij	102
ilustracijah	102
ilustracijam	102
ilustracijami	102
ilustracije	102
ilustracijeju	102
ilustraciji	102
ilustracijo	102
ilustraciju	102
piramid	102
piramidah	102
piramidam	102
piramidami	102
piramido	102
piramidoju	102
piramidu	102
piramidy	102
piramidě	102
izvěstitelj	102
kolbasa	102
paraliza	102
stryjca	102
stryjcah	102
stryjcam	102
stryjcami	102
stryjcem	102
stryjcev	102
stryjci	102
stryjcu	102
stryjče	102
interpretacija	102
opoznati	102
poštova	102
skrinka	102
snědati	102
zvučnik	102
osob	102
osobah	102
osobam	102
osobami	102
osobo	102
osoboju	102
osobu	102
osoby	102
osobě	102
razrěšenij	102
razrěšenja	102
razrěšenjah	102
razrěšenjam	102
razrěšenjami	102
razrěšenjem	102
razrěšenju	102
spadeh	102
spadehmo	102
spadehu	102
spadem	102
spademo	102
spadena	102
spadenje	102
spadeno	102
spadeny	102
spadeste	102
spadete	102
spadeš	102
spadeše	102
spadi	102
spadimo	102
spadite	102
spadl	102
spadla	102
spadli	102
spadlo	102
spadoma	102
spadomo	102
spadomy	102
spadut	102
spaduča	102
spaduče	102
spaduči	102
spadša	102
spadše	102
spadši	102
spase	102
spaseh	102
spasehmo	102
spasehu	102
spasem	102
spasemo	102
spasena	102
spaseno	102
spaseny	102
spaseste	102
spasete	102
spaseš	102
spaseše	102
spasi	102
spasimo	102
spasite	102
spasl	102
spasla	102
spasli	102
spaslo	102
spasoma	102
spasomo	102
spasomy	102
spasu	102
spasut	102
spasuča	102
spasuče	102
spasuči	102
spasša	102
spasše	102
spasši	102
ubijcah	102
ubijcam	102
ubijcami	102
ubijce	102
ubijceju	102
ubijcev	102
ubijci	102
ubijco	102
ubijcu	102
ljuba	102
stad	102
stada	102
stadah	102
stadam	102
stadami	102
stadom	102
stadu	102
vozvoda	102
vozvodah	102
vozvodam	102
vozvodami	102
vozvode	102
vozvodom	102
vozvodov	102
vozvodu	102
vozvody	102
kozak	102
nasěkomo	102
replika	102
rysovany	102
solarny	102
spoljny	102
šestinožka	102
izjavjenja	102
izjavjenjem	102
izjavjenju	102
olova	102
olovom	102
olovu	102
prošedša	102
prošedše	102
prošedšego	102
prošedšej	102
prošedšeje	102
prošedšeju	102
prošedšejši	102
prošedšem	102
prošedšemu	102
prošedših	102
prošedšim	102
prošedšimi	102
prošedšu	102
svinca	102
svincem	102
svincu	102
svinče	102
poranjenij	102
poranjenja	102
poranjenjah	102
poranjenjam	102
poranjenjami	102
poranjenjem	102
poranjenju	102
zatvora	102
zatvorah	102
zatvoram	102
zatvorami	102
zatvore	102
zatvorom	102
zatvorov	102
zatvoru	102
zatvory	102
upotrěbiti	102
utratiti	102
pere	102
perem	102
perema	102
peremo	102
peremy	102
perete	102
pereš	102
peri	102
perimo	102
perite	102
perut	102
peruča	102
peruče	102
peruči	102
pore	102
porem	102
porema	102
poremo	102
poremy	102
porete	102
poreš	102
pori	102
porimo	102
porite	102
poru	102
porut	102
poruča	102
poruče	102
poruči	102
prahmo	102
praj	102
praje	102
prajema	102
prajemo	102
prajemy	102
prajete	102
praješ	102
prajmo	102
prajte	102
praju	102
prajut	102
prajuča	102
prajuče	102
prajuči	102
pral	102
prala	102
prali	102
pralo	102
pram	102
prama	102
pramo	102
pramy	102
prana	102
pranje	102
prano	102
prany	102
praste	102
prata	102
prate	102
pratje	102
prato	102
praty	102
pravša	102
pravše	102
pravši	102
praš	102
akceptovati	102
feminizm	102
izhodny	102
impulsa	102
impulsah	102
impulsam	102
impulsami	102
impulse	102
impulsom	102
impulsov	102
impulsu	102
impulsy	102
spomnet	102
spomneča	102
spomneče	102
spomneči	102
spomni	102
spomnim	102
spomnima	102
spomnimo	102
spomnimy	102
spomnite	102
spomniš	102
spomnju	102
spomněh	102
spomněhmo	102
spomněhu	102
spomněl	102
spomněla	102
spomněli	102
spomnělo	102
spomněna	102
spomněnje	102
spomněno	102
spomněny	102
spomněste	102
spomněvša	102
spomněvše	102
spomněvši	102
spomněše	102
neprijatny	102
onaky	102
pridrživati	102
montaž	102
montažah	102
montažam	102
montažami	102
montaže	102
montažeju	102
montaži	102
montažo	102
montažu	102
nezaležna	102
nezaležne	102
nezaležni	102
nezaležnogo	102
nezaležnoj	102
nezaležnoju	102
nezaležnom	102
nezaležnomu	102
nezaležnu	102
nezaležnyh	102
nezaležnym	102
nezaležnymi	102
nezaležněje	102
nezaležnějši	102
pomnika	102
pomnikah	102
pomnikam	102
pomnikami	102
pomnikom	102
pomnikov	102
pomniku	102
pomniky	102
pomniče	102
grebenj	102
juny	102
monument	102
premy	102
vesely	102
tematik	102
tematikah	102
tematikam	102
tematikami	102
tematiko	102
tematikoju	102
tematiku	102
tematiky	102
tematikě	102
vhodet	102
vhodeča	102
vhodeče	102
vhodeči	102
vhodi	102
vhodih	102
vhodihmo	102
vhodihu	102
vhodil	102
vhodila	102
vhodili	102
vhodilo	102
vhodim	102
vhodima	102
vhodimo	102
vhodimy	102
vhodiste	102
vhodite	102
vhodivša	102
vhodivše	102
vhodivši	102
vhodiš	102
vhodiše	102
vhodžena	102
vhodženje	102
vhodženo	102
vhodženy	102
vhodžu	102
pridělati	102
užasny	102
sluček	102
slučkah	102
slučkam	102
slučkami	102
slučko	102
slučkoju	102
slučku	102
slučky	102
slučkě	102
sětkah	102
sětkam	102
sětkami	102
sětko	102
sětkoju	102
sětku	102
sětky	102
sětkě	102
sětok	102
věrna	102
věrne	102
věrni	102
věrno	102
věrnogo	102
věrnoj	102
věrnoju	102
věrnom	102
věrnomu	102
věrnu	102
věrnyh	102
věrnym	102
věrnymi	102
věrněje	102
věrnějši	102
dob	102
dobah	102
dobam	102
dobami	102
dobo	102
doboju	102
dobu	102
doby	102
době	102
dotud	102
erupcija	102
instrument	102
islamska	102
islamske	102
islamski	102
islamsko	102
islamskogo	102
islamskoj	102
islamskoju	102
islamskom	102
islamskomu	102
islamsku	102
islamskyh	102
islamskym	102
islamskymi	102
jezd	102
jezdah	102
jezdam	102
jezdami	102
jezdo	102
jezdoju	102
jezdu	102
jezdy	102
jezdě	102
satira	102
tropičny	102
zabavna	102
zabavne	102
zabavni	102
zabavno	102
zabavnogo	102
zabavnoj	102
zabavnoju	102
zabavnom	102
zabavnomu	102
zabavnu	102
zabavnyh	102
zabavnym	102
zabavnymi	102
zabavněje	102
zabavnějši	102
želěznične	102
želěznični	102
želěznično	102
želězničnogo	102
želězničnoj	102
želězničnoju	102
želězničnom	102
želězničnomu	102
želězničnu	102
želězničnyh	102
želězničnym	102
želězničnymi	102
želězničněje	102
želězničnějši	102
izobraženij	102
izobraženja	102
izobraženjah	102
izobraženjam	102
izobraženjami	102
izobraženjem	102
izobraženju	102
obrača	102
obračah	102
obračahmo	102
obračahu	102
obračaj	102
obračaje	102
obračajema	102
obračajemo	102
obračajemy	102
obračajete	102
obračaješ	102
obračajmo	102
obračajte	102
obračaju	102
obračajut	102
obračajuča	102
obračajuče	102
obračajuči	102
obračal	102
obračala	102
obračali	102
obračalo	102
obračam	102
obračama	102
obračamo	102
obračamy	102
obračana	102
obračanje	102
obračano	102
obračany	102
obračaste	102
obračate	102
obračavša	102
obračavše	102
obračavši	102
obračaš	102
obračaše	102
sěveroiztoka	102
sěveroiztokom	102
sěveroiztoku	102
sěveroiztoče	102
sěverovozhoda	102
sěverovozhode	102
sěverovozhodom	102
sěverovozhodu	102
težba	102
zvonok	102
katkah	102
katkam	102
katkami	102
katko	102
katkoju	102
katku	102
katky	102
katkě	102
katok	102
lěčena	102
lěčeno	102
lěčeny	102
lěčet	102
lěčeča	102
lěčeče	102
lěčeči	102
lěči	102
lěčih	102
lěčihmo	102
lěčihu	102
lěčil	102
lěčila	102
lěčili	102
lěčilo	102
lěčim	102
lěčima	102
lěčimo	102
lěčimy	102
lěčiste	102
lěčite	102
lěčivša	102
lěčivše	102
lěčivši	102
lěčiš	102
lěčiše	102
lěču	102
medvěda	102
medvědah	102
medvědam	102
medvědami	102
medvědem	102
medvědev	102
medvědi	102
medvědu	102
krasivši	102
saksofon	102
vitanje	102
označiti	102
parametr	102
danka	102
dankah	102
dankam	102
dankami	102
dankom	102
dankov	102
danku	102
danky	102
danče	102
rujenja	102
rujenjem	102
rujenju	102
sposobnostah	102
sposobnostam	102
sposobnostami	102
sposobnosti	102
sposobnostij	102
sposobnostju	102
stvorjenij	102
stvorjenja	102
stvorjenjah	102
stvorjenjam	102
stvorjenjami	102
stvorjenjem	102
stvorjenju	102
zločinec	102
milej	102
miljah	102
miljam	102
miljami	102
milje	102
miljeju	102
milji	102
miljo	102
milju	102
energičny	102
krmjenje	102
loviti	102
obrabotyvati	102
protestovati	102
snaha	102
straž	102
tele	102
teritorialjno	102
vvoditi	102
plava	102
plavah	102
plavahmo	102
plavahu	102
plavaj	102
plavaje	102
plavajema	102
plavajemo	102
plavajemy	102
plavajete	102
plavaješ	102
plavajmo	102
plavajte	102
plavaju	102
plavajut	102
plavajuča	102
plavajuče	102
plavajuči	102
plaval	102
plavala	102
plavali	102
plavalo	102
plavam	102
plavama	102
plavamo	102
plavamy	102
plavana	102
plavano	102
plavany	102
plavaste	102
plavate	102
plavavša	102
plavavše	102
plavavši	102
plavaš	102
plavaše	102
dostavitelj	102
prizvati	102
simulacija	102
včerašnji	102
včerašny	102
grozna	102
grozne	102
grozni	102
grozno	102
groznogo	102
groznoj	102
groznoju	102
groznom	102
groznomu	102
groznu	102
groznyh	102
groznym	102
groznymi	102
grozněje	102
groznějši	102
kupěljah	102
kupěljam	102
kupěljami	102
kupělji	102
kupěljij	102
kupělju	102
monaha	102
monahah	102
monaham	102
monahami	102
monahi	102
monahom	102
monahov	102
monahu	102
monaše	102
sěteva	102
sěteve	102
sětevi	102
sětevo	102
sětevogo	102
sětevoj	102
sětevoju	102
sětevom	102
sětevomu	102
sětevu	102
sětevyh	102
sětevym	102
sětevymi	102
sětevěje	102
sětevějši	102
vkusna	102
vkusne	102
vkusni	102
vkusno	102
vkusnogo	102
vkusnoj	102
vkusnoju	102
vkusnom	102
vkusnomu	102
vkusnu	102
vkusnyh	102
vkusnym	102
vkusnymi	102
vkusněje	102
vkusnějši	102
amater	102
klej	102
poddati	102
ravnanje	102
vygoda	102
šesterka	102
jada	102
jadah	102
jadam	102
jadami	102
jade	102
jadom	102
jadov	102
jadu	102
jady	102
spaljnej	102
spaljnjah	102
spaljnjam	102
spaljnjami	102
spaljnje	102
spaljnjeju	102
spaljnji	102
spaljnjo	102
spaljnju	102
ciganka	102
pradědok	102
procitovati	102
vlaga	102
izplatet	102
izplateča	102
izplateče	102
izplateči	102
izplati	102
izplatih	102
izplatihmo	102
izplatihu	102
izplatil	102
izplatila	102
izplatili	102
izplatilo	102
izplatim	102
izplatima	102
izplatimo	102
izplatimy	102
izplatiste	102
izplatite	102
izplativša	102
izplativše	102
izplativši	102
izplatiš	102
izplatiše	102
izplačena	102
izplačenje	102
izplačeno	102
izplačeny	102
izplaču	102
monopola	102
monopolah	102
monopolam	102
monopolami	102
monopole	102
monopolom	102
monopolov	102
monopolu	102
monopoly	102
natiska	102
natiskah	102
natiskam	102
natiskami	102
natiskom	102
natiskov	102
natisku	102
natisky	102
natisče	102
sbiranja	102
sbiranjem	102
sbiranju	102
razpoznavanje	102
panoram	102
panoramah	102
panoramam	102
panoramami	102
panoramo	102
panoramoju	102
panoramu	102
panoramy	102
panoramě	102
vsesvěta	102
vsesvětah	102
vsesvětam	102
vsesvětami	102
vsesvěte	102
vsesvětom	102
vsesvětov	102
vsesvětu	102
vsesvěty	102
izigryvati	102
lancuh	102
pripominati	102
proizhoditi	102
pult	102
vvrgnuti	102
želati	102
městna	102
městni	102
městno	102
městnogo	102
městnoj	102
městnoju	102
městnom	102
městnomu	102
městnu	102
městnyh	102
městnym	102
městnymi	102
městněje	102
městnějši	102
prědpoloženij	102
prědpoloženja	102
prědpoloženjah	102
prědpoloženjam	102
prědpoloženjami	102
prědpoloženjem	102
prědpoloženju	102
vooružena	102
vooružene	102
vooruženi	102
vooruženo	102
vooruženogo	102
vooruženoj	102
vooruženoju	102
vooruženom	102
vooruženomu	102
vooruženu	102
vooruženyh	102
vooruženym	102
vooruženymi	102
vooruženěje	102
vooruženějši	102
prěprav	102
prěpravah	102
prěpravam	102
prěpravami	102
prěpravo	102
prěpravoju	102
prěpravu	102
prěpravy	102
prěpravě	102
groma	102
gromah	102
gromam	102
gromami	102
grome	102
gromom	102
gromov	102
gromu	102
gromy	102
bob	102
božsky	102
odkazyvati	102
podval	102
prizemje	102
tvorec	102
položena	102
položene	102
položeni	102
položeno	102
položenogo	102
položenoj	102
položenoju	102
položenom	102
položenomu	102
položenu	102
položenyh	102
položenym	102
položenymi	102
položeněje	102
položenějši	102
ročna	102
ročne	102
ročni	102
ročnogo	102
ročnoj	102
ročnoju	102
ročnom	102
ročnomu	102
ročnu	102
ročnyh	102
ročnym	102
ročnymi	102
ročněje	102
ročnějši	102
traktora	102
traktorah	102
traktoram	102
traktorami	102
traktore	102
traktorom	102
traktorov	102
traktoru	102
traktory	102
obslugovati	102
teritorialjny	102
trvaly	102
ječmen	102
ječmenah	102
ječmenam	102
ječmenami	102
ječmene	102
ječmenem	102
ječmenev	102
ječmeni	102
ječmenja	102
ječmenjah	102
ječmenjam	102
ječmenjami	102
ječmenje	102
ječmenjem	102
ječmenjev	102
ječmenju	102
odpočinka	102
odpočinkom	102
odpočinku	102
odpočinče	102
prědstavah	102
prědstavahmo	102
prědstavahu	102
prědstavaj	102
prědstavaje	102
prědstavajema	102
prědstavajemo	102
prědstavajemy	102
prědstavajete	102
prědstavaješ	102
prědstavajmo	102
prědstavajte	102
prědstavaju	102
prědstavajut	102
prědstavajuča	102
prědstavajuče	102
prědstavajuči	102
prědstaval	102
prědstavala	102
prědstavali	102
prědstavalo	102
prědstavam	102
prědstavama	102
prědstavamo	102
prědstavamy	102
prědstavana	102
prědstavanje	102
prědstavano	102
prědstavany	102
prědstavaste	102
prědstavate	102
prědstavavša	102
prědstavavše	102
prědstavavši	102
prědstavaš	102
prědstavaše	102
razpoloženij	102
razpoloženja	102
razpoloženjah	102
razpoloženjam	102
razpoloženjami	102
razpoloženjem	102
razpoloženju	102
vezenja	102
vezenjah	102
vezenjam	102
vezenjami	102
vezenjem	102
vezenjev	102
vezenji	102
vezenju	102
teniska	102
osvěčenij	102
osvěčenja	102
osvěčenjah	102
osvěčenjam	102
osvěčenjami	102
osvěčenjem	102
osvěčenju	102
pracodavca	102
pracodavcah	102
pracodavcam	102
pracodavcami	102
pracodavcem	102
pracodavcev	102
pracodavci	102
pracodavcu	102
pracodavče	102
rabotodatelja	102
rabotodateljah	102
rabotodateljam	102
rabotodateljami	102
rabotodateljem	102
rabotodateljev	102
rabotodatelji	102
rabotodatelju	102
rysovankah	102
rysovankam	102
rysovankami	102
rysovanko	102
rysovankoju	102
rysovanku	102
rysovanky	102
rysovankě	102
rysovanok	102
žuka	102
žukah	102
žukam	102
žukami	102
žuki	102
žukom	102
žukov	102
žuku	102
žuče	102
aktivacija	102
godny	102
prěgledač	102
sperma	102
posědanij	102
posědanja	102
posědanjah	102
posědanjam	102
posědanjami	102
posědanjem	102
posědanju	102
izložiti	102
plug	102
potop	102
tyčkoskok	102
zadovoliti	102
zajezd	102
odpusta	102
odpustah	102
odpustam	102
odpustami	102
odpuste	102
odpustom	102
odpustov	102
odpustu	102
odpusty	102
proset	102
proseča	102
proseče	102
proseči	102
prosi	102
prosih	102
prosihmo	102
prosihu	102
prosil	102
prosila	102
prosili	102
prosilo	102
prosima	102
prosimo	102
prosimy	102
prosiste	102
prosite	102
prosivša	102
prosivše	102
prosivši	102
prosiš	102
prosiše	102
prošena	102
prošenje	102
prošeno	102
prošeny	102
viz	102
vizah	102
vizam	102
vizami	102
vizo	102
vizoju	102
vizu	102
vizy	102
vizě	102
zimna	102
zimne	102
zimni	102
zimno	102
zimnogo	102
zimnoj	102
zimnoju	102
zimnom	102
zimnomu	102
zimnu	102
zimnyh	102
zimnym	102
zimnymi	102
zimněje	102
zimnějši	102
bambus	102
dizeljny	102
glavnokomandovača	102
glavnokomandovačah	102
glavnokomandovačam	102
glavnokomandovačami	102
glavnokomandovačem	102
glavnokomandovačev	102
glavnokomandovači	102
glavnokomandovaču	102
odzvati	102
sčityvati	102
tetenka	102
udobstvo	102
obhodet	102
obhodeča	102
obhodeče	102
obhodeči	102
obhodi	102
obhodih	102
obhodihmo	102
obhodihu	102
obhodil	102
obhodila	102
obhodili	102
obhodilo	102
obhodim	102
obhodima	102
obhodimo	102
obhodimy	102
obhodiste	102
obhodite	102
obhodivša	102
obhodivše	102
obhodivši	102
obhodiš	102
obhodiše	102
obhodžena	102
obhodženje	102
obhodženo	102
obhodženy	102
obhodžu	102
poklada	102
pokladah	102
pokladahmo	102
pokladahu	102
pokladaj	102
pokladaje	102
pokladajema	102
pokladajemo	102
pokladajemy	102
pokladajete	102
pokladaješ	102
pokladajmo	102
pokladajte	102
pokladaju	102
pokladajut	102
pokladajuča	102
pokladajuče	102
pokladajuči	102
pokladal	102
pokladala	102
pokladali	102
pokladalo	102
pokladam	102
pokladama	102
pokladamo	102
pokladamy	102
pokladana	102
pokladanje	102
pokladano	102
pokladany	102
pokladaste	102
pokladate	102
pokladavša	102
pokladavše	102
pokladavši	102
pokladaš	102
pokladaše	102
ram	102
ramah	102
ramam	102
ramami	102
ramkam	102
ramkami	102
ramko	102
ramkoju	102
ramku	102
ramky	102
ramkě	102
ramo	102
ramoju	102
ramok	102
ramu	102
ramy	102
ramě	102
zaměnah	102
zaměnam	102
zaměnami	102
zaměno	102
zaměnoju	102
zaměnu	102
zaměny	102
zaměně	102
črtany	102
kuba	102
kubah	102
kubam	102
kubami	102
kube	102
kubom	102
kubov	102
kubu	102
kuby	102
nastavet	102
nastaveča	102
nastaveče	102
nastaveči	102
nastavi	102
nastavih	102
nastavihmo	102
nastavihu	102
nastavil	102
nastavila	102
nastavili	102
nastavilo	102
nastavim	102
nastavima	102
nastavimo	102
nastavimy	102
nastaviste	102
nastavite	102
nastavivša	102
nastavivše	102
nastavivši	102
nastaviš	102
nastaviše	102
nastavjena	102
nastavjenje	102
nastavjeno	102
nastavjeny	102
nastavju	102
pokupkah	102
pokupkam	102
pokupkami	102
pokupko	102
pokupkoju	102
pokupku	102
pokupky	102
pokupkě	102
pokupok	102
žab	102
žabah	102
žabam	102
žabami	102
žabo	102
žaboju	102
žabu	102
žaby	102
žabě	102
besěda	101
posad	101
posadah	101
posadam	101
posadami	101
posado	101
posadoju	101
posadu	101
posady	101
posadě	101
sumněnij	101
sumněnja	101
sumněnjah	101
sumněnjam	101
sumněnjami	101
sumněnjem	101
sumněnju	101
vozrastli	101
vozrastlogo	101
vozrastlom	101
vozrastlomu	101
vozrastlu	101
vozrastlěje	101
vozrastlějši	101
dansing	101
dvojče	101
konfederacija	101
ljubitelj	101
približiti	101
oglašenje	101
regulovati	101
pametnika	101
pametnikah	101
pametnikam	101
pametnikami	101
pametnikom	101
pametnikov	101
pametniku	101
pametniky	101
pametniče	101
sedmdeseti	101
sedmdesetju	101
Amazonka	101
iznahodnik	101
pozastavjenje	101
razsvět	101
sučasnik	101
tasma	101
prisutna	101
prisutne	101
prisutni	101
prisutno	101
prisutnogo	101
prisutnoj	101
prisutnoju	101
prisutnom	101
prisutnomu	101
prisutnu	101
prisutnyh	101
prisutnym	101
prisutnymi	101
prisutněje	101
prisutnějši	101
prěznačenij	101
prěznačenja	101
prěznačenjah	101
prěznačenjam	101
prěznačenjami	101
prěznačenjem	101
prěznačenju	101
rodimy	101
mjuzikla	101
mjuziklah	101
mjuziklam	101
mjuziklami	101
mjuzikle	101
mjuziklom	101
mjuziklov	101
mjuziklu	101
mjuzikly	101
prěnese	101
prěneseh	101
prěnesehmo	101
prěnesehu	101
prěnesem	101
prěnesemo	101
prěnesena	101
prěnesenje	101
prěneseno	101
prěneseny	101
prěneseste	101
prěnesete	101
prěneseš	101
prěneseše	101
prěnesi	101
prěnesimo	101
prěnesite	101
prěnesl	101
prěnesla	101
prěnesli	101
prěneslo	101
prěnesoma	101
prěnesomo	101
prěnesomy	101
prěnesu	101
prěnesut	101
prěnesuča	101
prěnesuče	101
prěnesuči	101
prěnesša	101
prěnesše	101
prěnesši	101
sluča	101
slučah	101
slučahmo	101
slučahu	101
slučajema	101
slučajemo	101
slučajemy	101
slučajete	101
slučaješ	101
slučajmo	101
slučajte	101
slučajut	101
slučajuča	101
slučajuče	101
slučajuči	101
slučal	101
slučala	101
slučali	101
slučalo	101
slučam	101
slučama	101
slučamo	101
slučamy	101
slučana	101
slučanje	101
slučano	101
slučany	101
slučaste	101
slučate	101
slučavša	101
slučavše	101
slučavši	101
slučaš	101
slučaše	101
ustanovjena	101
ustanovjene	101
ustanovjeni	101
ustanovjeno	101
ustanovjenogo	101
ustanovjenoj	101
ustanovjenoju	101
ustanovjenom	101
ustanovjenomu	101
ustanovjenu	101
ustanovjenyh	101
ustanovjenym	101
ustanovjenymi	101
ustanovjeněje	101
ustanovjenějši	101
audiofajl	101
kvartet	101
maslinovy	101
musliman	101
muslimanin	101
simbolika	101
složeno	101
vakuum	101
lipenja	101
lipenjem	101
lipenju	101
napreženij	101
napreženja	101
napreženjah	101
napreženjam	101
napreženjami	101
napreženjem	101
napreženju	101
objektivna	101
objektivne	101
objektivni	101
objektivno	101
objektivnogo	101
objektivnoj	101
objektivnoju	101
objektivnom	101
objektivnomu	101
objektivnu	101
objektivnyh	101
objektivnym	101
objektivnymi	101
objektivněje	101
objektivnějši	101
sěna	101
sěnom	101
sěnu	101
Hercegovina	101
aplodovanje	101
bogač	101
odprositi	101
pornografija	101
stanoviti	101
dvohsot	101
dvohstah	101
dvomastami	101
dvomstam	101
kapel	101
kapelah	101
kapelam	101
kapelami	101
kapelo	101
kapeloju	101
kapelu	101
kapely	101
kapelě	101
vvoza	101
vvozah	101
vvozam	101
vvozami	101
vvoze	101
vvozom	101
vvozov	101
vvozu	101
vvozy	101
Java	101
personaž	101
prědprijeti	101
figur	101
figurah	101
figuram	101
figurami	101
figuro	101
figuroju	101
figuru	101
figury	101
figurě	101
kapitalizma	101
kapitalizme	101
kapitalizmom	101
kapitalizmu	101
damsky	101
laznja	101
pišeča	101
pišeči	101
potrěbny	101
pěsennik	101
rabat	101
strěljnik	101
zatrimyvati	101
starostah	101
starostam	101
starostami	101
starosti	101
starostij	101
starostju	101
vlažnostah	101
vlažnostam	101
vlažnostami	101
vlažnosti	101
vlažnostij	101
vlažnostju	101
volgkostah	101
volgkostam	101
volgkostami	101
volgkosti	101
volgkostij	101
volgkostju	101
danj	101
lihy	101
naseljeny	101
razvivajuči	101
gada	101
gadah	101
gadam	101
gadami	101
gade	101
gadi	101
gadom	101
gadov	101
gadu	101
nasladet	101
nasladeča	101
nasladeče	101
nasladeči	101
nasladi	101
nasladih	101
nasladihmo	101
nasladihu	101
nasladil	101
nasladila	101
nasladili	101
nasladilo	101
nasladim	101
nasladima	101
nasladimo	101
nasladimy	101
nasladiste	101
nasladite	101
nasladivša	101
nasladivše	101
nasladivši	101
nasladiš	101
nasladiše	101
nasladžena	101
nasladženje	101
nasladženo	101
nasladženy	101
nasladžu	101
dobavja	101
dobavjah	101
dobavjahmo	101
dobavjahu	101
dobavjaj	101
dobavjaje	101
dobavjajema	101
dobavjajemo	101
dobavjajemy	101
dobavjajete	101
dobavjaješ	101
dobavjajmo	101
dobavjajte	101
dobavjaju	101
dobavjajut	101
dobavjajuča	101
dobavjajuče	101
dobavjajuči	101
dobavjal	101
dobavjala	101
dobavjali	101
dobavjalo	101
dobavjam	101
dobavjama	101
dobavjamo	101
dobavjamy	101
dobavjana	101
dobavjanje	101
dobavjano	101
dobavjany	101
dobavjaste	101
dobavjate	101
dobavjavša	101
dobavjavše	101
dobavjavši	101
dobavjaš	101
dobavjaše	101
iskrenostah	101
iskrenostam	101
iskrenostami	101
iskrenosti	101
iskrenostij	101
iskrenostju	101
komah	101
komam	101
komami	101
komo	101
komoju	101
komy	101
komě	101
lena	101
lene	101
lenom	101
lenu	101
psevdonima	101
psevdonimah	101
psevdonimam	101
psevdonimami	101
psevdonime	101
psevdonimom	101
psevdonimov	101
psevdonimu	101
psevdonimy	101
prinudženy	101
sojuznika	101
sojuznikah	101
sojuznikam	101
sojuznikami	101
sojuzniki	101
sojuznikom	101
sojuznikov	101
sojuzniku	101
sojuzniče	101
udaljenostah	101
udaljenostam	101
udaljenostami	101
udaljenosti	101
udaljenostij	101
udaljenostju	101
doslědno	101
pivnica	101
pomarančevy	101
generatora	101
generatorah	101
generatoram	101
generatorami	101
generatore	101
generatorom	101
generatorov	101
generatoru	101
generatory	101
umětne	101
umětni	101
umětno	101
umětnogo	101
umětnoj	101
umětnoju	101
umětnom	101
umětnomu	101
umětnu	101
umětnyh	101
umětnym	101
umětnymi	101
umětněje	101
umětnějši	101
horoskop	101
maternica	101
udaljenje	101
diagnostiko	101
diagnostikoju	101
diagnostiku	101
diagnostiky	101
diagnostikě	101
diametra	101
diametrah	101
diametram	101
diametrami	101
diametre	101
diametrom	101
diametrov	101
diametru	101
diametry	101
magneta	101
magnetah	101
magnetam	101
magnetami	101
magnete	101
magnetom	101
magnetov	101
magnetu	101
magnety	101
potoka	101
potokah	101
potokam	101
potokami	101
potokom	101
potokov	101
potoku	101
potoky	101
potoče	101
betonny	101
iskaljnik	101
kupoprodaž	101
prigodny	101
vrhovje	101
galaktik	101
galaktikah	101
galaktikam	101
galaktikami	101
galaktiko	101
galaktikoju	101
galaktiku	101
galaktiky	101
galaktikě	101
izgubet	101
izgubeča	101
izgubeče	101
izgubeči	101
izgubi	101
izgubih	101
izgubihmo	101
izgubihu	101
izgubil	101
izgubila	101
izgubili	101
izgubilo	101
izgubim	101
izgubima	101
izgubimo	101
izgubimy	101
izgubiste	101
izgubite	101
izgubivša	101
izgubivše	101
izgubivši	101
izgubiš	101
izgubiše	101
izgubjena	101
izgubjenje	101
izgubjeno	101
izgubjeny	101
izgubju	101
izjede	101
izjedem	101
izjedemo	101
izjedete	101
izjedeš	101
izjedi	101
izjedimo	101
izjedite	101
izjedoma	101
izjedomo	101
izjedomy	101
izjedu	101
izjedut	101
izjeduča	101
izjeduče	101
izjeduči	101
izjehah	101
izjehahmo	101
izjehahu	101
izjehal	101
izjehala	101
izjehali	101
izjehalo	101
izjehana	101
izjehanje	101
izjehano	101
izjehany	101
izjehaste	101
izjehavša	101
izjehavše	101
izjehavši	101
izjehaše	101
postojek	101
postojkah	101
postojkam	101
postojkami	101
postojko	101
postojkoju	101
postojku	101
postojky	101
postojkě	101
poškodženij	101
poškodženja	101
poškodženjah	101
poškodženjam	101
poškodženjami	101
poškodženjem	101
poškodženju	101
vaz	101
vazah	101
vazam	101
vazami	101
vazo	101
vazoju	101
vazu	101
vazy	101
vazě	101
vojevodah	101
vojevodam	101
vojevodami	101
vojevodi	101
vojevodo	101
vojevodoju	101
vojevodov	101
vojevodu	101
vojevody	101
vojevodě	101
zabluda	101
kulturna	101
kulturne	101
kulturni	101
kulturno	101
kulturnogo	101
kulturnoj	101
kulturnoju	101
kulturnom	101
kulturnomu	101
kulturnu	101
kulturnyh	101
kulturnym	101
kulturnymi	101
kulturněje	101
kulturnějši	101
dosegnuti	101
improvizacija	101
kurv	101
kurvah	101
kurvam	101
kurvami	101
kurvo	101
kurvoju	101
kurvu	101
kurvy	101
kurvě	101
odvezti	101
spyta	101
spytah	101
spytahmo	101
spytahu	101
spytaj	101
spytaje	101
spytajema	101
spytajemo	101
spytajemy	101
spytajete	101
spytaješ	101
spytajmo	101
spytajte	101
spytaju	101
spytajut	101
spytajuča	101
spytajuče	101
spytajuči	101
spytal	101
spytala	101
spytali	101
spytalo	101
spytam	101
spytama	101
spytamo	101
spytamy	101
spytana	101
spytanje	101
spytano	101
spytany	101
spytaste	101
spytate	101
spytavša	101
spytavše	101
spytavši	101
spytaš	101
spytaše	101
zaustavet	101
zaustaveča	101
zaustaveče	101
zaustaveči	101
zaustavi	101
zaustavih	101
zaustavihmo	101
zaustavihu	101
zaustavil	101
zaustavila	101
zaustavili	101
zaustavilo	101
zaustavim	101
zaustavima	101
zaustavimo	101
zaustavimy	101
zaustaviste	101
zaustavite	101
zaustavivša	101
zaustavivše	101
zaustavivši	101
zaustaviš	101
zaustaviše	101
zaustavjena	101
zaustavjenje	101
zaustavjeno	101
zaustavjeny	101
zaustavju	101
želudka	101
želudkah	101
želudkam	101
želudkami	101
želudkom	101
želudkov	101
želudku	101
želudky	101
želudče	101
desnic	101
desnicah	101
desnicam	101
desnicami	101
desnice	101
desniceju	101
desnici	101
desnico	101
desnicu	101
kazin	101
kazina	101
kazinah	101
kazinam	101
kazinami	101
kazinom	101
kazinu	101
plat	101
platah	101
platam	101
platami	101
plato	101
platoju	101
platu	101
platy	101
platě	101
pohvalet	101
pohvaleča	101
pohvaleče	101
pohvaleči	101
pohvali	101
pohvalih	101
pohvalihmo	101
pohvalihu	101
pohvalil	101
pohvalila	101
pohvalili	101
pohvalilo	101
pohvalim	101
pohvalima	101
pohvalimo	101
pohvalimy	101
pohvaliste	101
pohvalite	101
pohvalivša	101
pohvalivše	101
pohvalivši	101
pohvališ	101
pohvališe	101
pohvaljena	101
pohvaljenje	101
pohvaljeno	101
pohvaljeny	101
pohvalju	101
rtuti	101
rtutju	101
značeka	101
značekah	101
značekam	101
značekami	101
značekom	101
značekov	101
značeku	101
značeky	101
značeče	101
Ekvador	101
aktivovati	101
izvoditi	101
prdak	101
ista	101
iste	101
isti	101
istogo	101
istoj	101
istoju	101
istom	101
istomu	101
istu	101
istyh	101
istym	101
istymi	101
istěje	101
istějši	101
osvětljenij	101
osvětljenja	101
osvětljenjah	101
osvětljenjam	101
osvětljenjami	101
osvětljenjem	101
osvětljenju	101
upotrěbjenij	101
upotrěbjenja	101
upotrěbjenjah	101
upotrěbjenjam	101
upotrěbjenjami	101
upotrěbjenjem	101
upotrěbjenju	101
věča	101
věčem	101
věču	101
bogaty	101
cicky	101
funkcionaljny	101
energetiko	101
energetikoju	101
energetiku	101
energetiky	101
energetikě	101
bolěti	101
efektivny	101
grozdje	101
hemična	101
hemične	101
hemični	101
hemično	101
hemičnogo	101
hemičnoj	101
hemičnoju	101
hemičnom	101
hemičnomu	101
hemičnu	101
hemičnyh	101
hemičnym	101
hemičnymi	101
hemičněje	101
hemičnějši	101
kalij	101
kreativny	101
neprirodny	101
odkrytka	101
temnost	101
izuča	101
izučah	101
izučahmo	101
izučahu	101
izučaj	101
izučaje	101
izučajema	101
izučajemo	101
izučajemy	101
izučajete	101
izučaješ	101
izučajmo	101
izučajte	101
izučaju	101
izučajut	101
izučajuča	101
izučajuče	101
izučajuči	101
izučal	101
izučala	101
izučali	101
izučalo	101
izučam	101
izučama	101
izučamo	101
izučamy	101
izučana	101
izučanje	101
izučano	101
izučany	101
izučaste	101
izučate	101
izučavša	101
izučavše	101
izučavši	101
izučaš	101
izučaše	101
zadadoma	101
zadadomo	101
zadadomy	101
zadadut	101
zadaduča	101
zadaduče	101
zadaduči	101
zadahmo	101
zadahu	101
zadaj	101
zadajmo	101
zadajte	101
zadal	101
zadala	101
zadali	101
zadalo	101
zadamo	101
zadana	101
zadano	101
zadany	101
zadaste	101
zadate	101
zadavša	101
zadavše	101
zadavši	101
zadaš	101
zadaše	101
embargo	101
dara	101
darah	101
daram	101
darami	101
dare	101
darom	101
darov	101
daru	101
dary	101
surabotničstva	101
surabotničstvom	101
surabotničstvu	101
nevidima	101
nevidime	101
nevidimi	101
nevidimo	101
nevidimogo	101
nevidimoj	101
nevidimoju	101
nevidimom	101
nevidimomu	101
nevidimu	101
nevidimyh	101
nevidimym	101
nevidimymi	101
nevidiměje	101
nevidimějši	101
atraktivny	101
tancorka	101
molekula	101
sanje	101
uznanje	101
izměnjenij	101
izměnjenja	101
izměnjenjah	101
izměnjenjam	101
izměnjenjami	101
izměnjenjem	101
izměnjenju	101
kompozicij	101
kompozicijah	101
kompozicijam	101
kompozicijami	101
kompozicije	101
kompozicijeju	101
kompoziciji	101
kompozicijo	101
kompoziciju	101
osmdeseti	101
osmdesetju	101
poddrživa	101
poddrživah	101
poddrživahmo	101
poddrživahu	101
poddrživaj	101
poddrživaje	101
poddrživajema	101
poddrživajemo	101
poddrživajemy	101
poddrživajete	101
poddrživaješ	101
poddrživajmo	101
poddrživajte	101
poddrživaju	101
poddrživajut	101
poddrživajuča	101
poddrživajuče	101
poddrživajuči	101
poddržival	101
poddrživala	101
poddrživali	101
poddrživalo	101
poddrživam	101
poddrživama	101
poddrživamo	101
poddrživamy	101
poddrživana	101
poddrživano	101
poddrživany	101
poddrživaste	101
poddrživate	101
poddrživavša	101
poddrživavše	101
poddrživavši	101
poddrživaš	101
poddrživaše	101
věrozakona	101
věrozakonah	101
věrozakonam	101
věrozakonami	101
věrozakone	101
věrozakonom	101
věrozakonov	101
věrozakonu	101
věrozakony	101
arheologija	101
dojehati	101
akademika	101
akademikah	101
akademikam	101
akademikami	101
akademiki	101
akademikom	101
akademikov	101
akademiku	101
akademiče	101
realizacij	101
realizacijah	101
realizacijam	101
realizacijami	101
realizacije	101
realizacijeju	101
realizaciji	101
realizacijo	101
realizaciju	101
tvorčja	101
tvorčje	101
tvorčjego	101
tvorčjej	101
tvorčjeje	101
tvorčjeju	101
tvorčjejši	101
tvorčjem	101
tvorčjemu	101
tvorčjih	101
tvorčjim	101
tvorčjimi	101
tvorčju	101
azota	101
azote	101
azotom	101
azotu	101
bankrotstvo	101
režiserka	101
rukovati	101
prěduprědženij	101
prěduprědženja	101
prěduprědženjah	101
prěduprědženjam	101
prěduprědženjami	101
prěduprědženjem	101
prěduprědženju	101
likvidacija	101
opozdnjenje	101
podstupiti	101
prosak	101
strělky	101
kazniti	101
rabotničstvo	101
strělkě	101
segmenta	101
segmentah	101
segmentam	101
segmentami	101
segmente	101
segmentom	101
segmentov	101
segmentu	101
segmenty	101
čestot	101
čestotah	101
čestotam	101
čestotami	101
čestoto	101
čestotoju	101
čestotu	101
čestoty	101
čestotě	101
Kopenhagen	101
ion	101
prazdničny	101
rezjume	101
gramatik	101
gramatikah	101
gramatikam	101
gramatikami	101
gramatiko	101
gramatikoju	101
gramatiku	101
gramatiky	101
gramatikě	101
objavet	101
objaveča	101
objaveče	101
objaveči	101
objavi	101
objavih	101
objavihmo	101
objavihu	101
objavil	101
objavila	101
objavili	101
objavilo	101
objavim	101
objavima	101
objavimo	101
objavimy	101
objaviste	101
objavite	101
objavivša	101
objavivše	101
objavivši	101
objaviš	101
objaviše	101
objavjena	101
objavjenje	101
objavjeno	101
objavjeny	101
objavju	101
postupahmo	101
postupahu	101
postupaj	101
postupaje	101
postupajema	101
postupajemo	101
postupajemy	101
postupajete	101
postupaješ	101
postupajmo	101
postupajte	101
postupaju	101
postupajut	101
postupajuča	101
postupajuče	101
postupajuči	101
postupal	101
postupala	101
postupali	101
postupalo	101
postupama	101
postupamo	101
postupamy	101
postupana	101
postupano	101
postupany	101
postupaste	101
postupate	101
postupavša	101
postupavše	101
postupavši	101
postupaš	101
postupaše	101
sovětnika	101
sovětnikah	101
sovětnikam	101
sovětnikami	101
sovětniki	101
sovětnikom	101
sovětnikov	101
sovětniku	101
sovětniče	101
kategorično	101
ljubovnik	101
pokajanje	101
uličny	101
paliv	101
paliva	101
palivah	101
palivam	101
palivami	101
palivom	101
palivu	101
posylkah	101
posylkam	101
posylkami	101
posylko	101
posylkoju	101
posylku	101
posylky	101
posylkě	101
posylok	101
delfin	101
dosadny	101
prědviděti	101
pohodkah	101
pohodkam	101
pohodkami	101
pohodko	101
pohodkoju	101
pohodku	101
pohodky	101
pohodkě	101
pohodok	101
ravnovag	101
ravnovagah	101
ravnovagam	101
ravnovagami	101
ravnovago	101
ravnovagoju	101
ravnovagu	101
ravnovagy	101
ravnovagě	101
ravnověsij	101
ravnověsja	101
ravnověsjah	101
ravnověsjam	101
ravnověsjami	101
ravnověsjem	101
ravnověsju	101
služebna	101
služebne	101
služebni	101
služebnogo	101
služebnoj	101
služebnoju	101
služebnom	101
služebnomu	101
služebnu	101
služebnyh	101
služebnym	101
služebnymi	101
služebněje	101
služebnějši	101
žedž	101
žedžah	101
žedžam	101
žedžami	101
žedžo	101
žedžoju	101
žedžu	101
žedžy	101
žedžě	101
Koran	101
iztegati	101
mlo	101
nacističny	101
opublikovati	101
vinovaty	101
zaviděti	101
obrne	101
obrnem	101
obrnema	101
obrnemo	101
obrnemy	101
obrnete	101
obrneš	101
obrni	101
obrnimo	101
obrnite	101
obrnu	101
obrnuh	101
obrnuhmo	101
obrnuhu	101
obrnul	101
obrnula	101
obrnuli	101
obrnulo	101
obrnuste	101
obrnut	101
obrnuta	101
obrnutje	101
obrnuto	101
obrnuty	101
obrnuvša	101
obrnuvše	101
obrnuvši	101
obrnuča	101
obrnuče	101
obrnuči	101
obrnuše	101
terorista	101
teroristah	101
teroristam	101
teroristami	101
teroriste	101
teroristi	101
teroristom	101
teroristov	101
teroristu	101
inaka	101
inake	101
inaki	101
inakogo	101
inakoj	101
inakoju	101
inakom	101
inakomu	101
inaku	101
inakyh	101
inakym	101
inakymi	101
inačeje	101
inačějši	101
sje	101
sjed	101
sjedeh	101
sjedehmo	101
sjedehu	101
sjedena	101
sjedenje	101
sjedeno	101
sjedeny	101
sjedeste	101
sjedeše	101
sjedl	101
sjedla	101
sjedli	101
sjedlo	101
sjedmo	101
sjedoma	101
sjedomo	101
sjedomy	101
sjedte	101
sjedut	101
sjeduča	101
sjeduče	101
sjeduči	101
sjedša	101
sjedše	101
sjedši	101
sjemo	101
sjete	101
sješ	101
sposobna	101
sposobne	101
sposobni	101
sposobno	101
sposobnogo	101
sposobnoj	101
sposobnoju	101
sposobnom	101
sposobnomu	101
sposobnu	101
sposobnyh	101
sposobnym	101
sposobnymi	101
sposobněje	101
sposobnějši	101
voobraženje	101
zaplat	101
zaplatah	101
zaplatam	101
zaplatami	101
zaplato	101
zaplatoju	101
zaplatu	101
zaplaty	101
zaplatě	101
daljša	101
daljše	101
daljšego	101
daljšej	101
daljšeje	101
daljšeju	101
daljšejši	101
daljšem	101
daljšemu	101
daljših	101
daljšim	101
daljšimi	101
daljšu	101
kriterija	101
kriterijah	101
kriterijam	101
kriterijami	101
kriterije	101
kriterijem	101
kriterijev	101
kriteriju	101
javiti	101
nakydati	101
narodobijstvo	101
obrata	101
obratah	101
obratam	101
obratami	101
obrate	101
obratom	101
obratov	101
obratu	101
obraty	101
košarek	101
košarkah	101
košarkam	101
košarkami	101
košarko	101
košarkoju	101
košarku	101
košarky	101
košarkě	101
svatbene	101
svatbeno	101
svatbenogo	101
svatbenoj	101
svatbenoju	101
svatbenom	101
svatbenomu	101
svatbenu	101
svatbenyh	101
svatbenym	101
svatbenymi	101
svatbeněje	101
svatbenějši	101
črvjak	101
širiti	101
babic	101
babicah	101
babicam	101
babicami	101
babice	101
babiceju	101
babici	101
babico	101
babicu	101
igl	101
iglah	101
iglam	101
iglami	101
iglo	101
igloju	101
iglu	101
igly	101
iglě	101
komentatora	101
komentatorah	101
komentatoram	101
komentatorami	101
komentatore	101
komentatori	101
komentatorom	101
komentatorov	101
komentatoru	101
poldnja	101
poldnjah	101
poldnjam	101
poldnjami	101
poldnje	101
poldnjem	101
poldnjev	101
poldnju	101
sovladne	101
sovladnem	101
sovladnema	101
sovladnemo	101
sovladnemy	101
sovladnete	101
sovladneš	101
sovladni	101
sovladnimo	101
sovladnite	101
sovladnu	101
sovladnuh	101
sovladnuhmo	101
sovladnuhu	101
sovladnul	101
sovladnula	101
sovladnuli	101
sovladnulo	101
sovladnuste	101
sovladnut	101
sovladnuta	101
sovladnutje	101
sovladnuto	101
sovladnuty	101
sovladnuvša	101
sovladnuvše	101
sovladnuvši	101
sovladnuča	101
sovladnuče	101
sovladnuči	101
sovladnuše	101
izkušenost	101
mašinaljno	101
udivjenje	101
unemožniti	101
apostola	101
apostolah	101
apostolam	101
apostolami	101
apostole	101
apostoli	101
apostolom	101
apostolu	101
odobrjeny	101
stvoret	101
stvoreča	101
stvoreče	101
stvoreči	101
stvori	101
stvorih	101
stvorihmo	101
stvorihu	101
stvoril	101
stvorila	101
stvorili	101
stvorilo	101
stvorim	101
stvorima	101
stvorimo	101
stvorimy	101
stvoriste	101
stvorite	101
stvorivša	101
stvorivše	101
stvorivši	101
stvoriš	101
stvoriše	101
stvorjena	101
stvorjeno	101
stvorjeny	101
stvorju	101
ubijstv	101
ubijstva	101
ubijstvah	101
ubijstvam	101
ubijstvami	101
ubijstvom	101
ubijstvu	101
feniksa	101
feniksah	101
feniksam	101
feniksami	101
fenikse	101
feniksi	101
feniksom	101
feniksov	101
feniksu	101
gledišč	101
gledišča	101
glediščah	101
glediščam	101
glediščami	101
glediščem	101
gledišču	101
okupacij	101
okupacijah	101
okupacijam	101
okupacijami	101
okupacije	101
okupacijeju	101
okupaciji	101
okupacijo	101
okupaciju	101
doseženy	101
geolog	101
klik	101
nastojati	101
privyčaj	101
prědigra	101
sovrěmennik	101
spuščati	101
upravjati	101
cěljny	101
internat	101
slušatelj	101
zločinjstvo	101
procenta	101
procentah	101
procentam	101
procentami	101
procente	101
procentom	101
procentov	101
procentu	101
procenty	101
banknota	101
izrabotati	101
mimohodeči	101
privezti	101
skripač	101
svetočny	101
zagraničny	101
kozla	101
kozlah	101
kozlam	101
kozlami	101
kozle	101
kozli	101
kozlom	101
kozlov	101
kozlu	101
odmetenij	101
odmetenja	101
odmetenjah	101
odmetenjam	101
odmetenjami	101
odmetenjem	101
odmetenju	101
orěha	101
orěhah	101
orěham	101
orěhami	101
orěhom	101
orěhov	101
orěhu	101
orěhy	101
orěše	101
pocěluvkah	101
pocěluvkam	101
pocěluvkami	101
pocěluvko	101
pocěluvkoju	101
pocěluvku	101
pocěluvky	101
pocěluvkě	101
pocěluvok	101
oslabjenje	101
prazdnina	101
protivnost	101
razsmotriti	101
šafa	101
lovitv	101
lovitvah	101
lovitvam	101
lovitvami	101
lovitvo	101
lovitvoju	101
lovitvu	101
lovitvy	101
lovitvě	101
zaljubjena	101
zaljubjene	101
zaljubjeni	101
zaljubjeno	101
zaljubjenogo	101
zaljubjenoj	101
zaljubjenoju	101
zaljubjenom	101
zaljubjenomu	101
zaljubjenu	101
zaljubjenyh	101
zaljubjenym	101
zaljubjenymi	101
zaljubjeněje	101
zaljubjenějši	101
domněvati	101
odvět	101
považanje	101
zamedljenje	101
vnese	101
vneseh	101
vnesehmo	101
vnesehu	101
vnesem	101
vnesemo	101
vnesena	101
vnesenje	101
vneseno	101
vneseny	101
vneseste	101
vnesete	101
vneseš	101
vneseše	101
vnesi	101
vnesimo	101
vnesite	101
vnesl	101
vnesla	101
vnesli	101
vneslo	101
vnesoma	101
vnesomo	101
vnesomy	101
vnesu	101
vnesut	101
vnesuča	101
vnesuče	101
vnesuči	101
vnesša	101
vnesše	101
vnesši	101
bavolno	101
bavolnoju	101
bavolnu	101
bavolny	101
bavolně	101
gonca	101
goncah	101
goncam	101
goncami	101
goncem	101
goncev	101
gonci	101
goncu	101
gonče	101
izb	101
izbah	101
izbam	101
izbami	101
izbo	101
izboju	101
izbu	101
izby	101
izbě	101
jezdet	101
jezdeča	101
jezdeče	101
jezdeči	101
jezdi	101
jezdih	101
jezdihmo	101
jezdihu	101
jezdil	101
jezdila	101
jezdili	101
jezdilo	101
jezdim	101
jezdima	101
jezdimo	101
jezdimy	101
jezdiste	101
jezdite	101
jezdivša	101
jezdivše	101
jezdivši	101
jezdiš	101
jezdiše	101
ježdžena	101
ježdženje	101
ježdženo	101
ježdženy	101
ježdžu	101
slaba	101
slabe	101
slabi	101
slabogo	101
slaboj	101
slaboju	101
slabom	101
slabomu	101
slabu	101
slabyh	101
slabym	101
slabymi	101
slaběje	101
slabějši	101
strěh	101
strěhah	101
strěham	101
strěhami	101
strěho	101
strěhoju	101
strěhu	101
strěhy	101
strěhě	101
vuzka	101
vuzke	101
vuzki	101
vuzko	101
vuzkogo	101
vuzkoj	101
vuzkoju	101
vuzkom	101
vuzkomu	101
vuzku	101
vuzkyh	101
vuzkym	101
vuzkymi	101
vuzši	101
vuže	101
zadavati	101
zastaviti	101
energetična	100
energetične	100
energetični	100
energetično	100
energetičnogo	100
energetičnoj	100
energetičnoju	100
energetičnom	100
energetičnomu	100
energetičnu	100
energetičnyh	100
energetičnym	100
energetičnymi	100
energetičněje	100
energetičnějši	100
bjurokracija	100
pikirovanje	100
prěgledka	100
ukaz	100
vrba	100
trva	100
trvah	100
trvahmo	100
trvahu	100
trvaj	100
trvaje	100
trvajema	100
trvajemo	100
trvajemy	100
trvajete	100
trvaješ	100
trvajmo	100
trvajte	100
trvaju	100
trvajut	100
trvajuča	100
trvajuče	100
trvajuči	100
trval	100
trvala	100
trvali	100
trvalo	100
trvam	100
trvama	100
trvamo	100
trvamy	100
trvana	100
trvano	100
trvany	100
trvaste	100
trvate	100
trvavša	100
trvavše	100
trvavši	100
trvaš	100
trvaše	100
matersky	100
organ	100
značimy	100
avstralijska	100
avstralijske	100
avstralijski	100
avstralijsko	100
avstralijskogo	100
avstralijskoj	100
avstralijskoju	100
avstralijskom	100
avstralijskomu	100
avstralijsku	100
avstralijskyh	100
avstralijskym	100
avstralijskymi	100
jelito	100
pribor	100
protivnik	100
vodka	100
soobčenij	100
soobčenja	100
soobčenjah	100
soobčenjam	100
soobčenjami	100
soobčenjem	100
soobčenju	100
brošura	100
putovati	100
magistra	100
magistrah	100
magistram	100
magistrami	100
magistre	100
magistri	100
magistrom	100
magistrov	100
magistru	100
matematična	100
matematične	100
matematični	100
matematično	100
matematičnogo	100
matematičnoj	100
matematičnoju	100
matematičnom	100
matematičnomu	100
matematičnu	100
matematičnyh	100
matematičnym	100
matematičnymi	100
matematičněje	100
matematičnějši	100
olimpijska	100
olimpijski	100
olimpijsko	100
olimpijskogo	100
olimpijskoj	100
olimpijskoju	100
olimpijskom	100
olimpijskomu	100
olimpijsku	100
olimpijskyh	100
olimpijskym	100
olimpijskymi	100
trojek	100
trojkah	100
trojkam	100
trojkami	100
trojkoju	100
trojku	100
trojky	100
trojkě	100
vstava	100
vstavah	100
vstavahmo	100
vstavahu	100
vstavaj	100
vstavaje	100
vstavajema	100
vstavajemo	100
vstavajemy	100
vstavajete	100
vstavaješ	100
vstavajmo	100
vstavajte	100
vstavaju	100
vstavajut	100
vstavajuča	100
vstavajuče	100
vstavajuči	100
vstaval	100
vstavala	100
vstavali	100
vstavalo	100
vstavam	100
vstavama	100
vstavamo	100
vstavamy	100
vstavana	100
vstavanje	100
vstavano	100
vstavany	100
vstavaste	100
vstavate	100
vstavavša	100
vstavavše	100
vstavavši	100
vstavaš	100
vstavaše	100
dominacija	100
invalidsky	100
obman	100
programista	100
programistah	100
programistam	100
programistami	100
programiste	100
programisti	100
programistom	100
programistov	100
programistu	100
sjedinjenij	100
sjedinjenja	100
sjedinjenjah	100
sjedinjenjam	100
sjedinjenjami	100
sjedinjenjem	100
sjedinjenju	100
vola	100
volah	100
volam	100
volami	100
vole	100
voli	100
volom	100
volov	100
volu	100
arsenala	100
arsenalah	100
arsenalam	100
arsenalami	100
arsenale	100
arsenalom	100
arsenalov	100
arsenalu	100
arsenaly	100
egiptska	100
egiptske	100
egiptski	100
egiptsko	100
egiptskogo	100
egiptskoj	100
egiptskoju	100
egiptskom	100
egiptskomu	100
egiptsku	100
egiptskyh	100
egiptskym	100
egiptskymi	100
roja	100
rojah	100
rojam	100
rojami	100
roje	100
rojem	100
rojev	100
roju	100
rekonstrukcij	100
rekonstrukcijah	100
rekonstrukcijam	100
rekonstrukcijami	100
rekonstrukcije	100
rekonstrukcijeju	100
rekonstrukciji	100
rekonstrukcijo	100
rekonstrukciju	100
antologija	100
izravniti	100
klasik	100
nepraviljny	100
odbiti	100
prědstaviteljstvo	100
prěpraviti	100
raztvora	100
raztvorah	100
raztvoram	100
raztvorami	100
raztvore	100
raztvorom	100
raztvorov	100
raztvoru	100
raztvory	100
Srb	100
poddany	100
grupova	100
grupove	100
grupovi	100
grupovo	100
grupovogo	100
grupovoj	100
grupovoju	100
grupovom	100
grupovomu	100
grupovu	100
grupovyh	100
grupovym	100
grupovymi	100
grupověje	100
grupovějši	100
oblačenij	100
oblačenja	100
oblačenjah	100
oblačenjam	100
oblačenjami	100
oblačenjem	100
oblačenju	100
palet	100
paleča	100
paleče	100
paleči	100
pali	100
palih	100
palihmo	100
palihu	100
palil	100
palila	100
palili	100
palilo	100
palim	100
palima	100
palimo	100
palimy	100
paliste	100
palite	100
palivša	100
palivše	100
palivši	100
pališ	100
pališe	100
paljena	100
paljenje	100
paljeno	100
paljeny	100
palju	100
věčna	100
věčne	100
věčni	100
věčnogo	100
věčnoj	100
věčnoju	100
věčnom	100
věčnomu	100
věčnu	100
věčnyh	100
věčnym	100
věčnymi	100
věčněje	100
věčnějši	100
proba	100
renesansa	100
stoličny	100
kobr	100
kobrah	100
kobram	100
kobrami	100
kobro	100
kobroju	100
kobru	100
kobry	100
kobrě	100
njuha	100
njuhah	100
njuham	100
njuhami	100
njuhom	100
njuhov	100
njuhu	100
njuhy	100
njuše	100
odstranet	100
odstraneča	100
odstraneče	100
odstraneči	100
odstrani	100
odstranih	100
odstranihmo	100
odstranihu	100
odstranil	100
odstranila	100
odstranili	100
odstranilo	100
odstranim	100
odstranima	100
odstranimo	100
odstranimy	100
odstraniste	100
odstranite	100
odstranivša	100
odstranivše	100
odstranivši	100
odstraniš	100
odstraniše	100
odstranjena	100
odstranjenje	100
odstranjeno	100
odstranjeny	100
odstranju	100
ven	100
venah	100
venam	100
venami	100
veno	100
venoju	100
venu	100
veny	100
veně	100
ulja	100
pojedinka	100
pojedinkah	100
pojedinkam	100
pojedinkami	100
pojedinkom	100
pojedinkov	100
pojedinku	100
pojedinky	100
pojedinče	100
popoludnij	100
popoludnja	100
popoludnjah	100
popoludnjam	100
popoludnjami	100
popoludnjem	100
popoludnju	100
směšna	100
směšne	100
směšni	100
směšno	100
směšnogo	100
směšnoj	100
směšnoju	100
směšnom	100
směšnomu	100
směšnu	100
směšnyh	100
směšnym	100
směšnymi	100
směšněje	100
směšnějši	100
fonta	100
fontah	100
fontam	100
fontami	100
fonte	100
fontom	100
fontov	100
fontu	100
fonty	100
izměnjati	100
naběg	100
obyvatelj	100
fars	100
farsah	100
farsam	100
farsami	100
farso	100
farsoju	100
farsu	100
farsy	100
farsě	100
pogreba	100
pogrebah	100
pogrebam	100
pogrebami	100
pogrebe	100
pogrebom	100
pogrebov	100
pogrebu	100
pogreby	100
razmaha	100
razmahah	100
razmaham	100
razmahami	100
razmahom	100
razmahov	100
razmahu	100
razmahy	100
razmaše	100
nedostatočny	100
posědatelj	100
těsny	100
žebrak	100
sprotivjenij	100
sprotivjenja	100
sprotivjenjah	100
sprotivjenjam	100
sprotivjenjami	100
sprotivjenjem	100
sprotivjenju	100
učeni	100
učenogo	100
učenom	100
učenomu	100
učenyh	100
učenym	100
učenymi	100
cigaretoju	100
dymiti	100
herojsky	100
kat	100
mudrec	100
smenšati	100
putujučego	100
putujučem	100
putujučemu	100
putujučih	100
putujučim	100
putujučimi	100
spadahmo	100
spadahu	100
spadaj	100
spadaje	100
spadajema	100
spadajemo	100
spadajemy	100
spadajete	100
spadaješ	100
spadajmo	100
spadajte	100
spadaju	100
spadajut	100
spadajuča	100
spadajuče	100
spadajuči	100
spadal	100
spadala	100
spadali	100
spadalo	100
spadama	100
spadamo	100
spadamy	100
spadana	100
spadanje	100
spadano	100
spadany	100
spadaste	100
spadate	100
spadavša	100
spadavše	100
spadavši	100
spadaš	100
spadaše	100
Stokholm	100
analogija	100
humanizm	100
tir	100
bataliona	100
batalionah	100
batalionam	100
batalionami	100
batalione	100
batalionom	100
batalionov	100
batalionu	100
bataliony	100
kokaina	100
kokaine	100
kokainom	100
kokainu	100
obrabota	100
obrabotah	100
obrabotahmo	100
obrabotahu	100
obrabotaj	100
obrabotaje	100
obrabotajema	100
obrabotajemo	100
obrabotajemy	100
obrabotajete	100
obrabotaješ	100
obrabotajmo	100
obrabotajte	100
obrabotaju	100
obrabotajut	100
obrabotajuča	100
obrabotajuče	100
obrabotajuči	100
obrabotal	100
obrabotala	100
obrabotali	100
obrabotalo	100
obrabotam	100
obrabotama	100
obrabotamo	100
obrabotamy	100
obrabotana	100
obrabotanje	100
obrabotano	100
obrabotany	100
obrabotaste	100
obrabotate	100
obrabotavša	100
obrabotavše	100
obrabotavši	100
obrabotaš	100
obrabotaše	100
jednakovy	100
razryv	100
dirigenta	100
dirigentah	100
dirigentam	100
dirigentami	100
dirigente	100
dirigenti	100
dirigentom	100
dirigentov	100
dirigentu	100
blagotvorny	100
izsluša	100
izslušah	100
izslušahmo	100
izslušahu	100
izslušaj	100
izslušaje	100
izslušajema	100
izslušajemo	100
izslušajemy	100
izslušajete	100
izslušaješ	100
izslušajmo	100
izslušajte	100
izslušaju	100
izslušajut	100
izslušajuča	100
izslušajuče	100
izslušajuči	100
izslušal	100
izslušala	100
izslušali	100
izslušalo	100
izslušam	100
izslušama	100
izslušamo	100
izslušamy	100
izslušana	100
izslušano	100
izslušany	100
izslušaste	100
izslušate	100
izslušavša	100
izslušavše	100
izslušavši	100
izslušaš	100
izslušaše	100
blagodarnosti	100
blagodarnostju	100
shovah	100
shovahmo	100
shovahu	100
shovaj	100
shovaje	100
shovajem	100
shovajema	100
shovajemo	100
shovajemy	100
shovajete	100
shovaješ	100
shovajmo	100
shovajte	100
shovaju	100
shovajut	100
shovajuča	100
shovajuče	100
shovajuči	100
shoval	100
shovala	100
shovali	100
shovalo	100
shovana	100
shovanje	100
shovano	100
shovany	100
shovaste	100
shovavša	100
shovavše	100
shovavši	100
shovaše	100
vranah	100
vranam	100
vranami	100
vrano	100
vranoju	100
vranu	100
vrany	100
vraně	100
šuma	100
šumah	100
šumam	100
šumami	100
šume	100
šumom	100
šumov	100
šumu	100
šumy	100
domovina	100
lěkarek	100
lěkarkah	100
lěkarkam	100
lěkarkami	100
lěkarko	100
lěkarkoju	100
lěkarku	100
lěkarky	100
lěkarkě	100
bogatši	100
diamant	100
poryv	100
sezonny	100
violina	100
zadovoljeny	100
biologična	100
biologične	100
biologični	100
biologično	100
biologičnogo	100
biologičnoj	100
biologičnoju	100
biologičnom	100
biologičnomu	100
biologičnu	100
biologičnyh	100
biologičnym	100
biologičnymi	100
biologičněje	100
biologičnějši	100
nabude	100
nabudem	100
nabudemo	100
nabudete	100
nabudeš	100
nabudi	100
nabudimo	100
nabudite	100
nabudoma	100
nabudomo	100
nabudomy	100
nabudu	100
nabudut	100
nabuduča	100
nabuduče	100
nabuduči	100
nabyh	100
nabyhmo	100
nabyhu	100
nabyl	100
nabyla	100
nabyli	100
nabylo	100
nabyste	100
nabyta	100
nabytje	100
nabyto	100
nabyty	100
nabyvša	100
nabyvše	100
nabyvši	100
nabyše	100
koristny	100
odpadky	100
prědskazanje	100
udiviteljno	100
zavračati	100
zašijka	100
pozyva	100
pozyvah	100
pozyvahmo	100
pozyvahu	100
pozyvaj	100
pozyvaje	100
pozyvajema	100
pozyvajemo	100
pozyvajemy	100
pozyvajete	100
pozyvaješ	100
pozyvajmo	100
pozyvajte	100
pozyvaju	100
pozyvajut	100
pozyvajuča	100
pozyvajuče	100
pozyvajuči	100
pozyval	100
pozyvala	100
pozyvali	100
pozyvalo	100
pozyvam	100
pozyvama	100
pozyvamo	100
pozyvamy	100
pozyvana	100
pozyvanje	100
pozyvano	100
pozyvany	100
pozyvaste	100
pozyvate	100
pozyvavša	100
pozyvavše	100
pozyvavši	100
pozyvaš	100
pozyvaše	100
sod	100
sodah	100
sodam	100
sodami	100
sodo	100
sodoju	100
sodu	100
sody	100
sodě	100
hudožno	100
pripomnet	100
pripomneča	100
pripomneče	100
pripomneči	100
pripomni	100
pripomnim	100
pripomnima	100
pripomnimo	100
pripomnimy	100
pripomnite	100
pripomniš	100
pripomnju	100
pripomněh	100
pripomněhmo	100
pripomněhu	100
pripomněl	100
pripomněla	100
pripomněli	100
pripomnělo	100
pripomněna	100
pripomněnje	100
pripomněno	100
pripomněny	100
pripomněste	100
pripomněvša	100
pripomněvše	100
pripomněvši	100
pripomněše	100
prědpisa	100
prědpisah	100
prědpisam	100
prědpisami	100
prědpise	100
prědpisom	100
prědpisov	100
prědpisu	100
prědpisy	100
dobropogledny	100
srědnjevěčje	100
čeličny	100
metafora	100
metaforah	100
metaforam	100
metaforami	100
metafore	100
metaforom	100
metaforov	100
metaforu	100
metafory	100
novino	100
novinoju	100
novinu	100
novině	100
zaviset	100
zaviseča	100
zaviseče	100
zaviseči	100
zavisi	100
zavisim	100
zavisima	100
zavisimo	100
zavisimy	100
zavisite	100
zavisiš	100
zavisěh	100
zavisěhmo	100
zavisěhu	100
zavisěl	100
zavisěla	100
zavisěli	100
zavisělo	100
zavisěna	100
zavisěnje	100
zavisěno	100
zavisěny	100
zavisěste	100
zavisěvša	100
zavisěvše	100
zavisěvši	100
zavisěše	100
zavišu	100
kolokrěslo	100
minulosti	100
minulostju	100
neoficialjny	100
norvežska	100
norvežske	100
norvežski	100
norvežsko	100
norvežskogo	100
norvežskoj	100
norvežskoju	100
norvežskom	100
norvežskomu	100
norvežsku	100
norvežskyh	100
norvežskym	100
norvežskymi	100
oběda	100
obědah	100
obědam	100
obědami	100
oběde	100
obědom	100
obědov	100
obědu	100
obědy	100
perla	100
poddanje	100
transplantacija	100
ustrojstvo	100
vozstanij	100
vozstanja	100
vozstanjah	100
vozstanjam	100
vozstanjami	100
vozstanjem	100
vozstanju	100
vključenja	100
vključenjem	100
vključenju	100
gosteprijemstvo	100
proganjanje	100
prěškoda	100
navědža	100
navědžah	100
navědžahmo	100
navědžahu	100
navědžaj	100
navědžaje	100
navědžajema	100
navědžajemo	100
navědžajemy	100
navědžajete	100
navědžaješ	100
navědžajmo	100
navědžajte	100
navědžaju	100
navědžajut	100
navědžajuča	100
navědžajuče	100
navědžajuči	100
navědžal	100
navědžala	100
navědžali	100
navědžalo	100
navědžam	100
navědžama	100
navědžamo	100
navědžamy	100
navědžana	100
navědžanje	100
navědžano	100
navědžany	100
navědžaste	100
navědžate	100
navědžavša	100
navědžavše	100
navědžavši	100
navědžaš	100
navědžaše	100
orudij	100
orudja	100
orudjah	100
orudjam	100
orudjami	100
orudjem	100
orudju	100
prědpokladahmo	100
prědpokladahu	100
prědpokladaj	100
prědpokladaje	100
prědpokladajema	100
prědpokladajemo	100
prědpokladajemy	100
prědpokladajete	100
prědpokladaješ	100
prědpokladajmo	100
prědpokladajte	100
prědpokladaju	100
prědpokladajut	100
prědpokladajuča	100
prědpokladajuče	100
prědpokladajuči	100
prědpokladal	100
prědpokladala	100
prědpokladali	100
prědpokladalo	100
prědpokladama	100
prědpokladamo	100
prědpokladamy	100
prědpokladana	100
prědpokladanje	100
prědpokladano	100
prědpokladany	100
prědpokladaste	100
prědpokladate	100
prědpokladavša	100
prědpokladavše	100
prědpokladavši	100
prědpokladaš	100
prědpokladaše	100
prědpolaga	100
prědpolagah	100
prědpolagahmo	100
prědpolagahu	100
prědpolagaj	100
prědpolagaje	100
prědpolagajema	100
prědpolagajemo	100
prědpolagajemy	100
prědpolagajete	100
prědpolagaješ	100
prědpolagajmo	100
prědpolagajte	100
prědpolagaju	100
prědpolagajut	100
prědpolagajuča	100
prědpolagajuče	100
prědpolagajuči	100
prědpolagal	100
prědpolagala	100
prědpolagali	100
prědpolagalo	100
prědpolagam	100
prědpolagama	100
prědpolagamo	100
prědpolagamy	100
prědpolagana	100
prědpolaganje	100
prědpolagano	100
prědpolagany	100
prědpolagaste	100
prědpolagate	100
prědpolagavša	100
prědpolagavše	100
prědpolagavši	100
prědpolagaš	100
prědpolagaše	100
založenij	100
založenja	100
založenjah	100
založenjam	100
založenjami	100
založenjem	100
založenju	100
astronomičny	100
avangarda	100
dverna	100
medovy	100
obdivjati	100
prěstupny	100
ručka	100
upyr	100
zarabotyvati	100
mlyna	100
mlynah	100
mlynam	100
mlynami	100
mlyne	100
mlynom	100
mlynov	100
mlynu	100
mlyny	100
nogavic	100
nogavicah	100
nogavicam	100
nogavicami	100
mlat	100
podvrgnuti	100
pohyčenje	100
sbože	100
tetka	100
unikaljny	100
bytja	100
bytjem	100
bytju	100
iniciativ	100
iniciativah	100
iniciativam	100
iniciativami	100
iniciativo	100
iniciativoju	100
iniciativu	100
iniciativy	100
iniciativě	100
arkah	100
arkam	100
arkami	100
arko	100
arkoju	100
arku	100
arky	100
arkě	100
arok	100
dodava	100
dodavah	100
dodavahmo	100
dodavahu	100
dodavaj	100
dodavaje	100
dodavajema	100
dodavajemo	100
dodavajemy	100
dodavajete	100
dodavaješ	100
dodavajmo	100
dodavajte	100
dodavaju	100
dodavajut	100
dodavajuča	100
dodavajuče	100
dodavajuči	100
dodaval	100
dodavala	100
dodavali	100
dodavalo	100
dodavam	100
dodavama	100
dodavamo	100
dodavamy	100
dodavana	100
dodavanje	100
dodavano	100
dodavany	100
dodavaste	100
dodavate	100
dodavavša	100
dodavavše	100
dodavavši	100
dodavaš	100
dodavaše	100
prěporuk	100
prěporukah	100
prěporukam	100
prěporukami	100
prěporuko	100
prěporukoju	100
prěporuku	100
prěporuky	100
prěporukě	100
durnost	100
pytaljny	100
farb	100
farbah	100
farbam	100
farbami	100
farbo	100
farboju	100
farbu	100
farby	100
farbě	100
konvent	100
vinnik	100
pozdnějša	100
pozdnějše	100
pozdnějšego	100
pozdnějšej	100
pozdnějšeje	100
pozdnějšeju	100
pozdnějšejši	100
pozdnějšem	100
pozdnějšemu	100
pozdnějših	100
pozdnějšim	100
pozdnějšimi	100
pozdnějšu	100
statuta	100
statutah	100
statutam	100
statutami	100
statute	100
statutom	100
statutov	100
statutu	100
statuty	100
žilišč	100
žilišča	100
žiliščah	100
žiliščam	100
žiliščami	100
žiliščem	100
žilišču	100
Indijan	100
Indijanin	100
križišče	100
skračeny	100
tipka	100
izdatelja	100
izdateljah	100
izdateljam	100
izdateljami	100
izdateljem	100
izdateljev	100
izdatelji	100
izdatelju	100
točny	100
manifesta	100
manifestah	100
manifestam	100
manifestami	100
manifeste	100
manifestom	100
manifestov	100
manifestu	100
manifesty	100
skulptur	100
skulpturah	100
skulpturam	100
skulpturami	100
skulpturo	100
skulpturoju	100
skulpturu	100
skulptury	100
skulpturě	100
VSP	100
Vsesvětova	100
alternativny	100
istnovati	100
marihuana	100
nepovaga	100
odpočivati	100
pavučina	100
vata	100
zrělost	100
šija	100
šlem	100
geografij	100
geografijah	100
geografijam	100
geografijami	100
geografije	100
geografijeju	100
geografiji	100
geografijo	100
geografiju	100
hipotez	100
hipotezah	100
hipotezam	100
hipotezami	100
hipotezo	100
hipotezoju	100
hipotezu	100
hipotezy	100
hipotezě	100
hrvatska	100
hrvatske	100
hrvatski	100
hrvatsko	100
hrvatskogo	100
hrvatskoj	100
hrvatskoju	100
hrvatskom	100
hrvatskomu	100
hrvatsku	100
hrvatskyh	100
hrvatskym	100
hrvatskymi	100
kompozitora	100
kompozitorah	100
kompozitoram	100
kompozitorami	100
kompozitore	100
kompozitori	100
kompozitorom	100
kompozitorov	100
kompozitoru	100
odgovoret	100
odgovoreča	100
odgovoreče	100
odgovoreči	100
odgovori	100
odgovorih	100
odgovorihmo	100
odgovorihu	100
odgovoril	100
odgovorila	100
odgovorili	100
odgovorilo	100
odgovorim	100
odgovorima	100
odgovorimo	100
odgovorimy	100
odgovoriste	100
odgovorite	100
odgovorivša	100
odgovorivše	100
odgovorivši	100
odgovoriš	100
odgovoriše	100
odgovorjena	100
odgovorjenje	100
odgovorjeno	100
odgovorjeny	100
odgovorju	100
prěpona	100
funta	100
funtah	100
funtam	100
funtami	100
funte	100
funtom	100
funtov	100
funtu	100
funty	100
komponenta	100
komponentah	100
komponentam	100
komponentami	100
komponente	100
komponentom	100
komponentov	100
komponentu	100
komponenty	100
mebelja	100
mebeljah	100
mebeljam	100
mebeljami	100
mebelje	100
mebeljem	100
mebeljev	100
mebelju	100
trenovah	100
trenovahmo	100
trenovahu	100
trenoval	100
trenovala	100
trenovali	100
trenovalo	100
trenovana	100
trenovanje	100
trenovano	100
trenovany	100
trenovaste	100
trenovavša	100
trenovavše	100
trenovavši	100
trenovaše	100
trenuj	100
trenuje	100
trenujem	100
trenujema	100
trenujemo	100
trenujemy	100
trenujete	100
trenuješ	100
trenujmo	100
trenujte	100
trenuju	100
trenujut	100
trenujuča	100
trenujuče	100
trenujuči	100
dětetko	100
shraniti	100
stačiti	100
ulučšena	100
ulučšeno	100
ulučšeny	100
ulučšet	100
ulučšeča	100
ulučšeče	100
ulučšeči	100
ulučši	100
ulučših	100
ulučšihmo	100
ulučšihu	100
ulučšil	100
ulučšila	100
ulučšili	100
ulučšilo	100
ulučšim	100
ulučšima	100
ulučšimo	100
ulučšimy	100
ulučšiste	100
ulučšite	100
ulučšivša	100
ulučšivše	100
ulučšivši	100
ulučšiš	100
ulučšiše	100
ulučšu	100
električnosti	100
električnostju	100
indigo	100
kronika	100
mladoženih	100
naležati	100
obvinjati	100
osnovatelj	100
poprědnji	100
poprědny	100
rožek	100
veterinar	100
vpečatlivy	100
pepela	100
pepele	100
pepelom	100
pepelu	100
imitacija	100
navezati	100
blizneca	100
bliznecah	100
bliznecam	100
bliznecami	100
bliznecem	100
bliznecev	100
bliznecu	100
blizneče	100
geometrij	100
geometrijah	100
geometrijam	100
geometrijami	100
geometrije	100
geometrijeju	100
geometriji	100
geometrijo	100
geometriju	100
mniha	100
mnihah	100
mniham	100
mnihami	100
mnihi	100
mnihom	100
mnihov	100
mnihu	100
mniše	100
prědložena	100
prědloženo	100
prědloženy	100
prědložet	100
prědložeča	100
prědložeče	100
prědložeči	100
prědloži	100
prědložih	100
prědložihmo	100
prědložihu	100
prědložil	100
prědložila	100
prědložili	100
prědložilo	100
prědložim	100
prědložima	100
prědložimo	100
prědložimy	100
prědložiste	100
prědložite	100
prědloživša	100
prědloživše	100
prědloživši	100
prědložiš	100
prědložiše	100
prědložu	100
ulěpšenij	100
ulěpšenja	100
ulěpšenjah	100
ulěpšenjam	100
ulěpšenjami	100
ulěpšenjem	100
ulěpšenju	100
poni	100
prislovica	100
prislovje	100
vlivny	100
petin	100
petinah	100
petinam	100
petinami	100
petinoju	100
petinu	100
petiny	100
petině	100
satelita	100
satelitah	100
satelitam	100
satelitami	100
satelite	100
satelitom	100
satelitov	100
satelitu	100
satelity	100
atribut	100
korekcija	100
otčim	100
priměnjati	100
skakati	100
zadnja	100
dive	100
divi	100
divogo	100
divoj	100
divoju	100
divomu	100
divyh	100
divym	100
divymi	100
divěje	100
divějši	100
sekvencij	100
sekvencijah	100
sekvencijam	100
sekvencijami	100
sekvencije	100
sekvencijeju	100
sekvenciji	100
sekvencijo	100
sekvenciju	100
živopisca	100
živopiscah	100
živopiscam	100
živopiscami	100
živopiscem	100
živopiscev	100
živopisci	100
živopiscu	100
živopisče	100
nuditi	100
strajk	100
dostava	100
dostavah	100
dostavahmo	100
dostavahu	100
dostavaj	100
dostavaje	100
dostavajema	100
dostavajemo	100
dostavajemy	100
dostavajete	100
dostavaješ	100
dostavajmo	100
dostavajte	100
dostavaju	100
dostavajut	100
dostavajuča	100
dostavajuče	100
dostavajuči	100
dostaval	100
dostavala	100
dostavali	100
dostavalo	100
dostavam	100
dostavama	100
dostavamo	100
dostavamy	100
dostavana	100
dostavanje	100
dostavano	100
dostavany	100
dostavaste	100
dostavate	100
dostavavša	100
dostavavše	100
dostavavši	100
dostavaš	100
dostavaše	100
jedenja	100
jedenjem	100
jedenju	100
popravkah	100
popravkam	100
popravkami	100
popravko	100
popravkoju	100
popravku	100
popravky	100
popravkě	100
popravok	100
statuj	100
statujah	100
statujam	100
statujami	100
statuje	100
statujeju	100
statuji	100
statujo	100
statuju	100
zaležna	100
zaležne	100
zaležni	100
zaležnogo	100
zaležnoj	100
zaležnoju	100
zaležnom	100
zaležnomu	100
zaležnu	100
zaležnyh	100
zaležnym	100
zaležnymi	100
zaležněje	100
zaležnějši	100
izpověd	100
liturgija	100
podključiti	100
prilučiti	100
prisjediniti	100
restavracija	100
spokojstvo	100
tvorivo	100
ulučena	100
ulučenje	100
ulučeno	100
ulučeny	100
ulučet	100
ulučeča	100
ulučeče	100
ulučeči	100
uluči	100
ulučih	100
ulučihmo	100
ulučihu	100
ulučil	100
ulučila	100
ulučili	100
ulučilo	100
ulučim	100
ulučima	100
ulučimo	100
ulučimy	100
ulučiste	100
ulučite	100
ulučivša	100
ulučivše	100
ulučivši	100
ulučiš	100
ulučiše	100
uluču	100
pokrytij	100
pokrytja	100
pokrytjah	100
pokrytjam	100
pokrytjami	100
pokrytjem	100
pokrytju	100
slah	100
slahmo	100
slahu	100
slal	100
slala	100
slali	100
slalo	100
slana	100
slanje	100
slano	100
slany	100
slaste	100
slavša	100
slavše	100
slavši	100
slaše	100
slj	100
slje	100
sljem	100
sljema	100
sljemo	100
sljemy	100
sljete	100
slješ	100
sljmo	100
sljte	100
slju	100
sljut	100
sljuča	100
sljuče	100
sljuči	100
uslovje	100
izslušanij	100
izslušanja	100
izslušanjah	100
izslušanjam	100
izslušanjami	100
izslušanjem	100
izslušanju	100
sirijska	100
sirijske	100
sirijski	100
sirijsko	100
sirijskogo	100
sirijskoj	100
sirijskoju	100
sirijskom	100
sirijskomu	100
sirijsku	100
sirijskyh	100
sirijskym	100
sirijskymi	100
testamenta	100
testamentah	100
testamentam	100
testamentami	100
testamente	100
testamentom	100
testamentov	100
testamentu	100
testamenty	100
zakrye	100
zakryem	100
zakryema	100
zakryemo	100
zakryemy	100
zakryena	100
zakryenje	100
zakryeno	100
zakryeny	100
zakryete	100
zakryeš	100
zakryh	100
zakryhmo	100
zakryhu	100
zakryi	100
zakryimo	100
zakryite	100
zakryl	100
zakryla	100
zakryli	100
zakrylo	100
zakryste	100
zakryu	100
zakryut	100
zakryuča	100
zakryuče	100
zakryuči	100
zakryvša	100
zakryvše	100
zakryvši	100
zakryše	100
peč	100
stalost	100
krive	100
krivo	100
krivoj	100
krivoju	100
krivyh	100
krivym	100
krivymi	100
alibi	100
gluhy	100
inamo	100
odkladati	100
poprava	100
vladar	100
bronej	100
bronjah	100
bronjam	100
bronjami	100
bronje	100
bronjeju	100
bronji	100
bronjo	100
bronju	100
končin	100
končinah	100
končinam	100
končinami	100
končino	100
končinoju	100
končinu	100
končiny	100
končině	100
luča	100
lučah	100
lučam	100
lučami	100
lučem	100
lučev	100
luči	100
lučij	100
lučju	100
luču	100
teleskopa	100
teleskopah	100
teleskopam	100
teleskopami	100
teleskope	100
teleskopom	100
teleskopov	100
teleskopu	100
teleskopy	100
veze	100
vezeh	100
vezehmo	100
vezehu	100
vezem	100
vezemo	100
vezena	100
vezeno	100
vezeny	100
vezeste	100
vezete	100
vezeš	100
vezeše	100
vezi	100
vezimo	100
vezite	100
vezl	100
vezla	100
vezli	100
vezlo	100
vezoma	100
vezomo	100
vezomy	100
vezu	100
vezut	100
vezuča	100
vezuče	100
vezuči	100
vezša	100
vezše	100
vezši	100
egzistovati	100
krvotok	100
kompasa	100
kompasah	100
kompasam	100
kompasami	100
kompase	100
kompasom	100
kompasov	100
kompasu	100
kompasy	100
simulator	100
velosipedist	100
zvězdoznavstvo	100
globusa	100
globusah	100
globusam	100
globusami	100
globuse	100
globusom	100
globusov	100
globusu	100
globusy	100
peruna	100
perunah	100
perunam	100
perunami	100
perune	100
peruni	100
perunom	100
perunov	100
perunu	100
peruny	100
čekami	100
čekom	100
čekov	100
čeku	100
čeky	100
čeče	100
neudačny	100
sěme	100
zemjedělec	100
tipkovnica	99
klaviatura	96
klaviatury	91
tipkovnic	84
tipkovnicah	84
tipkovnicam	84
tipkovnicami	84
tipkovnice	84
tipkovniceju	84
tipkovnici	84
tipkovnico	84
tipkovnicu	84
klaviatur	81
klaviaturah	81
klaviaturam	81
klaviaturami	81
klaviaturo	81
klaviaturoju	81
klaviaturu	81
klaviaturě	81
jezykoznavstvo	69
jezykoznanje	68
jezykovědstvo	61
jezykoznavstva	59
jezykoznavstvom	59
jezykoznavstvu	59
jezykoznanja	58
jezykoznanjem	58
jezykoznanju	58
jezykoslovec	56
jezykoznavec	54
jezykovědstva	52
jezykovědstvom	52
jezykovědstvu	52
jezykověd	51
jezykotvorjenje	49
jezykotvorstvo	49
jezykoslovca	47
jezykoslovcah	47
jezykoslovcam	47
jezykoslovcami	47
jezykoslovcem	47
jezykoslovcev	47
jezykoslovci	47
jezykoslovcu	47
jezykoslovče	47
jezykoznavca	46
jezykoznavcah	46
jezykoznavcam	46
jezykoznavcami	46
jezykoznavcem	46
jezykoznavcev	46
jezykoznavci	46
jezykoznavcu	46
jezykoznavče	46
jezykověda	43
jezykovědah	43
jezykovědam	43
jezykovědami	43
jezykověde	43
jezykovědi	43
jezykovědom	43
jezykovědov	43
jezykovědu	43
jezykotvorjenja	41
jezykotvorjenjem	41
jezykotvorjenju	41
jezykotvorstva	41
jezykotvorstvom	41
jezykotvorstvu	41
jezykotvorec	39
jezykotvoritelj	39
jezykolomka	37
jezykotvorca	33
jezykotvorcah	33
jezykotvorcam	33
jezykotvorcami	33
jezykotvorcem	33
jezykotvorcev	33
jezykotvorci	33
jezykotvorcu	33
jezykotvoritelja	33
jezykotvoriteljah	33
jezykotvoriteljam	33
jezykotvoriteljami	33
jezykotvoriteljem	33
jezykotvoriteljev	33
jezykotvoritelji	33
jezykotvoritelju	33
jezykotvorče	33
jezykolomkah	32
jezykolomkam	32
jezykolomkami	32
jezykolomko	32
jezykolomkoju	32
jezykolomku	32
jezykolomky	32
jezykolomkě	32
jezykolomok	32
medžuslovjanska	26
medžuslovjanske	26
medžuslovjanski	26
medžuslovjansko	26
medžuslovjanskogo	26
medžuslovjanskoj	26
medžuslovjanskoju	26
medžuslovjanskom	26
medžuslovjanskomu	26
medžuslovjansku	26
medžuslovjansky	26
medžuslovjanskyh	26
medžuslovjanskym	26
medžuslovjanskymi	26
slovjanska	26
slovjanske	26
slovjanski	26
slovjansko	26
slovjanskogo	26
slovjanskoj	26
slovjanskoju	26
slovjanskom	26
slovjanskomu	26
slovjansku	26
slovjansky	26
slovjanskyh	26
slovjanskym	26
slovjanskymi	26
medžuslovjanjsky	1
